landmark_0_x,landmark_0_y,landmark_0_z,landmark_1_x,landmark_1_y,landmark_1_z,landmark_2_x,landmark_2_y,landmark_2_z,landmark_3_x,landmark_3_y,landmark_3_z,landmark_4_x,landmark_4_y,landmark_4_z,landmark_5_x,landmark_5_y,landmark_5_z,landmark_6_x,landmark_6_y,landmark_6_z,landmark_7_x,landmark_7_y,landmark_7_z,landmark_8_x,landmark_8_y,landmark_8_z,landmark_9_x,landmark_9_y,landmark_9_z,landmark_10_x,landmark_10_y,landmark_10_z,landmark_11_x,landmark_11_y,landmark_11_z,landmark_12_x,landmark_12_y,landmark_12_z,landmark_13_x,landmark_13_y,landmark_13_z,landmark_14_x,landmark_14_y,landmark_14_z,landmark_15_x,landmark_15_y,landmark_15_z,landmark_16_x,landmark_16_y,landmark_16_z,landmark_17_x,landmark_17_y,landmark_17_z,landmark_18_x,landmark_18_y,landmark_18_z,landmark_19_x,landmark_19_y,landmark_19_z,landmark_20_x,landmark_20_y,landmark_20_z,label
0.0,0.0,0.0,-0.1754703618387926,-0.3314685710268978,0.0019816570645116,-0.2579885510085438,-0.6919358712311547,-0.014970063790153,-0.2485516461397958,-0.9994860433089658,-0.0589274767400508,-0.1494584009259759,-1.1798730287549817,-0.0842484712567139,0.0696729635093535,-1.0181710958021135,0.0999329456628339,-0.0734771479723707,-1.319106786422229,-0.021122127146318,-0.145617198981396,-1.0266141132025226,-0.0822082266327403,-0.1084012271295388,-0.8337211226383615,-0.104015327736912,0.1534578845158588,-0.9869573809391742,0.048639550672298,-0.0534168641275434,-1.2269854328329175,-0.0979746870501128,-0.1154706087593701,-0.8389675528593357,-0.1220042581124706,-0.0421855687516614,-0.6729387230744863,-0.0940477525384544,0.2308703737178184,-0.9323160678740754,-0.0258026446399956,-0.011096309214666,-1.1154239977730662,-0.1696097565851681,-0.0642760699904754,-0.7234552994332074,-0.1348829111969518,0.016471502830559,-0.5580656594377569,-0.0653658060441028,0.2927150972253035,-0.8193297788902768,-0.1035688641998522,0.0554866519328559,-0.9625384481984388,-0.1942777196463739,0.0165838317401289,-0.7054147021470947,-0.175801050045127,0.0946814634672204,-0.565836458519959,-0.1305652188734517,FIST
0.0,0.0,0.0,0.0771115581725969,-0.4043289683665524,0.1030201465519404,0.0563915538246923,-0.7601070700296125,0.117912855819317,-0.0411207582171367,-0.9726591936744498,0.1070929074790281,-0.1574985329947455,-1.0356624283244618,0.0944325773715001,0.130950586705929,-1.005461924457245,0.0485193940626477,-0.1375730722321656,-1.2290631627271484,0.0368968625865491,-0.1790391259438695,-1.0573251712607945,0.0355832988434599,-0.1390500179806665,-0.9586300288027932,0.0323422546487004,0.0554725855782817,-0.9981320153551824,-0.0255982845570209,-0.2313873332180494,-1.1970564540676982,-0.0206058765355375,-0.2468390791325404,-1.0071686122673484,0.0044465254359259,-0.18629124119933,-0.9037454464217816,0.0126299841410881,-0.0469632580708631,-0.9318353941319883,-0.0912118958526121,-0.3188358056247446,-1.1089438906225388,-0.0724452321550198,-0.3215796309891819,-0.8970476691902077,-0.0269018077474488,-0.2507628915708032,-0.8080658391228558,-0.0133501297987737,-0.1658302084723507,-0.8161732317561637,-0.1519038272675907,-0.370595441033185,-0.9487762553002236,-0.1498496830227367,-0.3645954200134589,-0.7863795533118937,-0.1209496955114162,-0.3047040529612239,-0.6993491659638377,-0.1026747949810185,FIST_INVERTED
0.0,0.0,0.0,0.2144405639795517,-0.2872788742944935,0.0144129248718833,0.3091540945260038,-0.6488504398953989,0.0075778478324526,0.3112105297425831,-1.022669108553924,0.0040333225336451,0.3563060913563875,-1.2910186529438792,-0.003883836096292,0.1657929324421069,-1.0010011569904431,-0.0765369932604691,0.1215741998014993,-1.5539105807836702,-0.1087674352163645,0.0908995620344388,-1.853770088175773,-0.1154662651211678,0.0645818166788204,-2.092872998414412,-0.1172953908022002,0.014896091643596,-0.9950068671038184,-0.0986886055732351,-0.0156887880392392,-1.5972777367254731,-0.1441821249048254,-0.0370477117695657,-1.9492050587000291,-0.1574251614130031,-0.0443254922561066,-2.2125151492024013,-0.1618844849250886,-0.1207853787548965,-0.9266252081852931,-0.111973184885541,-0.1453685928868045,-1.4830972028479474,-0.1463079569967605,-0.146049904250352,-1.817748218800569,-0.159420387991715,-0.1349855327175992,-2.0617979495836005,-0.1654501654495925,-0.2428366215221385,-0.8022190033141047,-0.1193662335664215,-0.2562094509703536,-1.2506603930037692,-0.145829398269498,-0.2501580309381983,-1.5083013479051288,-0.1489727907598618,-0.2311719459219077,-1.7249367345653783,-0.1452595656964906,OPEN_PALM_INVERTED
0.0,0.0,0.0,0.2452402728120929,-0.0547884943860723,-0.1081194842586743,0.4539655802349678,-0.3685098208992281,-0.14086789220726,0.563633284102472,-0.686800563756631,-0.1714224675421042,0.6762466611608051,-0.903439051644061,-0.1981055782780817,0.3210628307163879,-0.9549777775825328,-0.0528432045708782,0.3967637219912147,-1.4185193630960535,-0.1137204103989182,0.4295155798947831,-1.6914089123315337,-0.140165500984925,0.4619736121750168,-1.9362050234974784,-0.1537666142063425,0.1773030817817946,-0.9831593633390676,-0.0442863801794304,0.2397574296271491,-1.226088112825063,-0.2069109331474709,0.2389912008657152,-0.8657517790712568,-0.2604802294889516,0.2308392514237513,-0.5700596498594347,-0.24455948064419,0.0366894065238482,-0.9577149201610728,-0.0472998846556947,0.0863105636855672,-1.1709247768185422,-0.2032947384734886,0.1064732773334251,-0.8122535500194977,-0.2034046913023178,0.1208921279464836,-0.5651422070487135,-0.1490312523530428,-0.1063710089004489,-0.90800647111514,-0.0574965297039493,-0.1088357209253144,-1.2296722148945547,-0.1391465073046795,-0.0807539788271942,-1.3981087519077318,-0.1410814328316944,-0.0410786763815557,-1.594446456631096,-0.1181479150290311,ROCK
0.0,0.0,0.0,-0.1781700096995326,-0.1601356586402147,-0.0480407107677022,-0.3302984051696914,-0.4638107965599945,-0.0878594717212152,-0.34720151313977,-0.6433379024764595,-0.1400330891017283,-0.2609848006377603,-0.708764968758483,-0.1927259638685338,-0.1926994705083342,-1.0523411083970038,-0.0627275598850981,-0.2162209649726677,-1.546571171460663,-0.1609894503121961,-0.254334492438153,-1.8235149885703776,-0.2272088034338145,-0.2984600352426798,-2.0668123395131817,-0.2767083512097845,-0.0526866334377999,-0.9939101217070784,-0.0967821710089819,-0.1649806955296,-1.235605031290484,-0.2587692532480201,-0.2062639353394005,-0.8511106327564587,-0.2911744806263852,-0.2066413459442759,-0.5832635129468162,-0.2764971347489815,0.0794819389050537,-0.9028280328220072,-0.1410873881688846,-0.0353621872063652,-1.113862144414347,-0.2872173721019788,-0.0872468231088048,-0.7317796708387247,-0.2493983965227742,-0.0926062796924103,-0.4839525451585122,-0.1843910618233528,0.2133296494480417,-0.7798116676473834,-0.1908349735984189,0.1244104679703277,-0.971639647350298,-0.2780363683068521,0.047464185943539,-0.7259586207458628,-0.2403167419732329,0.0223884151708039,-0.5477179878044,-0.1895449341496994,POINT
0.0,0.0,0.0,-0.1573595656357766,-0.2157970392022411,-0.0876466786500753,-0.2476490381063643,-0.6080746144925468,-0.1488545363364415,-0.1436831303354463,-0.8145649314668726,-0.211401203358604,0.0246746509798276,-0.7732653608263447,-0.2722106560612882,0.0141231517303917,-1.0982655966728263,-0.1381563080210815,0.1207228413620843,-1.5819558023224485,-0.2442992762299512,0.1965580877963477,-1.867123433350215,-0.3109452616500209,0.2602311610815124,-2.1152853247868446,-0.3621416866726908,0.1649290573023424,-0.9746284438477268,-0.1513201985867026,0.1730759799797263,-0.977434779349898,-0.3274189694883,0.0676054252454254,-0.6517878571530921,-0.3627115489714522,0.0020916931620498,-0.4579734762029268,-0.3497188639719043,0.2773781594554141,-0.799274963697519,-0.1729230081931325,0.2436356067242426,-0.718588205318628,-0.3159040349131523,0.1262398802278215,-0.4616854584524882,-0.2810381943582808,0.0655420579070385,-0.3419329714533177,-0.2237516522805818,0.3685717194537408,-0.5953430663008279,-0.2056261623662116,0.3433695324919327,-0.5320740907752591,-0.2921419497179169,0.2259725066458023,-0.3580378913603515,-0.2654125233496552,0.1589151471077645,-0.2874738468268236,-0.2225354771945375,POINT
0.0,0.0,0.0,0.0083000520496599,-0.3982723213047958,0.0273603538007644,-0.0518916876788841,-0.7749443911921315,-0.0025837087568403,-0.1757063317501697,-0.9721564094946976,-0.0415538367314235,-0.2981696366809993,-1.0326589139133946,-0.0872614740085163,-0.0142436824108429,-1.1042611197583907,-0.089607225567896,-0.0976016484724611,-1.581311507991993,-0.1825234842513765,-0.1352047775386335,-1.8905125091484565,-0.2430470431883766,-0.159019242412375,-2.154109423660524,-0.2890747617799714,-0.0481060852879966,-0.9893210153076052,-0.1375853670598475,-0.3852123840687166,-1.2166518228215102,-0.2399586611710944,-0.4018736064268818,-0.9867169924838848,-0.2400442026711713,-0.3239262906345468,-0.8721852253766451,-0.2317722433645044,-0.1193808031397305,-0.813392829090288,-0.1811953652368204,-0.4399908266742481,-0.9981978408472354,-0.2637879243634147,-0.4272157871486923,-0.8007548244010018,-0.2107015130823658,-0.3346039392025198,-0.7260288499090327,-0.1653374479466246,-0.1971593218510417,-0.6294369761343857,-0.2229518740118096,-0.4405134599742962,-0.741576709339333,-0.2822404952166862,-0.4248925714433678,-0.5886864973607409,-0.249212663367182,-0.3478017534556006,-0.5233518005241953,-0.2141312790749902,POINT_INVERTED
0.0,0.0,0.0,-0.1208188484780971,-0.4759024482653038,-0.1658805298370363,-0.0737918107726136,-1.1277824324376864,-0.2423207990288854,-0.0223527556802527,-1.629045780906638,-0.3099708011848225,-0.0700541569614937,-1.992627587208655,-0.3481334585405164,0.3429674020519506,-1.195038214838955,-0.0731791969873711,0.6248535392955251,-1.2661368964624182,-0.2422670049275055,0.4478931121692637,-1.0625670413792094,-0.3222677092556186,0.3259818019070292,-1.039275727307042,-0.3535745697018235,0.4313263310917021,-0.9001654426418164,-0.0604960492960832,0.6694830000336441,-0.912372468608548,-0.2382587136230949,0.4164604167773686,-0.7045646835821234,-0.2666725642411112,0.303018478670746,-0.7567321666737392,-0.2481926910112512,0.4881285769950045,-0.6284917145674097,-0.0828426438847415,0.6660704536224886,-0.6373222370719842,-0.2662306776863924,0.4183368127022182,-0.4525473381734094,-0.2222428715478149,0.30044429125329,-0.4913526187828992,-0.1491887022532939,0.5251061196607925,-0.3551614525570429,-0.1189102823030682,0.6576018023258567,-0.3878527677279573,-0.2220975959365088,0.4610657287396588,-0.2610370933955293,-0.175513627445008,0.340677593502091,-0.2852201100259138,-0.1161401338772773,THUMBS_UP
0.0,0.0,0.0,-0.2480872118402717,-0.0694751480057224,-0.086613295960618,-0.4814296443363551,-0.4602494066475125,-0.123959257221033,-0.6261733161272802,-0.8203087648961023,-0.1648328589443124,-0.7798130799036894,-0.9671712506213292,-0.2045519686327832,-0.3894732659145887,-0.9179506761505548,-0.0991753713750583,-0.4387084730782795,-1.4474516432560265,-0.1774237424729319,-0.4493091274616007,-1.759538888393473,-0.2042412799804347,-0.461407145311062,-2.0361706796135777,-0.2225462666746596,-0.2492948479866662,-0.9628870907892514,-0.1034433620814634,-0.2374191007426058,-1.15008956965426,-0.2708253005197252,-0.2085638692921569,-0.7920196723345907,-0.3015386461893032,-0.2077407803156067,-0.5770902889699204,-0.2847353944782272,-0.1051179003923951,-0.9723523945291852,-0.117991002470335,-0.0837230010984683,-1.1668106405037442,-0.2898486792726832,-0.0748769529227585,-0.8314913614767105,-0.2735979946278646,-0.0946343075524056,-0.6135552523715684,-0.2157042023755898,0.0410265590914216,-0.9594694790316856,-0.1372352434320007,0.0649153082390987,-1.362386238909403,-0.2587288556847525,0.0849293203025003,-1.6073496634658715,-0.2759342686697709,0.0887004579209274,-1.8707277467499737,-0.2615640679733774,ROCK
0.0,0.0,0.0,0.0475458030226288,-0.5665334925721972,-0.0167874692190898,-0.0232242813158181,-1.0981847961030569,-0.0400903030668955,-0.1384505575470128,-1.4923601801872908,-0.0671965013321088,-0.1346305106993951,-1.841322378399179,-0.0984279994232528,-0.4871005709072091,-1.0738858238638644,-0.0001500964713735,-0.499388360428197,-1.0039968390934622,0.0008564883801012,-0.4083135662146624,-0.8809011327297003,-0.0324630161121234,-0.3340065561220263,-0.8126677799817548,-0.0640972857993531,-0.612635795601074,-0.790329442193692,-0.0075335748517431,-0.5510450149141717,-0.6713911895263536,0.0390399990008936,-0.4551741994878848,-0.5817799392777874,0.021538732113249,-0.3807442530384561,-0.5492562575162208,-0.015078474038108,-0.6695728672708587,-0.4693730146312423,-0.0117496415046213,-0.5937413461341384,-0.3890655076888547,0.0243424987273105,-0.5049351953960889,-0.318569190590602,0.0235726901775731,-0.4273124113650156,-0.2927776106281777,0.0016653618761326,-0.7009433525551209,-0.1549425700305952,-0.0197046069354507,-0.662024307710844,-0.1071797910195511,0.005594122310505,-0.5679972035702591,-0.0626374100505739,0.0325018904804622,-0.4940381234113172,-0.0474019875291527,0.0499705532912295,THUMBS_UP_INVERTED
0.0,0.0,0.0,0.1723359156620466,-0.1497710846966911,-0.0890709789429807,0.2773234626692101,-0.474788499870508,-0.1242430393174346,0.3280210172845991,-0.7596580112137236,-0.154735422536177,0.4051339868149194,-0.9477095880741184,-0.183871067221178,0.126263962318883,-0.9619606845484848,-0.070068222709163,0.1713480917407205,-1.3182534346892336,-0.1322559409081646,0.192430029217929,-1.548284151854696,-0.1827960852028872,0.2048011732920215,-1.7500326212414083,-0.2224740853422024,0.0057208896318677,-0.9971034852214604,-0.0758413553481004,-0.0110878411809868,-1.4156532592007107,-0.1327426298887388,-0.0235980909283755,-1.6814152268360325,-0.1792622874134332,-0.0402199648139245,-1.9073859298045364,-0.2127473960684335,-0.0938021775073815,-0.9269261200512636,-0.0940074155561727,-0.143632878044935,-1.3145128233246497,-0.1564496563799227,-0.1697703710148133,-1.562113204417363,-0.202665177003449,-0.1898609152850425,-1.7891943410927404,-0.2342404766660221,-0.1779020719374879,-0.7658018129619091,-0.1211127396243602,-0.2757766114408444,-0.992245398045876,-0.1882023109525893,-0.3353145148818437,-1.1617829937557909,-0.2253216517896307,-0.3822999159506945,-1.332828275019066,-0.248257736696512,OPEN_PALM
0.0,0.0,0.0,0.1733217634118454,-0.374645550684636,0.0553999133253755,0.1952860102699866,-0.8002873114336538,0.0777391013071351,0.1196084474347269,-1.178566207598198,0.0921630920193828,0.0171984197096766,-1.3818939534604224,0.1053857220429881,0.1653837655844613,-1.0363410678495533,0.0280347879532469,-0.0031223606125684,-1.3096017483880646,0.0386356173998199,-0.0226882859826195,-1.2054152944566718,0.0447821090232739,0.0026060626714848,-1.102042272115502,0.0504536865691041,-0.0065685530698403,-0.9999783911448802,0.0002671214435502,-0.1313499419286742,-1.3078998380409832,0.0307356225776422,-0.1432751359473239,-1.196182766211536,0.0513750773273039,-0.1139557354515272,-1.0566221329455612,0.0597520014593732,-0.1762996084185741,-0.9085236558264927,-0.0184442924731219,-0.2610750130795566,-1.1966120625700598,0.0137783904732052,-0.2572082908354386,-1.088735413269697,0.0531749225665091,-0.2230415075092053,-0.9639886922170434,0.0704425243075084,-0.3266638458358174,-0.778164469324251,-0.0311902692176202,-0.3525743782173946,-1.064022979017416,0.0070039199947955,-0.3445912192631856,-0.9615050958953604,0.0630209904547624,-0.3250177227630492,-0.8485560550914979,0.1018425410848531,FIST_INVERTED
0.0,0.0,0.0,-0.1652379239251012,-0.3594469150123796,0.0118881293157692,-0.2018738668731986,-0.7121151432944721,-0.0260457641295064,-0.1399926881510861,-0.9097969402073436,-0.0763492545834912,-0.061117904927917,-0.9774737234028988,-0.1294981808759251,-0.1386438580431348,-0.9877966866864052,-0.1076019437809367,-0.1403445255921182,-1.5101843892842777,-0.1759411278131455,-0.1442002274467553,-1.8329889457715,-0.2127471135326755,-0.1456902002500354,-2.086449628366088,-0.2328068991889571,0.0081946705420483,-0.9880852077781308,-0.1536895232107751,0.0795204181183691,-1.5204289266351203,-0.2064021377992707,0.1165355396583354,-1.854218330099024,-0.2267781154707675,0.1514060597002042,-2.0996819059498257,-0.2373237652328002,0.1457128646250712,-0.897612020568382,-0.1903348946588046,0.1965707628668037,-1.1986648328463017,-0.2197283855993443,0.1585567299826665,-1.0737254868254815,-0.1835045385497156,0.1285685240424272,-0.9198663982589678,-0.1473767902489985,0.2634846320201484,-0.755807741339698,-0.2288622636457701,0.2797703645326527,-1.0048158335783752,-0.2261919595703704,0.2380537642220304,-0.9209833082541188,-0.1685701244297233,0.2165074983546534,-0.7919393120052524,-0.1171357760963476,PEACE_INVERTED
0.0,0.0,0.0,-0.1477467061502719,-0.1902095592463582,-0.0801315887773203,-0.2657547388451524,-0.5192313977468532,-0.1480647530843846,-0.2091625123331713,-0.7394941030313006,-0.2211395255366989,-0.0444307730570846,-0.7642316218378344,-0.2909292960379112,-0.075370983140222,-1.068979609529748,-0.1185032998623989,-0.0700445446466917,-1.5605267438780082,-0.2348920082245872,-0.0790065402608632,-1.8432074593304368,-0.3015234205731765,-0.0829121086493299,-2.099590320591791,-0.3529998254889775,0.0725370810950266,-0.9870868677438854,-0.1428211727783346,-0.0245699442459213,-1.2061331709153713,-0.2985228223824042,-0.0826761528567257,-0.8205101866117659,-0.3066397827324552,-0.0556507007347337,-0.6366768393967099,-0.2812892484793424,0.1964690096483305,-0.837154394703819,-0.1808385700910779,0.1000176873461659,-0.9677295734592076,-0.3206105008788669,0.0197151470560502,-0.6342807934615018,-0.2569447359381964,0.0355441859951887,-0.4953798618591701,-0.1818774479038907,0.3025361386326045,-0.6392747856493011,-0.2299578665073777,0.2317983218117663,-0.7582835357807419,-0.3132674241750634,0.1300892125296125,-0.5473250025519746,-0.2670092437774616,0.11120518123789,-0.4358549453956972,-0.2136855320420707,POINT
0.0,0.0,0.0,-0.2246331091621024,-0.1825283561493962,-0.029280740636253,-0.3705041905764515,-0.5852118727716994,-0.0285351233774651,-0.4246426393830379,-0.8803215459608186,-0.0391679241368549,-0.4906224867491051,-1.069239651731647,-0.0455115544467448,-0.1744378708018811,-1.0195244861727188,-0.0439889794644321,-0.21739016158665,-1.5283684392125465,-0.119250915467968,-0.2624093124988605,-1.8119311922561327,-0.15239205351866,-0.3028548874372245,-2.067032316134873,-0.1728802178741603,-0.0630571081457832,-0.995370404429714,-0.0725366052260438,-0.1862181989770832,-1.1917757393131094,-0.2316145110020315,-0.2155160455500782,-0.809574037960624,-0.2557127170672253,-0.1897729421985732,-0.5660268349787848,-0.2309099486814553,0.0510354774766019,-0.9503814908053292,-0.1089215674899727,-0.0483424224820685,-1.1412821497828631,-0.2627138966732086,-0.0745568104576169,-0.7847779724219089,-0.2288991690410403,-0.0474895224323618,-0.5522425044863011,-0.1561630007957122,0.1767701636726999,-0.911945876270518,-0.1490050118066817,0.220508177084469,-1.3309733172473657,-0.2531694893233903,0.2287976625134385,-1.5929512643001993,-0.2557775298744431,0.2462962639873207,-1.852697908044509,-0.2305447179930374,ROCK
0.0,0.0,0.0,0.1556236732475413,-0.1962730790361218,-0.090645679004162,0.2284512858547376,-0.5634112172869068,-0.1238881947228742,0.1435542563280725,-0.8000924930367765,-0.157915156562404,0.0518294762843273,-0.9562370265078416,-0.1837204692417385,0.1169995472879428,-0.9888999420660154,-0.0671723735689001,0.1593919923943262,-1.3964576303891492,-0.1422837727682613,0.182248095893114,-1.6437229253082286,-0.1796993137866418,0.1968377592402095,-1.8573940304912815,-0.1953467441588945,-0.0077248650282656,-0.996855758310027,-0.0788601520695723,-0.0066939999854946,-1.4736227239361392,-0.1697216411496299,-0.0039849292779825,-1.7746689781376237,-0.2151330339397192,-0.0047768758358141,-2.008276381841785,-0.2263866771869246,-0.1156139395843321,-0.9122778179145608,-0.102847838097709,-0.0302085982831233,-1.0687630517345117,-0.2377352803238298,0.0579907647333731,-0.8000014669862411,-0.2506584648305284,0.1004116928271232,-0.5922354029567986,-0.2114528278106709,-0.2074895001975639,-0.7704430974601705,-0.1337979588388699,-0.1285247997214971,-0.8781540039588979,-0.2248105023632925,-0.0449732427798805,-0.7207123990631348,-0.2134408357584571,-0.0015625806705707,-0.5810131059343262,-0.1761900802749423,PEACE
0.0,0.0,0.0,-0.2128940009180519,-0.1187476709284272,-0.0898449374435071,-0.36608000630357,-0.4098425474297281,-0.1254437315411334,-0.4212227242332734,-0.7063477935523259,-0.15262264023424,-0.484036470031653,-0.938751251959022,-0.1778170851522012,-0.2555978583972835,-0.9278573369479284,-0.0629959225508488,-0.3090753406826098,-1.3021562155619086,-0.1218300403498997,-0.3417432667177837,-1.5331417891158483,-0.1739092997126622,-0.3655974543092679,-1.748140636758999,-0.2142367996147257,-0.1265107945361659,-0.9895010124099411,-0.0698767865999102,-0.1517491078172453,-1.415402626814375,-0.1192835653413364,-0.1677585562417009,-1.68598306150832,-0.1709273639600577,-0.1809604294265805,-1.9320560131566455,-0.2113620074699277,-0.0067084279938228,-0.957276407253638,-0.0904611349161466,-0.0137078896524775,-1.348706948232311,-0.1523489382826381,-0.0254100769354034,-1.599562200675216,-0.1998628388907357,-0.0387553338187629,-1.83008646082926,-0.2348679841326001,0.1145058877242371,-0.8593983913053855,-0.1196591592177395,0.1582171408909777,-1.1495667457188374,-0.1816310242916758,0.1928442113289266,-1.3426602554834135,-0.2115381996957926,0.2234498605727683,-1.5294651936597414,-0.2319952555630228,OPEN_PALM
0.0,0.0,0.0,0.1865293802341958,-0.118365413424136,-0.0905650376505884,0.3204568214699944,-0.4070173149325142,-0.1249808528955684,0.4034532931240135,-0.6648308743082169,-0.1542857463946135,0.5009197360973624,-0.8307225791492003,-0.1806278328812571,0.195448524829074,-0.9338811905800546,-0.0574415278728286,0.2614203580012688,-1.278082888492851,-0.1101902336849856,0.2915598338851379,-1.501501569870364,-0.1559936887945232,0.3096123636336967,-1.7005635772026706,-0.1941187609397982,0.0750431919411306,-0.9952739437221338,-0.0616303195763047,0.0891633736625818,-1.4119780688791126,-0.1093911538303667,0.0972840176722387,-1.670891616281979,-0.1529625614125742,0.0964430076250587,-1.89519069802572,-0.1856798752348483,-0.0325694664482917,-0.9447821494622262,-0.0790279295717143,-0.0577004008823822,-1.328260273147328,-0.1359172697487605,-0.0666222190283269,-1.565089041083006,-0.1825459386745929,-0.0727845760000764,-1.787091542460547,-0.2156526997689001,-0.1314264233313735,-0.7998851282002136,-0.1056693368099567,-0.2130773858519473,-1.0320183383976418,-0.1696761322278009,-0.2661639505403484,-1.1953076086304075,-0.2060094684268209,-0.3087764333335433,-1.3609472867241803,-0.2291956618150747,OPEN_PALM
0.0,0.0,0.0,-0.0824160606376587,-0.6399874086507981,-0.0329805520923074,-0.0166591090345337,-1.1838562395531946,-0.0785132667182744,0.0984632679909877,-1.6073326473188263,-0.1206164108843825,0.100339236851335,-1.9493981454232725,-0.1487520505674025,0.3950757919949685,-1.1898347843947557,-0.0742978380747176,0.6172905326586114,-1.333253777377316,-0.0973570263516416,0.5267843337413008,-1.230736322207287,-0.1067975484960279,0.4184558889849948,-1.1391514863340846,-0.1117180961016539,0.5169328791736136,-0.8515082240343014,-0.0878301931640144,0.7092202290249093,-1.0328040935831424,-0.0660456063355492,0.6049163603895986,-0.9648575486817084,-0.0414318770076721,0.5024404329229267,-0.8591301825974103,-0.0398622737007257,0.5819894570318602,-0.5145629111985492,-0.0999998358516427,0.76601821057206,-0.705492846815765,-0.0788290239649141,0.6683580522529514,-0.6623152297488029,-0.0273520530644105,0.5654903199328672,-0.5559631425618291,-0.0098912237869312,0.6139758997097898,-0.1961378707286553,-0.1148962292950931,0.766469237541564,-0.3769993243893351,-0.0960399323578048,0.6773070917711664,-0.3623068229416062,-0.0357087726805649,0.5863173659425941,-0.2809814964603823,0.005014244672808,THUMBS_UP_INVERTED
0.0,0.0,0.0,0.1162412833495746,-0.3670749783243112,0.0395946346922993,0.1091030519894165,-0.746341226065275,0.0205344339608023,0.0012419129813064,-0.9631154513759445,-0.0130854978277015,-0.1155205456594128,-1.0477520548180426,-0.0509471879253852,0.1327232673798669,-1.004459317708451,-0.0728078638275687,0.1346822270081967,-1.5501770928890617,-0.1311763744284473,0.1332941487186089,-1.8610382224238924,-0.1566065082011674,0.1222284013896314,-2.100373087674744,-0.1658741946239574,-0.0027006132296092,-0.992772982993134,-0.119977126682957,-0.0595669154111908,-1.5827746634007729,-0.16761941209588,-0.1085260189121105,-1.9284903132916855,-0.1857863726982066,-0.1522506080688968,-2.1835619409631826,-0.195220140682879,-0.1399785048075129,-0.906632402506902,-0.1545936593430168,-0.2305511668595863,-1.2639647494325872,-0.1806671880728025,-0.2039676590028425,-1.094342123797954,-0.1435922745787654,-0.1699316889800899,-0.9417229035543004,-0.1057750769302459,-0.2606388280371731,-0.7804533546114503,-0.187133818754579,-0.3100616495910493,-0.9820020269761448,-0.1869031131790814,-0.2787326906060126,-0.8615288396336025,-0.1373936290081844,-0.2447973630261675,-0.758586630781291,-0.0910223466103025,PEACE_INVERTED
0.0,0.0,0.0,-0.2002412470110772,-0.193411237034583,-0.0805174036667992,-0.2860134237490186,-0.5590210801249323,-0.1037173846903322,-0.2686732067463133,-0.895665577922382,-0.1224907113701881,-0.3035090546561064,-1.1604684737224131,-0.1401119720217014,-0.1383694785252409,-0.9816654076393412,-0.0183605662016224,-0.1231591049821207,-1.3524883462219564,-0.0718150990931542,-0.1019822255104013,-1.5826066019569185,-0.1279235603356756,-0.0760905634644595,-1.7977907171168337,-0.1718589028622108,-0.0187121285118243,-0.9994934224109436,-0.025744024623512,0.0003438453770843,-1.4149258297318643,-0.0672715031470337,0.0194078107793442,-1.6759932187976687,-0.120325313562552,0.0398721837449096,-1.9171215717492571,-0.1639860266812585,0.0782308169216994,-0.9354504859293772,-0.049521579787763,0.1039365711307344,-1.3210680290578678,-0.0966595508636468,0.1156599109139554,-1.5627049997736635,-0.1376895313931838,0.1270169029009188,-1.785617118647168,-0.1709025237594811,0.1804916938844779,-0.8091436710503087,-0.0837674456808453,0.1975190852000805,-1.1170680368329506,-0.1308088646856773,0.2013882394799567,-1.3174588092648885,-0.1562266746792771,0.2018393393783334,-1.5155223688877648,-0.1768865899871546,OPEN_PALM
0.0,0.0,0.0,0.2246193992537875,-0.2064691653884329,-0.0443328449302673,0.475837204147599,-0.5901697453847106,-0.098444193627338,0.6323321428844881,-0.9832054388424324,-0.1337181374843567,0.7872993223284158,-1.241090073831891,-0.1742616165525367,0.3694674481650147,-0.9193745756198712,-0.2632491017384933,0.3981031645278728,-1.6485659416807892,-0.3715337030680554,0.3951538522118766,-2.088162344541458,-0.4403739371611377,0.3838166312294278,-2.432553328881142,-0.4941715895300403,0.2044124630713706,-0.9464574727833808,-0.2498675592260663,0.1017769314726953,-1.4825783700708792,-0.3174093023364081,0.0606133502417783,-1.2016448861818094,-0.2830297398258729,0.0858552392824866,-1.021375554588957,-0.2688922607622933,0.0247389009196512,-0.929663158852904,-0.2303672042583386,-0.0820019803432384,-1.4350838808227908,-0.2665098169537249,-0.1018009472163164,-1.209686132809906,-0.1866619071054907,-0.0599790959444075,-0.981288057671594,-0.1416609624488634,-0.170234778244209,-0.9335930891724082,-0.2136341603073175,-0.2253097400083106,-1.5011161374885784,-0.2699046884386409,-0.287285722659892,-1.8125194842222727,-0.2696909893410937,-0.3155319663109827,-2.092113307282394,-0.2688595747385606,ROCK_INVERTED
0.0,0.0,0.0,0.0597209372783671,-0.3878651373031512,0.0330868582465254,0.0379488075274828,-0.7710963239948437,0.0107911311266919,-0.058273974422911,-0.9953282105409416,-0.0257824643138564,-0.1829529073954044,-1.0812881183522178,-0.0695048010024202,0.1079794791196904,-1.045020574553804,-0.0475945352354906,0.073564771753563,-1.5335502929087022,-0.1144190852751548,0.0435678135578461,-1.8435339437915808,-0.1494980170226679,0.0198957392625204,-2.0889745222734457,-0.1767641458497199,0.0428101167644476,-0.9942122441577328,-0.0985358182056613,-0.2243810209116834,-1.276925380820224,-0.1817036793466053,-0.2622123060962111,-1.0711742546099692,-0.1749178642633025,-0.1984941215327751,-0.9456561773975356,-0.1602458257873709,-0.0576650400889494,-0.8876660913347166,-0.1461961257628397,-0.3046218799386249,-1.1108804426582664,-0.2083351503310847,-0.3106466355771023,-0.9180002444384904,-0.155576606076154,-0.2352523335098981,-0.828588551693414,-0.1143638262199098,-0.1637884595897324,-0.7581859739526142,-0.1933627821440753,-0.3532052198163854,-0.8856193678302976,-0.2338330203824761,-0.3507159279951416,-0.7237112657278474,-0.1964519895751774,-0.2882027193531443,-0.6379179718711405,-0.1609545239456924,POINT_INVERTED
0.0,0.0,0.0,0.2181894781640184,-0.0881369217764921,-0.1005257572281901,0.4022497897111374,-0.4761794940263828,-0.1353844080858887,0.5317870868667389,-0.8067585547325116,-0.1720685953019141,0.6823627281804971,-0.9315399810212044,-0.2058356550467058,0.3050742918506909,-0.9583858316917558,-0.0534177376087612,0.3785948859670364,-1.4180238149988191,-0.1170037228284358,0.4112699234564627,-1.691064468556983,-0.140856952103404,0.4450985221880728,-1.93063973890768,-0.152894915879891,0.1659782320368284,-0.9847961052957568,-0.0512626324356978,0.2246603457422138,-1.2032651749446392,-0.2230833419175933,0.218705300520787,-0.84543903711687,-0.2714256740019005,0.2136594203594068,-0.566650286717315,-0.2486137505510678,0.027549334381461,-0.960861046941948,-0.0603556380553197,0.0687820393383784,-1.1396529032332403,-0.2236017687267637,0.0847673234933986,-0.7808514331762975,-0.2190593045779407,0.0959942027197137,-0.5378948797020014,-0.1575292221711804,-0.1119454178216941,-0.914969187810016,-0.0766549215030327,-0.1106178510028276,-1.247276478661257,-0.1613218503954023,-0.0930534240050474,-1.4353078058244697,-0.161687582383691,-0.0698884388749078,-1.6496576172421715,-0.1358921003277273,ROCK
0.0,0.0,0.0,0.1988582261954439,-0.1567574396897736,-0.0882752216780703,0.3631952804330888,-0.538940607946168,-0.1209435847043101,0.3851596625784791,-0.9347238120045516,-0.1495538542773801,0.2800200614749687,-1.1873982609518663,-0.1579841805242028,0.2764322141921507,-0.9772704104946291,-0.0309044139775658,0.3410546816075933,-1.261848456941431,-0.1367009150367116,0.3265573461461726,-0.9099305034931154,-0.1782834062590547,0.2787174904783931,-0.7945472267745597,-0.1899363592326605,0.1317004818356341,-0.9907312567410136,-0.0332649966275922,0.1873614391734843,-1.2498308577376267,-0.1555619613098916,0.1963994359389138,-0.8120664620830002,-0.1800631068900487,0.1517155345251054,-0.719770543439033,-0.1642102611035009,-0.0127481416674923,-0.9397108521599232,-0.051774707516425,0.0358921215127591,-1.1333381186389602,-0.193637095326171,0.072619245223655,-0.7061437508098501,-0.1572316447593744,0.0427411935969424,-0.6069099760641927,-0.0926271081343777,-0.1704874758339875,-0.8502616977667976,-0.0735886796374837,-0.1128085402108521,-1.001475609349763,-0.163486576765975,-0.0490862103001497,-0.7150275579801876,-0.1190011387124577,-0.053081220816984,-0.6093445770678556,-0.0587343415470671,FIST
0.0,0.0,0.0,-0.22457165655852,-0.2279080527181591,-0.0685730609011757,-0.3585463455255727,-0.6408065054996722,-0.1031695491310776,-0.2753108039880358,-1.060596519970884,-0.1506694507356453,-0.1172025882491019,-1.2874856625093452,-0.1783375721863378,-0.388652602631386,-0.952420127380324,0.0195601084900864,-0.4391181250871518,-1.464313352884422,-0.1289670292039493,-0.390479816656571,-1.1404246469337571,-0.2022814716270671,-0.3581724784671672,-0.9022169649083388,-0.2190855714469599,-0.2219183432689108,-0.975065206129724,0.0003044929895959,-0.246940661423307,-1.4245840189124117,-0.1418754832534747,-0.2210961622618672,-1.028830227821461,-0.1708427417131498,-0.2166682049002636,-0.8455207601744136,-0.1449388156481032,-0.0565358827027662,-0.9595507027702436,-0.0453180809013662,-0.0717677817486658,-1.2460257648608728,-0.185026404871768,-0.0617373693756033,-0.8245115538814428,-0.149697620867287,-0.0593984962407927,-0.6366590300622348,-0.0764672424114364,0.1052649640959992,-0.9016716740895292,-0.0983826528635371,0.0566955516910284,-1.153688601210216,-0.1574133328965149,0.0542518651712849,-0.8541975778831794,-0.0999905771247431,0.0691673649336956,-0.6839360705744818,-0.0316081212849471,FIST
0.0,0.0,0.0,0.1906823433254285,-0.1086146341929661,-0.0916467424297259,0.3281266071069206,-0.4040660026707424,-0.1202566769745542,0.4019284256317942,-0.6845085305024733,-0.1424432663832837,0.4904475725319617,-0.8580738229058583,-0.160838467494915,0.2174719258583815,-0.9210469394644144,-0.0463106374461219,0.2920604503265031,-1.2539607779652586,-0.0951808965182546,0.3303909910855794,-1.4758346648412473,-0.1394910759956238,0.3580102969301383,-1.669241920464624,-0.1744284646638907,0.0946559022905735,-0.9945714351636318,-0.0432194460643725,0.1226580537328568,-1.391911640859292,-0.0842129157186341,0.1344177808719655,-1.6456173924474111,-0.1232692286330024,0.1414449688453969,-1.8638391137304704,-0.1518987578585376,-0.0189821546925196,-0.971199443346466,-0.0538414749460987,-0.0224160902121508,-1.3455900177330766,-0.1002082820252476,-0.0207544882301905,-1.5782459969424436,-0.1373332924684073,-0.0139114936231519,-1.7910089129681537,-0.1636319471430539,-0.1270120580183069,-0.8615892130248646,-0.0747279957383827,-0.186149354457228,-1.1128551883161557,-0.1248185723468052,-0.2180217219525098,-1.2852958324858317,-0.1511372763481448,-0.2362226489052677,-1.4586878879297958,-0.1671868521724516,OPEN_PALM
0.0,0.0,0.0,0.1892490402776969,-0.1100234357357951,-0.0881359865007196,0.3320707563463796,-0.3996599837108184,-0.1167567705055532,0.4084275361979532,-0.6756039613781774,-0.1398965333619769,0.495383456819175,-0.8536926202474835,-0.1601360815979588,0.2225788793838792,-0.9192573272039976,-0.048332446571544,0.3023230116361962,-1.255609149680276,-0.0989291905644317,0.3419620570198906,-1.4773288838490275,-0.1434389124265781,0.370363439552839,-1.6715476457324103,-0.1785157170883626,0.099683015860401,-0.9938764510179808,-0.0476749038895506,0.1339030394495421,-1.3930171830704463,-0.0914986511456171,0.1508235126246599,-1.6448605719160594,-0.131919837438404,0.1608150800875495,-1.8596961946512316,-0.1617964675048805,-0.0156193577439922,-0.9706688519774526,-0.0603703320622965,-0.0207519676356722,-1.3494201333240752,-0.1093743227220097,-0.0196457751867866,-1.5863750803623493,-0.1484089960062327,-0.0141106502417162,-1.802816329129964,-0.1764308262094414,-0.1258670363535062,-0.8620824528980959,-0.0826977800858159,-0.18209344836746,-1.121802033332486,-0.1351715966527437,-0.2125510240306097,-1.2981740306543967,-0.1631377281114916,-0.2304195975237065,-1.475420376098128,-0.1807663354865965,OPEN_PALM
0.0,0.0,0.0,-0.1901474948239217,-0.3236460118686954,0.0412070190768288,-0.2850235521021086,-0.7600340357316849,0.0269327712009362,-0.2850543769670421,-1.165884345402869,0.0065476725933643,-0.3348107779476406,-1.4406423954856946,-0.0195803702095186,-0.2019653370412599,-1.002103755046139,-0.1266439818506876,-0.1205682397018322,-1.615293888209003,-0.1648525835556911,-0.0552106210816471,-1.9495248161973928,-0.1697279811929869,-0.0066183040003406,-2.223984687086761,-0.174353063802097,-0.0628966984032872,-0.9842187574134724,-0.1654008551533098,0.1269111749087662,-1.3385556488028436,-0.1981000944988833,0.1419512430071619,-1.1608419454973329,-0.16199167646643,0.0945910985268007,-1.007794436111078,-0.139669833399848,0.0916669833395008,-0.8842564604218441,-0.1894551583787091,0.2562608021328788,-1.1869077252839733,-0.2150374159090164,0.2677966995856243,-1.047935397223993,-0.1490770513049049,0.2251252225607612,-0.9129967424895225,-0.1061493083404315,0.2473898170031915,-0.7576270932782707,-0.2076144116846595,0.3640001440475512,-1.173132709642452,-0.2221336765650773,0.4401592063386644,-1.3117186993952643,-0.1786721582519664,0.4842310912273102,-1.3998469882403894,-0.1431848098731499,ROCK_INVERTED
0.0,0.0,0.0,-0.2132647977130002,-0.3057121887015496,0.0360030938828207,-0.3298961104441313,-0.6982049887396832,0.0117353407056642,-0.3796816957256507,-1.0649737707456548,-0.0189882763700511,-0.4683634472521422,-1.2837865268487512,-0.0559070332915636,-0.1874410640403709,-1.0020394612666057,-0.1221816817764598,-0.1142000569775318,-1.5994361250272682,-0.1768473956492958,-0.0518069861979222,-1.9291735672114696,-0.1930910178657464,0.0025549188510292,-2.193121325539985,-0.1990552596111991,-0.0358264424994565,-0.9880143648325804,-0.1501468644438039,0.1049507115918731,-1.3583844256123854,-0.1818431230646253,0.1026666738114047,-1.1866777568194051,-0.1318009613922676,0.0678274423246589,-1.021692733528531,-0.0951781596247119,0.1151583478372986,-0.8900006949950563,-0.1673439029693555,0.2281208578175868,-1.2034523615498338,-0.1974368433599132,0.2313572977388968,-1.0892101675168817,-0.1313044115264496,0.2054733682728095,-0.9490093227177016,-0.0823180071908477,0.2562587271674135,-0.773589620351729,-0.1770321214904699,0.3592498039613885,-1.164554624979815,-0.1876816570185767,0.413821478264499,-1.2744013483465504,-0.1383390669757608,0.4383763892993707,-1.3370475031795246,-0.0968908035575778,ROCK_INVERTED
0.0,0.0,0.0,-0.2451904107331136,-0.1240571139688137,-0.0634744344137832,-0.4093086466913677,-0.5708327530643097,-0.0873214821969447,-0.3246943681382982,-0.9982425870619628,-0.1237045674472289,-0.2554250753509663,-1.295401680036895,-0.147466696618533,-0.4781086808396972,-0.8092401100652696,0.0300674367549732,-0.5873699623075962,-1.2186770773087203,-0.1003052149066111,-0.4869981808391448,-1.0172103864830149,-0.1830906402545485,-0.4040554935185467,-0.7716221331233666,-0.2132553046212545,-0.3375909912482819,-0.9412814690079088,0.0046388285499712,-0.4455188477162637,-1.379787362129964,-0.1198559189956384,-0.3429361047659248,-1.058740428235753,-0.1694576210411164,-0.2857954683791599,-0.8173058801674831,-0.1639245819118977,-0.1804307619477026,-0.9837218203442296,-0.0446872692006371,-0.2605715936558556,-1.3992847487850253,-0.1676409558426783,-0.1916117702558853,-1.0208866806225514,-0.1525301713895179,-0.165240347825389,-0.7611456649747145,-0.104500273819364,-0.0108855612429039,-0.966579042447276,-0.1015906521778308,-0.0754974864956756,-1.1859703371511785,-0.1755400478199021,-0.0468642309031774,-0.9247507817748932,-0.1441529039623743,-0.0311908619202922,-0.755865119358755,-0.0989471591272797,FIST
0.0,0.0,0.0,-0.1668366029263925,-0.5062871693724135,-0.1053499058185312,-0.2168627433510409,-1.0787199595122212,-0.1305330791347656,-0.1994639982859481,-1.5562994602216436,-0.1584892612403817,-0.2069068237520613,-1.8933665348996824,-0.159809503865634,0.0734782097392385,-1.2132475866824373,0.056099377252478,0.2559732363195081,-1.461078219249576,-0.075895475684385,0.1269414197774349,-1.1575215491470126,-0.1475294353918605,0.0291035517488293,-0.9999105490450664,-0.1722577318733704,0.2020698251454124,-0.97761074903206,0.0586942002473591,0.3724887417149645,-1.1941245342914448,-0.1033532310226799,0.1850330728925819,-0.8363922135644114,-0.1541987200188589,0.0794317252709516,-0.7190551483501786,-0.1437946038794655,0.2891447381592233,-0.7589372967785301,0.0296833666774487,0.4178350450214153,-0.9150936220608298,-0.1367737658548331,0.2425482189363482,-0.6023876953545133,-0.1157334340822529,0.1444366217750133,-0.4948300223801938,-0.0495509844100744,0.357026956131946,-0.5419375026508302,-0.0068833700146013,0.4590873287957677,-0.6776345304697123,-0.0902891124663029,0.3266232841078002,-0.4560051760032957,-0.0484722856319832,0.2504636461295816,-0.365690203867384,0.0108915132986704,THUMBS_UP
0.0,0.0,0.0,0.1045232210089835,-0.3819427505227693,0.084668808559995,0.0985549004013869,-0.7372477771841693,0.1022892063869875,0.004624609759061,-0.9393701214977924,0.1033751093282703,-0.109952167222346,-0.98082776520214,0.1008906248844612,0.1186426392843297,-1.021914603776505,0.0320327715509534,-0.0829862825928684,-1.1985548746227126,0.0409809518493304,-0.105181905113725,-1.039883709334746,0.0476960471440273,-0.0673883689346412,-0.9303536149793727,0.0501818014684185,-0.0038019633986916,-0.9998003717413312,-0.0196153445091054,-0.1913964013390137,-1.1420988190233303,0.0137268753893401,-0.2057722764277376,-0.9773517181314582,0.0411040047543443,-0.1551104201356672,-0.8638393963989438,0.0485192656889613,-0.1347121216201265,-0.9097828489615148,-0.0603127007418444,-0.2922666188948005,-1.032484499100045,-0.0172853480519881,-0.2920304801707369,-0.8640021773703092,0.0252963171601861,-0.2353649828716227,-0.7724646961299997,0.0349592298100444,-0.2656896130445211,-0.7713961063861885,-0.0957512101577435,-0.3710436312752849,-0.8780568612680733,-0.0610577994818973,-0.3541198441608851,-0.7219012408169913,-0.0148863239872972,-0.3096910342796261,-0.630567885497233,0.0129328345656886,FIST_INVERTED
0.0,0.0,0.0,-0.2269725355109724,-0.2167019596217427,0.0371643839397079,-0.4410662759653132,-0.5600098259847187,-0.0086852045969793,-0.5982767433138736,-0.8611981412331785,-0.0597194760823499,-0.7776631571487382,-0.9647873204374136,-0.1211042466104403,-0.3322156835112296,-0.9092674173408336,-0.1966824593797314,-0.3509452370208901,-1.601639721922366,-0.2920751911666022,-0.3489102850677154,-2.0248970178806456,-0.3493796424019181,-0.3462783834571257,-2.362447117402376,-0.3892628864786339,-0.1602210707800322,-0.9603387147101816,-0.2282077157041281,-0.0845091689894207,-1.4660048293982897,-0.2797659697321409,-0.0519156090595079,-1.2655817249565218,-0.2282130931396226,-0.0691224249262231,-1.0689157640819411,-0.195579555507448,0.0235198165021461,-0.9076972061764524,-0.2451677670309311,0.0858022521144816,-1.3484092232094946,-0.2900310323920506,0.1187709289082804,-1.2043078572458132,-0.2033676301530325,0.1040230676358483,-1.016622539552156,-0.1430430156009211,0.2129080974041085,-0.8353327851399049,-0.2528173319743857,0.2396648041687358,-1.3859411157193464,-0.2912389184709189,0.2813541604436956,-1.619591231128768,-0.2407465644977088,0.2950332699909871,-1.801798299991831,-0.1983641572749446,ROCK_INVERTED
0.0,0.0,0.0,-0.1902556118487024,-0.2064253030018961,-0.1178079808605726,-0.2912070883231177,-0.6015578405889488,-0.1554956174367034,-0.220824946078846,-1.0014153180960612,-0.1908965374812642,-0.1259315869047509,-1.241626339088692,-0.2018358303146731,-0.4312990598378197,-0.9259797118230906,0.0042897884169323,-0.4466507591447552,-1.4011755657407177,-0.1443682943274786,-0.3682615883981047,-1.1207278078968004,-0.2224460515961482,-0.3481827921946386,-0.8903516040837044,-0.2403492051862146,-0.2611368452640785,-0.9651163906742364,0.018918258309349,-0.2371177508121459,-1.376795592533083,-0.1201656494739389,-0.1830237675056985,-1.0097344445016472,-0.1581537590945085,-0.2117181914188609,-0.8575745214749986,-0.1396613464948081,-0.0989965921067451,-0.965818735397403,0.0027371863183127,-0.0647016617476195,-1.212930587805394,-0.1456347609883302,-0.0430081197738116,-0.830763303942167,-0.1307067105264147,-0.0808540970890463,-0.6893899224825052,-0.0707855360280192,0.0426192003239883,-0.9200193221490272,-0.022359508755086,0.0416751083148181,-1.154376972684803,-0.0968525085327299,0.0522987151976211,-0.8641863180432628,-0.0540057108957884,0.0364744721222995,-0.7074670445210101,0.0066320198711692,FIST
0.0,0.0,0.0,-0.1288134042423034,-0.4870373404625889,-0.155129109299894,-0.1522896964521781,-1.0716631121801077,-0.2513855119111765,-0.1844812775509711,-1.561050031263604,-0.3422617316599055,-0.2731708820754306,-1.8974910785255268,-0.4076955468522664,0.2933795386453329,-1.1994400241629055,-0.1115482856019443,0.5969044165362041,-1.3436823770573445,-0.2712074608695325,0.4498990651132341,-1.066939311580809,-0.3507621727698728,0.311195214860253,-0.9392962829132908,-0.3809250216473746,0.4098966431262763,-0.9070407026473034,-0.0962387951654435,0.6636515019956207,-0.9875715167883916,-0.282495038124969,0.4258828259065697,-0.6997672619150875,-0.3204402455026494,0.2741533060729956,-0.6432633535085296,-0.3054430153705973,0.482571007777291,-0.6438937820865251,-0.1067956233092505,0.6720854152356669,-0.6888083240613075,-0.2783329543541173,0.4427730888763106,-0.4643735434270387,-0.2383476815692884,0.2980514778505255,-0.4435723428436295,-0.1671520103200746,0.5291789530035855,-0.4004674324929652,-0.1283970088823461,0.6839738122589889,-0.4561228002172386,-0.2134774994517866,0.513356814065641,-0.3119587911309174,-0.1597081646562902,0.3866491295485563,-0.3134267260520262,-0.096282507240307,THUMBS_UP
0.0,0.0,0.0,-0.173827194559038,-0.2234395390557416,-0.0544078415468582,-0.266982520440424,-0.6113095185152102,-0.0939282247078476,-0.1909126402441321,-0.7978994137113672,-0.1442056682374811,-0.062295949785686,-0.8078058934435578,-0.1958274226118253,-0.1312271204428213,-1.074394779866464,-0.075803190802875,-0.1202833293169699,-1.580808416227707,-0.176124211486682,-0.1197018792846117,-1.877948660481975,-0.2407090183460514,-0.1212636580404679,-2.145568479641434,-0.291205621902813,0.0184723074882613,-0.9937855637764036,-0.1097680604077278,-0.0474033446663112,-1.2446083942999762,-0.2746986849804107,-0.097373177456922,-0.8551567913736495,-0.3016754079315885,-0.102907016867761,-0.6012173489872153,-0.2827858653945104,0.1565024783584343,-0.8594117809083464,-0.1538651787694027,0.0931618462864294,-1.07459832990217,-0.2976643311572963,0.0265834078665152,-0.6971225848217334,-0.249178882749634,0.0131272763278125,-0.4821485159835669,-0.1787237091615142,0.288499857084004,-0.6850147596476799,-0.204750313417996,0.2457912040490193,-0.8704190751094041,-0.2848749464712764,0.1630030386909414,-0.6383436848173419,-0.2387666995382402,0.1393387878128181,-0.5073340057079281,-0.1842941372582631,POINT
0.0,0.0,0.0,-0.2339425594217005,-0.0500454080416789,-0.058309603172588,-0.446082437221405,-0.4344104744361267,-0.0826488347229929,-0.3535207281052496,-0.8094330892819072,-0.1244291705799368,-0.1295542024331976,-0.925801459954031,-0.1543030990665132,-0.4794294416954259,-0.7983712915522327,0.0038952738802801,-0.6249770596928473,-1.2114513851012958,-0.1124291513156921,-0.5830160088189704,-0.9564488963306912,-0.1826774953947323,-0.498322130730615,-0.7360863023140894,-0.212525326956971,-0.3525965754102215,-0.9354816461064488,-0.023446637433814,-0.4889542831228765,-1.3971272500731398,-0.1418756859786076,-0.4594651708950168,-1.070977866724381,-0.1722981136841716,-0.3832482994332182,-0.8345037819598224,-0.1566762391659681,-0.2068327610917468,-1.0031037655769064,-0.073919975254946,-0.3245375581451176,-1.4668029872293906,-0.1665576045704186,-0.3173745502112774,-1.1455839024393857,-0.1582914244001519,-0.2560051383754889,-0.9039248988874644,-0.1225931097183613,-0.0468616657272227,-1.0321362434699102,-0.1360006210405149,-0.1384451318407181,-1.3577354888117783,-0.1859515874875233,-0.1750678981159593,-1.1608045522061607,-0.1764809600498105,-0.1422373901160333,-0.9719106437491672,-0.1553735573859382,FIST
0.0,0.0,0.0,0.2443880304030876,-0.0604423171812844,-0.1173163978736126,0.4521787013412755,-0.4020357419749644,-0.1579560239080216,0.5716791712217362,-0.7272301320105491,-0.1959050362805969,0.7230373326382536,-0.8727592419868894,-0.2304824825225255,0.3088756862518974,-0.9697543995441096,-0.0724356615312501,0.3675545138428984,-1.4435276678082123,-0.1378882019249387,0.3883577083167929,-1.7289924925708149,-0.1648931196606252,0.4089918145158843,-1.979077983289918,-0.1792554938728505,0.1621688567801269,-0.9848560609777612,-0.061317216554528,0.2011517091319068,-1.2122340075499398,-0.2320926656443855,0.2112300163284915,-0.8588251884574837,-0.2851364755059024,0.2164572876544405,-0.5780527037594311,-0.2678678263511173,0.0221551984784862,-0.9508145466234428,-0.0620262567766307,0.0514703865867745,-1.1385081492054352,-0.2279017621954371,0.0755605503893769,-0.7727544816646954,-0.2291133449884271,0.0932872932454686,-0.5292892743959355,-0.1722517599255675,-0.1164019693763254,-0.8977236371106286,-0.0706476302665299,-0.1318519189507674,-1.22573972284168,-0.1583794116791697,-0.1211999193932439,-1.4022563657571674,-0.1621601110461702,-0.1027612924300289,-1.6120848031965112,-0.1390931226539453,ROCK
0.0,0.0,0.0,-0.2210514436380288,-0.2813487460806965,-0.0131504265215009,-0.4023180557504832,-0.7885805792217462,-0.0735377759382228,-0.493831072014413,-1.2236114981238797,-0.1273693892500795,-0.651578446653615,-1.444221778642247,-0.1836131924419657,-0.286747233460961,-0.9893212646786964,-0.2643848246173022,-0.2843452711513627,-1.7752029898320412,-0.3782307915049581,-0.2510819281544621,-2.2086144181803427,-0.4310554831140343,-0.2342844447794698,-2.577573729270148,-0.4714343207982043,-0.1036052049778432,-0.9508462300912848,-0.2918174227538359,0.0159399816059402,-1.6444031899348823,-0.4225062082878649,0.0404582091967409,-1.386459132538609,-0.3962585611549238,-0.0088998508934402,-1.1517732660560105,-0.3602120666451696,0.0820179346864546,-0.8562658889221932,-0.3062084909994503,0.2010336809984465,-1.4881953777344694,-0.4014097500566801,0.2201794702046931,-1.2688089547325188,-0.3165037164611919,0.1850654239869059,-1.042796735898558,-0.2427167078167906,0.2565532191381227,-0.7542952027649381,-0.3182365591085379,0.3659374049463953,-1.3011729394544391,-0.411042590746086,0.4310396338927099,-1.596548290481792,-0.4083482173275876,0.4656736661382588,-1.8897627993906103,-0.3934207512792759,ROCK_INVERTED
0.0,0.0,0.0,0.1480426337095289,-0.3320768259083592,-0.148126401394028,0.1483088628758299,-0.8246673408568307,-0.2100242431402779,0.1124782292933891,-1.1920773392763264,-0.2549710578694195,0.1866746105735293,-1.4879423114345367,-0.2763812183599921,-0.2314222026115444,-1.0911349260004468,-0.0867653047542946,-0.2507011626911893,-0.8996242876191032,-0.1902323544497372,-0.1170324041575373,-0.7137632071329738,-0.2287573084387868,-0.080662750256001,-0.7421669219071485,-0.2451602045216237,-0.376250400365981,-0.9245704604623848,-0.0600424838328033,-0.3457879404484092,-0.6473424673718884,-0.1571127001265206,-0.1619162355341759,-0.4668462795573813,-0.1562534411957452,-0.1484722875870687,-0.568985161703879,-0.1365528441893209,-0.4698782297928494,-0.6791524780871986,-0.0576998497722522,-0.4214573314585296,-0.4365933344942753,-0.163543310181937,-0.2525621108131444,-0.3076434254381995,-0.1254966000180327,-0.238331193200158,-0.4128717533208688,-0.0798005421629181,-0.532869550422299,-0.4305606815780692,-0.0712481499048668,-0.476732693398459,-0.2541885460368496,-0.1324160585374809,-0.3353084480185531,-0.1597474989981286,-0.1066121598465778,-0.3076249893809087,-0.222148240843178,-0.0708855610916667,THUMBS_UP
0.0,0.0,0.0,0.2362973229292873,-0.1664519818390457,-0.0831267164771265,0.4252326092028768,-0.6245791781863395,-0.0980530109716225,0.5002387617052252,-1.035673816195626,-0.1058371538481475,0.4785372972768615,-1.3252146031345804,-0.0898752913013016,0.283804440306117,-0.9883838846583308,-0.0367467742936101,0.3364330522196267,-1.2580567373225875,-0.1267306818756172,0.310736645054173,-0.8896381737571569,-0.1448875885305548,0.2645243731134462,-0.8056596491371225,-0.1430074421276801,0.1298874327728743,-0.9910104260337044,-0.03205604935372,0.1845226561403604,-1.240225736372583,-0.1538803988948303,0.1862798738347109,-0.7931029127231498,-0.165144321002796,0.1446166079050772,-0.7263759366529189,-0.1416729171143476,-0.0238087619028055,-0.9416487417986444,-0.0421653420087843,0.0319123906623533,-1.153730351402351,-0.1790463909438256,0.0623635283014654,-0.714178420104469,-0.1281117687328881,0.0286593907331321,-0.6225077156500171,-0.0567551807096576,-0.1892517073263784,-0.8786761646298669,-0.055378795374506,-0.1179195790059762,-1.0345210047855111,-0.1361254021076087,-0.065256292800116,-0.7357307415515089,-0.0858272036825518,-0.0822345092713069,-0.6428059593435922,-0.0249055419929663,FIST
0.0,0.0,0.0,-0.2968915608421909,-0.1330422016792626,-0.0850013133669855,-0.486063154399142,-0.5471715553698988,-0.1103192040438833,-0.3491281035479042,-0.8737540646974081,-0.1465081336911796,-0.1136695088559328,-0.8264406503446067,-0.1654814791102578,-0.4345873278070692,-0.8622559873706047,0.0218368985618699,-0.5353483856868387,-1.208015431205298,-0.1123906354271314,-0.4876743824069892,-0.8520927216860315,-0.174103763094775,-0.4300152991989147,-0.7121972216856823,-0.1959284540323208,-0.2826180734209454,-0.9592159248405429,0.0056421722886812,-0.3875617519837533,-1.348752656819955,-0.1345345428962516,-0.3538596909990216,-0.9275463061220082,-0.1489308515276328,-0.2895448250419862,-0.8226576296713669,-0.1119690038204864,-0.1168835300429244,-0.9888195377036668,-0.042138959768119,-0.2082193697496221,-1.33275002951462,-0.1670391108107221,-0.1871294863828652,-0.8983226120017094,-0.1276699432226452,-0.1243332410435434,-0.7866693786569597,-0.0561998054872504,0.0661947784041888,-0.9768798619491484,-0.1032635137653272,-0.0289451690475058,-1.144965613828096,-0.155132054120328,-0.0390532568943145,-0.8681614218162056,-0.1180163257036034,0.0153478737272742,-0.7850797648976636,-0.0697696491742231,FIST
0.0,0.0,0.0,-0.214340685939488,-0.3616039262387936,0.0326345873703733,-0.2506920412216533,-0.7111976595382749,0.0223356013933462,-0.1558678340740511,-0.9649138577858613,0.0071101602159625,-0.0383354717970936,-1.086345868668734,-0.003690572705106,-0.1760465526992906,-0.9892115341143164,-0.0497035259290041,-0.2248680594742866,-1.3927724850097258,-0.0658719809157568,-0.2080195105688877,-1.2506357626299365,-0.058072444631509,-0.1940252011146467,-1.0737172079691029,-0.0447212483678143,-0.0015389217317303,-0.997087334499624,-0.0762527317565638,-0.0412958761784626,-1.3979228933939418,-0.0641620720747538,-0.0497173992012387,-1.2766288566555153,-0.0411711068587099,-0.0601439764495791,-1.112861868595832,-0.0272132181998027,0.1513697159057962,-0.9438333412262508,-0.0932781019770636,0.0965503603302102,-1.2490410070031774,-0.0673065286632781,0.0674686855536652,-1.147220114884783,-0.0321004791550744,0.0439273169138807,-1.0115252281439373,-0.017297850130118,0.2773640002497693,-0.8543063748695027,-0.1066055084381289,0.1983142106087314,-1.0738393446144785,-0.0694369155549518,0.1628612978585915,-0.9802136871846808,-0.0164205078360295,0.1487495493222588,-0.8561711732770259,0.0201213105688973,FIST_INVERTED
0.0,0.0,0.0,-0.1319666157699938,-0.5365762460512427,-0.0974869187549793,-0.1319966128427434,-1.141698841013555,-0.1315759576982799,-0.0622021578794218,-1.602337307544316,-0.1701859162292364,-0.0160970367730813,-1.9292997048681384,-0.1837910838284414,0.2201667429787704,-1.2027144058253505,0.0152538590574227,0.4025542612332293,-1.45356283829001,-0.1291738186921773,0.2392634870268109,-1.1924485721689206,-0.20374282751136,0.1217558400319018,-1.0152919358663397,-0.2286372652878224,0.3381266243236132,-0.9410708242686544,0.007489301291413,0.5003693995327041,-1.1647760827025315,-0.1650913144911752,0.27059561936865,-0.848161156638192,-0.2085780281389075,0.1603275190704967,-0.7093601445084526,-0.1913956028209377,0.4186053531227323,-0.6758055708146723,-0.0283374423865314,0.5506824644391835,-0.8631745016944716,-0.2024736950299497,0.3204648035403917,-0.5944383211265147,-0.1626755771285176,0.2081656356202439,-0.479762169973298,-0.0822591503984142,0.4786769594173698,-0.3943669589214991,-0.0706575926576189,0.5738637466083297,-0.5695813796909893,-0.1604058025791088,0.4004711733711501,-0.4032069823478692,-0.1080505042098686,0.3085309048132156,-0.3333437999140707,-0.0398232301746837,THUMBS_UP
0.0,0.0,0.0,-0.2023506920109805,-0.2970150828650275,-0.0144157009451149,-0.3048484451633513,-0.6744545742057602,-0.0397384160461979,-0.3257002718355973,-1.050349268354403,-0.0612927894627708,-0.3924762490718683,-1.3089039551655357,-0.0876536155915607,-0.1184655498389176,-0.9764820798171644,-0.1271835418478151,-0.1752635206909526,-1.570825697455991,-0.196217551781643,-0.1988842150996819,-1.912845378359514,-0.2304790195787825,-0.207216726589865,-2.190755465283305,-0.248563749339152,0.0464585248075214,-0.9867672843872366,-0.1553445587580959,0.0680836434648033,-1.6580753425674029,-0.2203672920066737,0.0847022102176478,-2.052812886801982,-0.2558764413429633,0.104548208513253,-2.352300487512545,-0.2782610363626733,0.1912957690118357,-0.9250563122208008,-0.1783122655814254,0.2574417793825948,-1.5507397604028572,-0.2451770712087816,0.3022993511186045,-1.9127514448884813,-0.285616307923921,0.3361105508643814,-2.1813978537396794,-0.3091375489939246,0.3120002792886942,-0.8149838966964419,-0.1970768324570433,0.4252876189099425,-1.2281145334735897,-0.2528978824476396,0.4924056365026908,-1.4724533594091325,-0.2727764894414089,0.5414861303712085,-1.688416108964922,-0.2813639358614664,OPEN_PALM_INVERTED
0.0,0.0,0.0,-0.1804820993645425,-0.2046198420513975,-0.0561010354042816,-0.2697693023016159,-0.5574650681944398,-0.0851237479915698,-0.1521164669153424,-0.797612899175776,-0.1269179334171215,0.0045525642662405,-0.8760100550546872,-0.1688788161883599,-0.2060182370308082,-0.9693063683057048,-0.0314707690283357,-0.2463957711298197,-1.3861931787821389,-0.0876774524217713,-0.2699809605383147,-1.626703400314533,-0.1251968338060337,-0.2910584284333739,-1.8359115445649723,-0.1527478540346682,-0.0731920776219006,-0.995723426234368,-0.0563717856864637,-0.0714101922049073,-1.476904624059615,-0.1207671681366552,-0.0897686759727041,-1.7602771550778618,-0.1671203219736934,-0.1016025473299652,-1.991170443955265,-0.1945184916571729,0.0497862372488637,-0.9165147159700088,-0.0912837939252497,0.0383825398281208,-1.2369634400919285,-0.1903882218385764,-0.0234337977226817,-1.0154038178929243,-0.2120629648808558,-0.0594180716987125,-0.8047151209799199,-0.1975775301274927,0.1640181216580633,-0.7731924180094928,-0.1312052572738916,0.1499302549228235,-1.0183385483598997,-0.2052451299847749,0.0880630138957806,-0.8892863674044788,-0.2047115501200004,0.0477226683467685,-0.7274900637974443,-0.1877633300177842,PEACE
0.0,0.0,0.0,-0.1525633867383498,-0.1418663980358513,-0.1041219594142967,-0.2765536164631963,-0.4377245912296882,-0.1812483752490369,-0.2002609758428425,-0.6022387733625102,-0.2557166529961213,-0.0296168873410835,-0.6337191877143873,-0.3248504495663292,-0.1049777644560405,-1.0423881114419058,-0.1479791246254216,-0.0867842644336497,-1.5168748192852497,-0.2671622812491709,-0.0835746412462611,-1.7874533151968095,-0.3376489987063607,-0.08412810100839,-2.044967583268052,-0.3937693543673531,0.0700554789044242,-0.9851229019527292,-0.1569238602753112,-0.0116284750622958,-1.1170837005453504,-0.3067177483598208,-0.0657289589511972,-0.7263104838935989,-0.3147070591987594,-0.0453546002066269,-0.5794635022897863,-0.2964124356757642,0.2087621399607905,-0.8463757776388411,-0.1809806699215549,0.1376571106711974,-0.9040048793001138,-0.3159201254876118,0.0474525923945668,-0.5720107799746093,-0.2520884706671427,0.0444901830818998,-0.4706616828523463,-0.1831862985316865,0.3223688326561318,-0.6567170067034805,-0.2178740322981566,0.2756922479400632,-0.7347908620915872,-0.3049697217776037,0.1669766207840564,-0.513612599274825,-0.2619772161936054,0.130725976374211,-0.4274984729006784,-0.2129081894117668,POINT
0.0,0.0,0.0,-0.2094038182209645,-0.1825666501757691,-0.0796488902647438,-0.3227062376743013,-0.5433703026435271,-0.1052586781876581,-0.3453671067108547,-0.8869438457757646,-0.1254832271058692,-0.4089089817548762,-1.1314604008820073,-0.14483495816383,-0.1788244511223271,-0.9771663980102469,-0.030799228545103,-0.1841125041371769,-1.3530905739000227,-0.0845189649737338,-0.1872475916492583,-1.5847690003755497,-0.137226768594704,-0.1873521891635628,-1.8023230123152845,-0.1790797738627049,-0.0497756461822139,-0.997993972629416,-0.0391205271245128,-0.0445230671305488,-1.4046476211591907,-0.0837429150173424,-0.0401259173625371,-1.6632955842396822,-0.1357990555999738,-0.0380708599981583,-1.8996825205258017,-0.1776620315854841,0.0608822399927953,-0.9348222430526814,-0.0621154278669039,0.0773537132870664,-1.3088710625401545,-0.11529234297781,0.0818856641151799,-1.5489324932871236,-0.1573350706024861,0.0796161413048047,-1.770086909781742,-0.1895621906217793,0.1682615211360961,-0.8114119738836827,-0.0941467189401451,0.1968249535840384,-1.1008129237740554,-0.1468646263059866,0.2107236523597956,-1.2944706605707852,-0.173877276445493,0.2190796964192175,-1.4840242625354088,-0.1939580734625344,OPEN_PALM
0.0,0.0,0.0,-0.1508071767051869,-0.1712737890211585,-0.0936973935523837,-0.2585411429994583,-0.4704388058079224,-0.1595348603299332,-0.1807753852276792,-0.7513887206227802,-0.2274624081164041,-0.057505626635082,-0.9599221002647412,-0.2900949191583743,-0.2541429702394859,-1.0242950189113598,-0.1054645411322641,-0.2877041985642046,-1.5443680673327147,-0.2166785885148735,-0.2991944434458461,-1.8414494788301763,-0.2830614221616641,-0.3095232007837121,-2.112077312944103,-0.3303434794009566,-0.0996584502804168,-0.9874565509831376,-0.1224653143065071,-0.123883020059185,-1.2638517629943335,-0.2876904334615798,-0.1498998959306261,-0.9063754720490428,-0.3148207312729382,-0.1538873318776942,-0.7077118927764046,-0.2947761689602323,0.0400044302494819,-0.8886739765554039,-0.1526834407862942,0.0076383199360612,-1.0589340295353218,-0.3017901306118375,-0.0358466164191561,-0.7038238645348075,-0.253526963212251,-0.038239077987397,-0.5506168077758968,-0.1810301538443579,0.1680939788603306,-0.7455914215007295,-0.192641675508467,0.1344120765050898,-0.9021449570609844,-0.2754533016435895,0.0760327995629695,-0.6662316784815209,-0.2271106018975549,0.0625061804162672,-0.5527182174303579,-0.1684750008268217,POINT
0.0,0.0,0.0,0.1757804830326488,-0.1734193617384455,-0.085942854280567,0.2811797426597706,-0.5052250215173478,-0.1166233777068561,0.3090169747619292,-0.7930498474883252,-0.1414546862686229,0.3721957406620588,-1.0000540118414694,-0.164291514982855,0.1016066089276951,-0.970369224631589,-0.05614527648791,0.1328592616766294,-1.3124057082886051,-0.1076874463586631,0.143737080707496,-1.5328736673404826,-0.1515453395591419,0.1449185937025913,-1.7220209058236675,-0.1865651050441987,-0.0255540028491218,-0.9979865144707882,-0.0580509248232456,-0.0498512070880697,-1.4020178451010652,-0.1045073747098234,-0.0688793204959294,-1.6486258518832224,-0.1449655547399747,-0.0919184229116593,-1.85351570344326,-0.1746217589791502,-0.1285751994124686,-0.9292451340632052,-0.0724826559485991,-0.1848752058778917,-1.310278964848002,-0.1281572642582047,-0.2177479529347961,-1.5443539717862926,-0.1721114323223068,-0.2447872176654157,-1.7561024331024335,-0.2021134892539206,-0.2150138119685455,-0.7743866337327774,-0.0952236295841787,-0.3165040339466983,-1.0039409951158478,-0.1571172519904281,-0.3807305831341805,-1.1665460945211097,-0.1925017041025876,-0.432704924765193,-1.3315609350918305,-0.2140991396193196,OPEN_PALM
0.0,0.0,0.0,0.1521710862840238,-0.1896615958310198,-0.0732829553754826,0.2539243058659954,-0.5038086322218556,-0.1306574594551966,0.2859872535143071,-0.8034956400216634,-0.1943488452861088,0.2464710776513694,-1.058476171061802,-0.2553368291338531,0.1663295836584581,-0.9962291212015664,-0.0658321024167308,0.2233187911688514,-1.3579143723121168,-0.14753477692941,0.2622578820805676,-1.609943668975168,-0.1819474960610205,0.2703611246217112,-1.825302671031064,-0.2039583007167778,0.0322224686301598,-0.9960018663408152,-0.0833186339361801,0.1583300586193847,-1.1033088791412449,-0.1980398967016754,0.1764107709190436,-0.7294303752734077,-0.1976128317088053,0.1217225910334275,-0.6369463061083553,-0.168023517620998,-0.0752693691438104,-0.9188791481781018,-0.1121241857451829,0.0581166302277013,-0.9307112177231702,-0.2479825558829369,0.0769818624827221,-0.587464398460235,-0.2011607303614844,0.0162590173235954,-0.5207486444245351,-0.1365752380864739,-0.1795052662985264,-0.7911334374187039,-0.1466729258587523,-0.0584433692230912,-0.7959186820225641,-0.2401920052543425,-0.0173945219241817,-0.5586990516152188,-0.201206022582356,-0.0595627100571211,-0.4957756250949153,-0.1497517505627716,POINT
0.0,0.0,0.0,-0.1631711618256879,-0.4163708563880099,0.0306868091179959,-0.1713017478255523,-0.8078710056315732,0.0046934636365286,-0.0661348158507593,-1.0707476178201434,-0.0291637953190455,0.0622318045861774,-1.164712867396022,-0.0685562889282906,-0.1755008024591972,-0.9935062258598144,-0.1016750507143666,-0.156868572918792,-1.5721135625607578,-0.1585228537891304,-0.1320590307857083,-1.905458631829063,-0.1881758781623312,-0.1166313057230869,-2.1780379711573468,-0.2108957188607165,-0.0207883256538639,-0.9898436319809364,-0.1406322500115008,0.0924096076683816,-1.4043347543973876,-0.1836893096734909,0.1005578714171948,-1.2231552697175283,-0.1594523645603172,0.0580961541454288,-1.0347295578918851,-0.1361347507812273,0.1448139980589264,-0.9097325521079144,-0.1688512701214302,0.2067332600436885,-1.194084093719521,-0.167877491320584,0.1997538490553718,-1.0459070807005697,-0.0971722334279509,0.1637141044217362,-0.8968789429955617,-0.054243510540465,0.2854343626605522,-0.7889277655613283,-0.1976016980962187,0.2972845827425693,-0.9789161903940482,-0.1649297119519094,0.2757900899440295,-0.855570993471856,-0.0924961300074644,0.2523484520246061,-0.7388886579801367,-0.042159708469004,POINT_INVERTED
0.0,0.0,0.0,0.2344374202566203,-0.0675709764237801,-0.0996297832357156,0.4491435161086521,-0.4471529382192278,-0.1284794518715008,0.5701488594640164,-0.7864582268509498,-0.1590523838397331,0.7247430674910211,-0.9234812163967564,-0.187873363115924,0.3365953033161081,-0.9314371525412102,-0.0452452306913194,0.448069258977178,-1.3549410749179214,-0.1099138228761082,0.5091938232375802,-1.6115743514848822,-0.1365098282103565,0.5644118569196966,-1.8459545379180693,-0.151991142761717,0.195664330347994,-0.97971381015907,-0.0433165097055279,0.2907163806607025,-1.1973756345280884,-0.2147981097515079,0.2649633335521843,-0.8276248497451197,-0.2639157061105051,0.2272915962813156,-0.5446834304302185,-0.2432654890483056,0.0538580421207438,-0.9682934164999752,-0.0536534861046037,0.1257461875804387,-1.1615159635758352,-0.2249400338236831,0.126933028713957,-0.7679918423921083,-0.2201618608295912,0.1191770487121298,-0.5118320851542083,-0.1581755290631945,-0.0920754568069256,-0.9318159100461568,-0.070413890577837,-0.0821245959003817,-1.2557332694409549,-0.1648856696136003,-0.0535654975903356,-1.428285567616414,-0.1706391540501111,-0.0174106739840748,-1.638909805139506,-0.1493425841904618,ROCK
0.0,0.0,0.0,0.1969292426358828,-0.1859733567775673,0.0528886090906589,0.3012611977539187,-0.4268819683996255,0.0834344688107184,0.2972787072350486,-0.6220348458686549,0.1100826135717829,0.2315694591280558,-0.669324613962282,0.1324502557693141,0.1135457320561413,-0.98319856957126,0.0013767673839612,0.0649999015855883,-1.4270658692611389,0.0286500672451252,0.0322908377451021,-1.6745426836487085,0.0435645013750119,0.0097063979125636,-1.8607114279071308,0.0483533941763731,-0.0387803780183212,-0.9992281861824308,-0.0062541361774135,0.0120289022304497,-0.9979645113062507,0.0491782149584799,0.0345413693427676,-0.8509869893440751,0.0804592503522425,0.0433304610952126,-0.741655813693156,0.0864284662091156,-0.1506211409233406,-0.885225473489248,-0.0010130404878992,-0.0839412991614506,-0.8305677288448381,0.0537552085085869,-0.0594242072455541,-0.7119788313737558,0.0736750861732328,-0.0536705419002309,-0.6118225627783872,0.0689988129453537,-0.2521486974525267,-0.7664335760380565,0.0087104644847558,-0.1890193945472858,-0.7371042311845933,0.0512855652491522,-0.1595755161823178,-0.6303963689129949,0.076354260591114,-0.1458951629773204,-0.5352784214148599,0.0907492083283652,POINT_INVERTED
0.0,0.0,0.0,0.2242956737536919,-0.0963258288566687,-0.0998208251014317,0.414318658192466,-0.4746346949765281,-0.1368238613989043,0.5510015275550914,-0.8012824394904612,-0.1758019204397803,0.7081138819194625,-0.9153178456857785,-0.2120031643677108,0.3098102275690726,-0.9619678132310222,-0.0581551325624021,0.3782476688992427,-1.4333593362360606,-0.1230591362049463,0.4052653996379308,-1.714255982472707,-0.1469180078287024,0.4316079959014667,-1.9596343794500488,-0.1581624707647801,0.1705062644041622,-0.9836978795314708,-0.0571497646909061,0.2150102587704869,-1.1976910854106997,-0.230845592090757,0.2167122713787395,-0.8395281758851415,-0.2797993683070841,0.2154695186463076,-0.5614109502050362,-0.2572976169853097,0.0316913175617944,-0.9597433784779636,-0.0670856457742096,0.062387899567372,-1.1320638036079766,-0.2317140206540784,0.0856961804288623,-0.7685593311746451,-0.2281069462878606,0.1018553346048224,-0.5227839944268813,-0.1665675967141544,-0.1081937384777791,-0.917990311466838,-0.0839949483922791,-0.1146856968446684,-1.255074427865483,-0.1646131455708578,-0.0957874056037199,-1.4393226965918433,-0.1615268616574972,-0.0704716874732844,-1.648224181427284,-0.1337128301576538,ROCK
0.0,0.0,0.0,-0.1439837894156429,-0.1372433645949317,-0.1097453330615815,-0.1935924458959931,-0.4112524506273368,-0.1711620834741664,-0.0753972777049231,-0.6353272803144645,-0.2315554952058562,0.0285331356019929,-0.8017080861255824,-0.2849229930370497,-0.208791215537444,-0.9601618526119592,-0.0964387122825512,-0.2461723522202084,-1.400311472543279,-0.175220040996395,-0.2614351782567639,-1.6680110036578928,-0.2263732421960615,-0.2699196290800367,-1.8941975188832572,-0.2596621421206324,-0.0713948407609985,-0.9921656362173868,-0.1025189105582958,-0.0681787262822622,-1.4604138960140949,-0.1873544221911931,-0.0592388707481333,-1.7510154012954031,-0.2445489421541511,-0.0478452926981343,-2.001095677061476,-0.276103213028461,0.0507379828121544,-0.9028939850550786,-0.1208729259954934,0.0743680243828292,-1.128662562517667,-0.2387731703853766,0.0572175893297798,-0.8578178624034233,-0.251331079169882,0.0452027851083901,-0.6510196467815885,-0.2261136929347656,0.1572369367016373,-0.748042846918276,-0.148469350126386,0.1726012860813772,-0.9134773101375674,-0.2376730924452992,0.1442201937719153,-0.7412021073656088,-0.2301827847879356,0.12241370482263,-0.5904152870676241,-0.202874350051307,PEACE
0.0,0.0,0.0,-0.1956372205219491,-0.2059452910843847,-0.0726730495060494,-0.3185484033744487,-0.536681249323356,-0.1027833867550218,-0.3511570103554518,-0.8639715030332279,-0.129830279511837,-0.3473024000659526,-1.1329619904133077,-0.1528404797392248,-0.1616564808387082,-0.9736451755982238,-0.0136886987079263,-0.1817270136895999,-1.3246253239470958,-0.0665931426218692,-0.2032282660342635,-1.531887165393032,-0.1193542726655488,-0.223066354537889,-1.7253287332353329,-0.1611617945857578,-0.0337694266402717,-0.9991454521698092,-0.023832566642615,-0.0362699309326206,-1.3908452233054092,-0.0683946426466354,-0.0487840696043105,-1.635711372453882,-0.1179722002384226,-0.0674905817702537,-1.85711876938192,-0.1568401298934066,0.0797783851447348,-0.9431544060199082,-0.0491923272387894,0.0965520339318598,-1.307286237510395,-0.1027383638072114,0.0908191411206125,-1.541149687060397,-0.1413618125337199,0.069761746314546,-1.755705333681428,-0.1699449936759752,0.1915513676655229,-0.8207106155709809,-0.0828835943421074,0.2396630411700724,-1.0911117927725131,-0.1338143315587001,0.2530765121289016,-1.2751790733759072,-0.1576731013724428,0.2484801029250548,-1.4527595443019532,-0.1743078944562139,OPEN_PALM
0.0,0.0,0.0,-0.2211811765724278,-0.4016400555219455,-0.0286045184133152,-0.3790844601462884,-0.9824155878429466,-0.1198146153609601,-0.4596656517188401,-1.4491845381186756,-0.1931747729837235,-0.5982782671716967,-1.7930758771577582,-0.2675688102075188,-0.2627260840847337,-1.0421625522151952,-0.4089824693155615,-0.1641295805295234,-1.953724129121989,-0.5661254344604796,-0.0652792489857716,-2.4424384515682696,-0.6300808280315239,0.0084800563865751,-2.8467887683882744,-0.6759882745928113,-0.0564341206095544,-0.9005881785491016,-0.430994341829029,0.1499708999237865,-1.731319139033379,-0.5773417177123096,0.148838775293261,-1.446277171617269,-0.5050954732094143,0.062484033013996,-1.219836705023076,-0.4455791555961413,0.1499964122267164,-0.7430472473792915,-0.4389344957236503,0.3412559310968274,-1.5008672836916996,-0.5430344368595021,0.3323602961310534,-1.261703041651484,-0.4086824407479831,0.2617787617703555,-1.0196850477972377,-0.3091574900974406,0.337638105235656,-0.6101455026604675,-0.4465587244253904,0.5237458224669046,-1.2566653331033897,-0.5790875621579873,0.6387928402570453,-1.5540930703277194,-0.5821858176671032,0.7143255744432123,-1.846256984887632,-0.5704682241379038,ROCK_INVERTED
0.0,0.0,0.0,0.2044442240898369,-0.2117310725275347,0.0246583826455268,0.3146389857565043,-0.4672612059716538,0.0274508147180212,0.3615058777145063,-0.6297500416366024,0.0323224154868332,0.333213408205544,-0.6549454412452479,0.0345836007655126,0.1290387064176106,-0.9791364123374142,-0.0909114676297191,0.0977981102553732,-1.5361976511316413,-0.1183577517545204,0.0776960199050476,-1.864920395448398,-0.1370107223987545,0.0578808202386212,-2.1026339426794745,-0.1498563589798748,-0.021729470257601,-0.9959210167741834,-0.0875737316197081,0.0213579868067157,-1.0570522234937594,-0.0779354510407673,0.0412111719992333,-0.8836275547909777,-0.0435744384053822,0.0507317942853924,-0.7584115167934588,-0.0291623244920734,-0.1436488893904358,-0.9095011959641724,-0.0728896705472072,-0.0961502381563908,-0.8883712472663924,-0.0483182011665154,-0.0730292981009229,-0.7532017519090962,-0.0141971752122122,-0.0605895381156109,-0.6374843445773678,-0.0038763295208433,-0.2508096821129575,-0.8322023997020325,-0.0553376280643405,-0.196057544728933,-0.8166238357186587,-0.0351646779954728,-0.1692163972119089,-0.6852126583013984,-0.0063681481109951,-0.156507864639024,-0.579912281690626,0.0151603005988168,POINT_INVERTED
0.0,0.0,0.0,0.1459117284004492,-0.137238193262219,-0.1329680723897929,0.1850392339206539,-0.4232897151784975,-0.1920018209043047,0.0524763380102287,-0.6264871700068827,-0.245759924044283,-0.080972194279428,-0.8067864853825064,-0.2907431504658232,0.1352869341789979,-0.9912070110869348,-0.0856048340456902,0.1659172125771892,-1.393655095678925,-0.1754752642263111,0.1795878134666527,-1.6499076369273389,-0.2330240733128691,0.1849504529281351,-1.8763379572857408,-0.2686415529075694,-0.0033417433097415,-0.9963471128816708,-0.0853303193713178,-0.061968547592655,-1.4430526058421915,-0.1901103343348792,-0.0953991055637289,-1.729383177620078,-0.2550313724157923,-0.1226052966996071,-1.975545282560581,-0.2832206124088046,-0.1052981862295723,-0.8763839284876718,-0.1017750650334886,-0.1948601505299954,-1.0586133526724042,-0.26130088212854,-0.1394933307897015,-0.7867094413850545,-0.2964071186349647,-0.0885217553645368,-0.59169505269009,-0.2718833758017666,-0.1802535873126221,-0.6740634158546933,-0.1271425512375605,-0.2380276927973327,-0.7448673441613943,-0.2618059598701128,-0.1798229744195296,-0.5553257769883075,-0.2788126194106631,-0.1206549571935214,-0.4136428494414951,-0.2570569709506116,PEACE
0.0,0.0,0.0,0.2273690738187912,-0.1233159539576743,-0.1019524550920262,0.4225265385553783,-0.4720544596889506,-0.1340449028564897,0.4688258751250184,-0.8793797224001251,-0.1578254936679748,0.4599392229282814,-1.201720216503188,-0.1605936281033955,0.2909704678917597,-0.9506674228175728,-0.040538829822671,0.4111127384655757,-1.1590127437712852,-0.1352591239587884,0.380271541873133,-0.8068119353418804,-0.1573658021354604,0.3148341337858179,-0.7324336795484496,-0.1596061301745284,0.159970889138247,-0.9865329947586774,-0.0340876059704123,0.2863037264513425,-1.1930726455379297,-0.1517184606972202,0.259842204460576,-0.7476558432452266,-0.1641672856372006,0.1834980912449117,-0.6822542832292194,-0.1436432504118223,0.0214444856173331,-0.974606313207722,-0.0459717664515499,0.1464728200835837,-1.13473061515507,-0.1990947565980906,0.1359794968483871,-0.6847114285893374,-0.1622413868180737,0.0615848694948313,-0.6021801358537298,-0.0972531293072658,-0.1421130453955076,-0.9260567339257488,-0.0604871833054802,-0.0031985229923236,-1.0399344834714457,-0.1663651852257295,0.0246252257081419,-0.7189008914955906,-0.1290522385846862,-0.0299022311656268,-0.6165275501569393,-0.0738202312681091,FIST
0.0,0.0,0.0,0.2199357173419712,-0.2221100243044892,0.0157852882435663,0.346492513778903,-0.4744781261234878,0.0147154558046307,0.3886907807376557,-0.636750789921231,0.0180688373231101,0.3398940873827534,-0.6652372565190642,0.0216293310415534,0.1352510040666601,-0.974174337062744,-0.1032703318409527,0.1050737174463479,-1.5314491612191157,-0.1357664870121146,0.0884295348166128,-1.858198997980558,-0.1561420732250615,0.0730052695207503,-2.0988535527236136,-0.1694022090717521,-0.0291992385989735,-0.9948464868910134,-0.0970972295477524,0.0620876763479168,-1.0919186339064813,-0.0884282218815177,0.0844599585447255,-0.9156099994309156,-0.0502033654587607,0.0796263475694784,-0.7724485349137471,-0.0335585260884039,-0.147575894077197,-0.9089750787056118,-0.0805714411285263,-0.0499098962366266,-0.9226946813024196,-0.0561889860010873,-0.0281494603444691,-0.7814578521993468,-0.0175545397222504,-0.0302860145526895,-0.6551328576738029,-0.0055579364552373,-0.2443670347581756,-0.824872512901571,-0.0624124724909608,-0.1479355519831396,-0.8359061328726126,-0.0421755057401221,-0.1252552073112618,-0.704599284889946,-0.011577597397689,-0.1278455496261404,-0.5948877674206418,0.0094785549641772,POINT_INVERTED
0.0,0.0,0.0,-0.14795417004776,-0.1247330374710895,-0.1087796390417417,-0.2624770085616965,-0.3822800084085037,-0.1901409666393232,-0.1668251494235495,-0.5995324071034649,-0.2695501649005569,-0.0271540954008212,-0.7664440036772049,-0.3425070970502869,-0.2501375066426257,-0.9786921579021453,-0.1454348006052842,-0.2974266478602216,-1.4731773796785506,-0.2646977129560546,-0.318179319039124,-1.7559806888140803,-0.3362983301203116,-0.3357467059908028,-2.018075315364831,-0.3903923793456342,-0.0858226396570544,-0.9843859395229476,-0.1536840804762129,-0.129150512346455,-1.1153125710466192,-0.3171013570111158,-0.1302284241572367,-0.7443854450171072,-0.3390307230828205,-0.1131547294851114,-0.584369729963868,-0.324014228329202,0.061371101476641,-0.9099039419404332,-0.1762719685522628,0.0281162343319967,-0.965366291449338,-0.3101504897479607,-0.0029631737026928,-0.6482271432822694,-0.2555083203268049,-0.002058156192292,-0.555603739470558,-0.1911313793987506,0.1958020301623095,-0.7866948223735858,-0.212384149891568,0.1691729928211995,-0.8574521973139718,-0.2892589357396411,0.1075667754965479,-0.6354951866017146,-0.2466502287504697,0.0843112170636069,-0.5561094170482206,-0.1981560072465446,POINT
0.0,0.0,0.0,0.1514707009729618,-0.1400711319467206,-0.1073651088032556,0.2213945401115776,-0.4606958794026931,-0.1478077324828707,0.1285565948635666,-0.6896382726437377,-0.1877577738067012,0.0326061230332945,-0.8414180336834588,-0.2209974723601038,0.1925392737675829,-0.9816533240000004,-0.0657612398261497,0.2711240398603052,-1.3838155909440688,-0.1452643263813477,0.3139297170770385,-1.651960280321207,-0.191068443926519,0.3425937513131,-1.8801050469186444,-0.21359161336063,0.0539714969265975,-0.9957498758605065,-0.0746274898632411,0.0493907920321343,-1.4736523551243084,-0.1736503543189248,0.0412001282826309,-1.7913769713801109,-0.2307759536518473,0.0339173880605227,-2.0544390430770094,-0.2491810907397701,-0.0653786923579407,-0.9026281330126366,-0.097321210739575,-0.073441709152049,-1.0439143419522363,-0.2551727044106227,-0.0182575184841669,-0.7269529381870181,-0.2808446616000032,0.0188701094739864,-0.5026611267771839,-0.2430611628030762,-0.1703874268481344,-0.7431889826688314,-0.1268077587240181,-0.1690802610136485,-0.8765749985632508,-0.2474169602445778,-0.1059911107973973,-0.6569112710895761,-0.2423682085694941,-0.056619861428337,-0.4811914617941109,-0.202301411750055,PEACE
0.0,0.0,0.0,0.1310168419945556,-0.4271550844182452,0.0382182575138736,0.1687022203937002,-0.8923626348870922,-0.0038935223255346,0.0873482779492278,-1.2168232334472877,-0.0578312834036182,-0.0343878791998384,-1.4013865565008023,-0.1224076593121399,0.2970439540123319,-1.0667149746388545,-0.1265513237800689,0.3512605701608675,-1.6554189304421438,-0.2338416330342082,0.3645083175076202,-2.0192025071425643,-0.2901121281788869,0.3838827691929484,-2.315206379475767,-0.3289856812505055,0.1936484565332747,-0.9618508406601582,-0.193243979475758,-0.0465566633093637,-1.575677429083512,-0.3121519321138883,-0.1207521106566082,-1.3517745460488182,-0.2998579979892342,-0.0623931791015574,-1.1496553418324986,-0.2783581223819239,0.0400794531602845,-0.8463197227534831,-0.2527545270323871,-0.1917442608147921,-1.4248172695559724,-0.3521005173828531,-0.2260808220758169,-1.207334132014639,-0.2768822313268677,-0.1481956292225689,-1.0265223075299894,-0.210146468205208,-0.1174223054568233,-0.7418100970986242,-0.307501297514,-0.2963315066389427,-1.1954729696441857,-0.3712222746772687,-0.3090940921908955,-1.0392462974176535,-0.3154732319728392,-0.2487554889516419,-0.8790336936984283,-0.2613561426067519,POINT_INVERTED
0.0,0.0,0.0,0.1935336606904579,-0.1070401169831115,-0.0971067541231312,0.3362749560367553,-0.3783038322828336,-0.1353274958938775,0.424040970651751,-0.6321491840588398,-0.1675915133741218,0.5251665899779131,-0.7893101490279968,-0.1962549232002511,0.2172157680629602,-0.9190619870337088,-0.0634092697165935,0.3078461373786785,-1.2454076326690942,-0.1187808633699651,0.3509354358215568,-1.461626575284254,-0.1657453765669655,0.3789176480962104,-1.6531631908705968,-0.2031876387507669,0.092884927660515,-0.993675979584553,-0.0630907109658775,0.1227929066604892,-1.3996665493587677,-0.1134537200981747,0.1423058541224598,-1.6536114943582771,-0.156815314453026,0.1512707626994659,-1.868176921499451,-0.1879494736090076,-0.0209375325038136,-0.9588535439413906,-0.0765282596561109,-0.0497249760877792,-1.326645512456317,-0.1340555832442075,-0.0608504770265098,-1.5660161727030255,-0.1796914312853645,-0.0660513870040257,-1.7880527887112088,-0.2108949484126918,-0.1235268595910068,-0.8312479175718568,-0.099805897957466,-0.1939322122270247,-1.0772855179103062,-0.1601776799319038,-0.2384156371563966,-1.246256184797598,-0.1929234182224679,-0.2703963163818377,-1.416675285507608,-0.2131679292708047,OPEN_PALM
0.0,0.0,0.0,-0.2319279022859979,-0.7195317536280333,-0.008800085064571,-0.5834555527536448,-1.261548946449805,-0.0795992348666319,-0.8566311450425546,-1.7459388311915327,-0.1487777463420691,-0.9761372721467249,-2.235295346228883,-0.2253847729785462,-0.8281945461429499,-1.0427961220191422,-0.2647781979223116,-1.3620951985954866,-0.7409583404540029,-0.3386298298494259,-1.2969852741010337,-0.58576373007345,-0.3407144788129056,-1.1727408921442433,-0.5848030964088865,-0.337497620028282,-0.7959231250765998,-0.5213254350478658,-0.3077761682464267,-1.2965966502233537,-0.2465854923979741,-0.3623238356199368,-1.1268269305427907,-0.2110831800971725,-0.3160495828353042,-0.9370550783707102,-0.2787315854773103,-0.2969063487470967,-0.7353464317021654,-0.000791387323126,-0.3352351285088711,-1.1800831840603712,0.1619430404505235,-0.377823238824173,-1.0092934873778043,0.1486912661518536,-0.2758411510631678,-0.8246386590857634,0.0919568931997977,-0.2193398533536278,-0.6594923638286937,0.4925137091307207,-0.3591015138204947,-1.0161443221961382,0.5338162435176932,-0.3924625117688165,-0.8717806207240753,0.4893301640246964,-0.3079173229087236,-0.7171892985681901,0.4471188410549678,-0.2465080553641488,THUMBS_UP_INVERTED
0.0,0.0,0.0,0.1528548666371935,-0.3527039326703732,0.0482140870208489,0.1385335273873956,-0.6632397634389879,0.0701874904875173,0.0468289553730216,-0.8030953859547562,0.0800655514343731,-0.0696930961318393,-0.8119685325650483,0.0852895085779669,0.1495745726588292,-0.9459294033342682,0.0803296506213785,0.0728358773506086,-0.8869527251588518,0.0952662772771866,0.0635470476790874,-0.7374389039790537,0.0762819850564826,0.0792443721927747,-0.6462931026271089,0.0576903305381605,0.0100938939771752,-0.9984741437438454,0.0542908609194234,-0.0544434742824467,-0.8709546450877966,0.1031852593710088,-0.0619336313406789,-0.7159670441749714,0.0997574554411324,-0.038908534898593,-0.6244474425461649,0.0838334207021668,-0.1364149446327618,-0.9387770244994488,0.0323570263204945,-0.186708306701776,-0.8207270375607925,0.0725661655117528,-0.1791521092122207,-0.6718787667018616,0.0718019119055421,-0.1445783710233146,-0.5846499348285268,0.0569568547033117,-0.2798693418216735,-0.8381229734281883,0.0132996335425402,-0.3155303170682508,-0.7569245477804615,0.0432277396325948,-0.2975315835842103,-0.6102190173231204,0.067441738052298,-0.2700124500850477,-0.5177309656462306,0.0833069108619113,FIST_INVERTED
0.0,0.0,0.0,-0.0433885605554139,-0.189689814192384,-0.1963092632050524,-0.0115630075594002,-0.484495262891581,-0.2376547571788982,0.1274100126747804,-0.7291153949599505,-0.2436623491115547,0.2400384920342084,-0.9323509082657968,-0.2296626198301984,-0.1628323899492308,-0.971404198743472,-0.1044111596540588,-0.2000247350328005,-1.3909669219703151,-0.1488578811091757,-0.2262196388091335,-1.6553055048186178,-0.172693399644707,-0.2462119077706426,-1.866180700340089,-0.1803998070568625,-0.0564795931006009,-0.9978355114267758,-0.0336800786646223,-0.0674803547576546,-1.443385063174753,-0.0739437749985054,-0.0510293495543109,-1.717310713406355,-0.0926635683144147,-0.0331140700816669,-1.94569710182774,-0.0904510117094793,0.0402034596542862,-0.919533251188877,0.0105833171115485,0.1460033075800572,-1.0764257566721365,-0.0934265016936176,0.1439568653095085,-0.8276764375713369,-0.1314590543809854,0.1040905318399757,-0.682917154389385,-0.1144461768146496,0.127258162009816,-0.8028189707012944,0.0406296303945139,0.2349860263959958,-0.957555462370044,-0.054974976198507,0.2351980860709754,-0.8225070956195657,-0.0855511299801491,0.1936126968228507,-0.719467565175,-0.0794489634168715,PEACE
0.0,0.0,0.0,0.0364815007176236,-0.4673543878755276,0.0682108698122542,-0.041143948202801,-0.8389469746430904,0.0556351431416911,-0.1736240955181539,-0.9675755841240952,0.0194954796138635,-0.2973761783724096,-0.972435507668184,-0.0233677032549676,0.0037294045520533,-1.0579833941979049,-0.0323512543326085,-0.0592506160910398,-1.53152708425869,-0.0850160949574549,-0.0978017162184268,-1.804321895629151,-0.1077278385045202,-0.1314713842628244,-2.0185977585739785,-0.1177097187135434,-0.0935332146036383,-0.990341429193351,-0.1023493594957031,-0.2257308579519115,-1.4961271737516264,-0.1497158474943142,-0.3242078919794438,-1.7740397595711244,-0.1688919991786734,-0.4002854807846048,-1.987371259299196,-0.1788725115200911,-0.1960318422818552,-0.8424489672750725,-0.1600533103903071,-0.3917779102924705,-1.0910801301096007,-0.1914889204599561,-0.3809558449213368,-0.90746185929659,-0.1653405589188827,-0.3323473016916839,-0.7797305709648046,-0.1356547659690131,-0.2921075925892104,-0.659416835592334,-0.21303352704196,-0.4496407853911729,-0.7814904977267719,-0.2209471128183607,-0.4345709722585758,-0.657125861747103,-0.1814298107603778,-0.3886836994330941,-0.5735534904920719,-0.144104917466948,PEACE_INVERTED
0.0,0.0,0.0,-0.3049623843717475,-0.2546591436431948,-0.0311860687722655,-0.4812029069031499,-0.6904054177071169,-0.034397689707049,-0.4225708751734542,-1.1401653159997662,-0.0604817527314404,-0.2482630987351006,-1.302607683900409,-0.0741425454934955,-0.373021940045005,-0.9357766876273876,0.1275917515807417,-0.4509555115505453,-1.30206528373951,0.0307642175483977,-0.4146948943424764,-1.0783300775850948,-0.0430766896830467,-0.3630387313487896,-0.8801170022991308,-0.0732375174920504,-0.216877440679247,-0.9707067395662018,0.10340503607259,-0.2717000347197602,-1.302218866580768,-0.0113133092705209,-0.2452011623429278,-0.9633279588827148,-0.0622867510715399,-0.2033712230526513,-0.7097656040953407,-0.0555060807805321,-0.0609610474743451,-0.9666670896223484,0.0542177111768579,-0.1298656327889557,-1.2633850887527585,-0.0591533543087066,-0.1237948983716278,-0.8897264603468413,-0.0491545321669993,-0.0846967247662622,-0.5992144716595511,0.0050183952157409,0.1114612889781826,-0.9262344625745318,-0.0010601901440761,0.0164910385837064,-1.15689369515567,-0.0543884689346635,-0.0051385448934886,-0.90902735209382,-0.0234696042968508,0.0273221930511721,-0.6997250448444784,0.025690986876793,FIST
0.0,0.0,0.0,-0.2122830416553952,-0.2663333580066263,-0.0321120234145638,-0.3184311096258833,-0.6735008573143383,-0.0757516827878114,-0.2714603910671399,-1.0027982942880898,-0.114351190116107,-0.1642494806112465,-1.1371077598361434,-0.1530682875747828,-0.1440317658399156,-0.9956146313838812,-0.1708362682658247,-0.1384719321823105,-1.5783782921796454,-0.2426561159471796,-0.1309384451012172,-1.927448100380396,-0.2803459667020421,-0.1239738013526705,-2.1946582241825947,-0.3009398148266812,0.0284786927923761,-0.9829867780389336,-0.1814551136162158,0.1029774590103301,-1.5741073497269455,-0.2282364474550854,0.1409758352545285,-1.9249911989016837,-0.2359508079704251,0.1732174122190696,-2.171640813319505,-0.2394073203186458,0.177591454941395,-0.8911165812311582,-0.1830283575701019,0.1854560206958049,-1.1971311379309924,-0.2099360806792455,0.1357669284504886,-1.092186503722672,-0.1702126356857163,0.1050503533350623,-0.9308241063301128,-0.1332874653647874,0.2931787109660297,-0.758478635696139,-0.1885816096262704,0.2732194360416882,-0.9742269766545526,-0.1959178898747877,0.2227816263303206,-0.8864687990229017,-0.1456203096243966,0.2051818038330531,-0.7549977610850088,-0.098284062360733,PEACE_INVERTED
0.0,0.0,0.0,0.1546976290717727,-0.4404245017997057,0.1247011994520309,0.2042923777345233,-0.8592080638124349,0.1328636349801954,0.1412008195503737,-1.1813163219875542,0.1186223340871318,0.0433994664693872,-1.3871766281409266,0.0903779134540826,0.2423224552313696,-1.0317380550159263,-0.0652848129629547,0.184938503063732,-1.7375007901929576,-0.1275101976456134,0.0774442765286266,-2.003390598941626,-0.138273295577703,-0.0190249408027754,-2.1188310693748624,-0.1296113574933191,0.1136121489288413,-0.9811496970867613,-0.1563251468009149,0.0418002846914889,-1.7281204503293337,-0.2037032180951661,-0.0938123723729975,-1.9997532958827435,-0.1935748476490445,-0.1982148371561929,-2.1165412193058906,-0.1806738246244761,-0.0419874954065872,-0.90669429377654,-0.2319988799254936,-0.1029708443312901,-1.6041492053519817,-0.2537070453783466,-0.2108789457944023,-1.8696195692670703,-0.2435445979404891,-0.2882503493917799,-2.014530564807576,-0.2399581202699617,-0.2021193409629887,-0.8057598688106425,-0.2925299061017748,-0.2985221835863105,-1.3028646580405747,-0.3202107509245632,-0.3851670158042271,-1.5024705791136683,-0.3163279658815128,-0.4585543897207918,-1.641664066583309,-0.3091926074030768,OPEN_PALM_INVERTED
0.0,0.0,0.0,0.2153880422684766,-0.0969397064551341,-0.0866275439569935,0.3939450282230783,-0.4933158738128791,-0.1151139168057357,0.5005001571217534,-0.8425889153187692,-0.1475360885508312,0.6366289250084358,-1.009540836716354,-0.1770517500508028,0.3101195549547011,-0.946293518345794,-0.0474713644865741,0.3968737904850006,-1.399591195069351,-0.1163685779933443,0.4437943647595541,-1.6656638040334937,-0.1446799376669728,0.4877053891952739,-1.9080640939041151,-0.1597957539380035,0.1735467388601885,-0.9833849374294692,-0.053250298288669,0.2674656986017943,-1.2078105583676844,-0.2288506892437765,0.2496296441434568,-0.8486913537599872,-0.2792861786272065,0.2196741775551003,-0.5725945655596503,-0.2592264106812369,0.0373774354524594,-0.9654645520794436,-0.0691660843077171,0.1057532058983869,-1.1697641450853626,-0.2367796178695719,0.1173243963661374,-0.7979629916936797,-0.2297644038252732,0.1156656998528159,-0.5414581830224776,-0.1672934257223129,-0.0992133806811193,-0.9200848945350304,-0.0908764478635998,-0.092828752651076,-1.259305693751694,-0.1809435852690628,-0.0652441888461804,-1.4516464576532793,-0.1825745021945342,-0.0334062299831988,-1.6721069676236495,-0.1581731992354054,ROCK
0.0,0.0,0.0,0.1682744327091826,-0.1822281775163071,-0.0902331845742922,0.2420792132724102,-0.5472143852961514,-0.1223834836308854,0.1449906098010474,-0.793279270953987,-0.1553451325075237,0.0461479827783598,-0.9676799852436758,-0.181962706156541,0.1500757215166354,-0.977549951957635,-0.0585161622586603,0.2065880910057899,-1.3825007179448123,-0.1289528282015135,0.2360458146531985,-1.6322522481523731,-0.1668018668780623,0.2538736084413261,-1.8500437447243996,-0.1842720433440175,0.0306593649570329,-0.9971588046904524,-0.0688064064512882,0.0432095222586426,-1.4950793729326046,-0.1516314653652827,0.0473885386693424,-1.8047131729681485,-0.1966681168246374,0.0448613438305056,-2.053017797596735,-0.2118468644910503,-0.07814314194391,-0.9176035754772044,-0.0912544363179627,-0.0288800469278252,-1.1408630827640247,-0.2241525383751072,0.0463777836219594,-0.8679053539974589,-0.2377367482695183,0.0800065359502101,-0.6506946063488075,-0.2007408477850026,-0.1787338529239257,-0.7688001559573965,-0.1193358702706282,-0.1445531279811467,-0.9708114825682884,-0.213733274424088,-0.0601519069140778,-0.8084141757121263,-0.1986407916799687,-0.0121104225322618,-0.6399947349839878,-0.1592329936047391,PEACE
0.0,0.0,0.0,0.2366151250595859,-0.375520450236222,0.0016584440720739,0.3730148962918321,-0.9219819356063512,-0.046738806130553,0.3283530995603472,-1.3641855012942614,-0.0839554196946233,0.1816368417885733,-1.6272747890086223,-0.1306241791687077,0.4099977570242991,-0.9261081900247496,-0.2330348056377346,0.5080317650415332,-1.678196558330836,-0.3232902636010504,0.5599292205433137,-2.082230314513438,-0.3538194518409438,0.6058041612484163,-2.412724786687901,-0.3697726480488318,0.1880512640046589,-0.9443257614737754,-0.2699732918701851,0.1478062502820013,-1.7992214476944122,-0.3670850459639815,0.1094598783195121,-1.5903310509786135,-0.3371642370096518,0.1176259770134881,-1.3002821389015833,-0.2997999511905555,-0.031130954938248,-0.9616795716920062,-0.2897328931415373,-0.0474410394943759,-1.7106384639988472,-0.3529101254191878,-0.0535031872896311,-1.5012251838597592,-0.2612712546772079,-0.037277981987967,-1.2526436148091464,-0.1882770519735356,-0.2285117927882494,-0.972948270789626,-0.3056515380496999,-0.1966543462752227,-1.524036440972206,-0.3331045762347856,-0.178986533845088,-1.3385553684203462,-0.2524141725134018,-0.175991265725145,-1.127121996044763,-0.1857826820190877,POINT_INVERTED
0.0,0.0,0.0,-0.2007017054352835,-0.229127636880353,-0.0527501508242046,-0.3102785304515403,-0.6149702496937437,-0.0752756668907125,-0.2351191975767012,-0.9885429976086536,-0.1102173706197333,-0.1181220572035432,-1.2170290458948136,-0.1413218293292482,-0.3422269955792081,-0.8998973456550248,0.0068352584559544,-0.4522626102047201,-1.309990187610499,-0.0515826015759521,-0.5169398136536808,-1.5514210508933708,-0.0897684573980237,-0.566654382541426,-1.7544690902077176,-0.1119988766586012,-0.2106470179325444,-0.977450986803164,-0.0147445662413972,-0.2770857639377136,-1.4888960780272502,-0.0812646858402396,-0.3312336907112869,-1.7653703062958963,-0.1287625844011617,-0.3553637081528682,-2.009840650740084,-0.1491855545731141,-0.0695719702356832,-0.9555129028913776,-0.0480312470692297,-0.1047137654441161,-1.2360544775036129,-0.1417312918179921,-0.1460905776139045,-0.9685321609136296,-0.1440164772998031,-0.1454823505237502,-0.7724892103026155,-0.1101132537770681,0.0633893391071152,-0.8758384626600707,-0.0870348129999694,-0.0011712369351657,-1.0958840504245198,-0.1361705012032304,-0.0474342687294851,-0.9479252285844656,-0.1076407717108597,-0.048825801877268,-0.8233914211626362,-0.0689955748497141,PEACE
0.0,0.0,0.0,-0.2182524145203682,-0.2323504352509956,-0.0004873707906003,-0.438148824242155,-0.6549523952665107,-0.0735352562853273,-0.610459136258171,-0.9623822683989104,-0.1449232544864986,-0.8143538818674655,-1.0495491435974371,-0.2238399001767544,-0.3222539778913177,-0.9471936809829336,-0.2660320230301865,-0.3271613617473619,-1.6990607846739352,-0.3847402787626222,-0.3093088039473676,-2.1439642294430103,-0.4479524483505915,-0.2960796017121309,-2.5099401682906373,-0.4943723733227372,-0.1351458251448794,-0.9460150134425028,-0.2946034627890351,-0.0372560231054723,-1.5882188271133828,-0.4046163857623402,-0.0169634594851321,-1.3358022308168025,-0.3640829277338377,-0.0570370476729142,-1.0999126900213174,-0.3252655801664318,0.0569606935985106,-0.8650519899032824,-0.3099257806539038,0.1533193138584772,-1.4282321070335815,-0.3955221057349181,0.1722181108695663,-1.2298968024266168,-0.3047562551969864,0.1405533337292014,-1.0065503853835924,-0.230703843337055,0.2479230094127031,-0.7768675775332403,-0.3199170548275398,0.3147983183590606,-1.3558723813350702,-0.3943570965974922,0.3701092541844997,-1.647182125180032,-0.3674400412918406,0.3935425301744659,-1.9147538416495269,-0.3386035509416207,ROCK_INVERTED
0.0,0.0,0.0,0.2128817207856771,-0.2922920949509486,0.0831179926800556,0.3272317040254879,-0.6370228607725917,0.1169901731439323,0.3414260376436779,-1.0374868258645675,0.1465769788147171,0.2996799554423646,-1.3211253483582786,0.1721175257127794,0.1944064328375353,-1.0036077253208229,0.0062074087692051,0.124299866997851,-1.5579519882199797,0.023436007107436,0.0767059566248972,-1.8114886833411947,0.0542025102482736,0.035211513691521,-1.9863201310778005,0.0797981158181606,0.0456712521583043,-0.9984984416246264,-0.0302489470806013,-0.0075965533242918,-1.5935669299858577,-0.023271319408746,-0.0473952831107954,-1.881300529270271,0.0059470003970288,-0.0759467441775795,-2.067570223155009,0.0302778460363247,-0.0995851330733537,-0.93293721910574,-0.0534202075183342,-0.1281364599325282,-1.4999297439608812,-0.0436052191838594,-0.1396279865016587,-1.7787600104266537,-0.0142879296540049,-0.1484081167347174,-1.9617644331706396,0.0068297069120805,-0.2376324223495383,-0.8221504478999193,-0.0656872527593446,-0.2538059155860053,-1.295535849234627,-0.0582559886881972,-0.2557236081191008,-1.5434103253082316,-0.0327751767583554,-0.2477657679098559,-1.749625148881084,-0.0084588517533165,OPEN_PALM_INVERTED
0.0,0.0,0.0,-0.1460878363384758,-0.1706271911866864,-0.1309710440070664,-0.2443460087829512,-0.4277416780087849,-0.236831289730367,-0.2391673019290059,-0.5845797189376054,-0.339288473368206,-0.14560188538799,-0.6829637596871646,-0.4384415592405029,-0.0861946737289295,-1.0871289315759551,-0.1812211539476386,-0.0188965998810909,-1.5990005758497663,-0.3237010271576033,0.0260988368647936,-1.9117187736223156,-0.4155829186133949,0.0698779360453096,-2.179920914748272,-0.4786573953329877,0.087054433102866,-0.9784391678145606,-0.1872920728794703,0.0779113126955283,-1.0394020649984037,-0.3911045266623682,0.0045730203928229,-0.6061061194852377,-0.4262394155647749,-0.0300950825417455,-0.3764572065761742,-0.408396853224574,0.2351532419443739,-0.8126706100192399,-0.2087173553281809,0.2180865511112061,-0.8548502180003503,-0.3835496539979494,0.1306682388711374,-0.5039580031342292,-0.3286532951784759,0.0863097366342729,-0.3503960425915565,-0.251226071692262,0.3604687194143969,-0.617041184022492,-0.2428829889224578,0.357135691651239,-0.7006282519600225,-0.3469570947677295,0.2589838209771824,-0.4554362095811834,-0.2945465072071094,0.2078471206869671,-0.3528938421585668,-0.2289770235322636,POINT
0.0,0.0,0.0,0.1516639891779219,-0.1389629144584546,-0.1034256953321188,0.2272528313718504,-0.4536865422124596,-0.1445150643047668,0.1385023512610693,-0.682442471285224,-0.1863090373389829,0.0408416301557854,-0.8397791198738604,-0.221153320634969,0.1900276068354086,-0.9784344799302238,-0.0668445689074739,0.2677165019485511,-1.3905136756553953,-0.1493245279105801,0.3087086435809377,-1.6591675365702203,-0.1957192583446619,0.3358277956718972,-1.886120497597496,-0.2177546619954945,0.0510600819424441,-0.995673374815962,-0.0776363234228904,0.0530005946174753,-1.4798680266362412,-0.1804178385299678,0.0475434730200939,-1.8030695710987363,-0.2392299939041053,0.0424811198776142,-2.068099918641015,-0.2582951731473586,-0.0705483886153702,-0.9074989108667492,-0.1013262067108786,-0.0755089279957586,-1.049362076784025,-0.2580434242129797,-0.021104456070049,-0.7310157040632256,-0.2790549992378001,0.0171562912674377,-0.5025761660586964,-0.2383413086396616,-0.1794330204333253,-0.7515386690807261,-0.1317017903392212,-0.17413697589163,-0.8742670910215462,-0.2483393000136408,-0.1107438855847509,-0.6551644513051142,-0.238836209969073,-0.0615944445437432,-0.4791150095483876,-0.1957812470774069,PEACE
0.0,0.0,0.0,-0.1953949033692866,-0.1679081439356222,-0.0890483431152336,-0.3212764704671108,-0.5097342601769614,-0.1267275668782786,-0.378590010491466,-0.8092119582945113,-0.1568411616286156,-0.4758912349245748,-0.988839227719976,-0.187747049065162,-0.1388303015602595,-0.9856603479635712,-0.064732055185008,-0.1459072249862585,-1.3842504243847775,-0.1214117212285533,-0.142586842609992,-1.6323033220473968,-0.1737462934096524,-0.1347815939470683,-1.853831598427728,-0.2153667472725883,-0.0048519167136879,-0.9973719054033718,-0.0722892883922008,0.0240313471119138,-1.4296911875875191,-0.1179294846504866,0.0455732040784743,-1.7016117234900938,-0.1669075768482116,0.0629787233787272,-1.9393627126128177,-0.2071791129233384,0.1080227614319053,-0.9246968170677048,-0.0934428471333397,0.1486556221067287,-1.3155013615879383,-0.1460469813073777,0.1648335240265049,-1.5569729435226958,-0.1872330191399494,0.1733276644024508,-1.7752401869718255,-0.2199925684912753,0.211352535201002,-0.7927705687377509,-0.1239578348272628,0.2678099893541731,-1.076439805273095,-0.1737793911811349,0.2996999597977269,-1.2668938673407015,-0.1984078922942147,0.3264516225812715,-1.4549140046829991,-0.2182770857270137,OPEN_PALM
0.0,0.0,0.0,-0.1227463433661248,-0.543783600263406,-0.1729167882108294,-0.1179299522689553,-1.1660372400589123,-0.282018978581018,-0.119230489911511,-1.6985545828489292,-0.385814462657624,-0.1713756467311406,-2.0977456085092734,-0.4617816675173042,0.3667744246301424,-1.2174965133341291,-0.124321749010627,0.706486461663128,-1.2867911597566415,-0.3043858250404059,0.528789001492881,-1.0322991527033347,-0.3968002291759888,0.3731222488220999,-0.9435376586816197,-0.4332142077229605,0.4702075839216002,-0.8760117434529832,-0.1072765275122023,0.7329574047569933,-0.8676166729289287,-0.3142573809438503,0.4652115185470438,-0.6181679507707388,-0.3604332700668632,0.3050905244918663,-0.6049857012257938,-0.3496631677041092,0.5349699567011629,-0.5832062976154126,-0.1194519858494342,0.7380763209180927,-0.5718624080488988,-0.310733799294399,0.4828476093109566,-0.3826617924716033,-0.2695097822764349,0.3281444549919521,-0.4039189801978198,-0.1945573219123588,0.5778240726023742,-0.3182099480645401,-0.1442877904766874,0.7495798764905696,-0.3278343267848811,-0.2405160462594042,0.5564344301193314,-0.1986121062896856,-0.1839611164386181,0.4163553213840805,-0.2260090321850507,-0.1162633551687892,THUMBS_UP
0.0,0.0,0.0,-0.1266191347757207,-0.4971544360202706,-0.1852593944261825,-0.0623729123265982,-1.140741259654389,-0.265771149770371,0.0134227708942823,-1.645344105466386,-0.3319818524641854,-0.0176613793163242,-2.019109132835452,-0.3680490832764579,0.3469325133048137,-1.1921685845479693,-0.0987211730691917,0.6510547750123142,-1.2803850533961243,-0.2670835014107157,0.4743344610443956,-1.0267291303299455,-0.347095880612928,0.3345377831261649,-0.9484171804748622,-0.3745773621425393,0.4491039739022698,-0.8909177865463792,-0.0676100454110879,0.6978718181725719,-0.9034117573308236,-0.2623544614331515,0.4418954275052462,-0.6418119877806657,-0.3039265523642402,0.3007917623037409,-0.6388995250600057,-0.2853233452137649,0.5132636003015476,-0.6283999456005235,-0.0689790939950188,0.6982749112895479,-0.6148514954834577,-0.2611015008889391,0.4510941503752481,-0.4078137511975836,-0.2275966366544397,0.3155422115728537,-0.4277204971160743,-0.1526189340686583,0.5537851872717721,-0.3871962279673149,-0.0833062739380865,0.7057290686067061,-0.3978847094293344,-0.1858751100621146,0.5281650179053454,-0.2577443294902602,-0.1417913145951351,0.4157939986759661,-0.2740328165650209,-0.0789504698802793,THUMBS_UP
0.0,0.0,0.0,0.0022734265511531,-0.7226560391319942,-0.0268609872941739,0.1377320259563888,-1.254929049645247,-0.0802478491068652,0.2591597971707483,-1.722778013013182,-0.1325159844068422,0.2177375482662522,-2.0936826614315662,-0.1742183881104562,0.5939354941785617,-1.1134415380151732,-0.0570855299750362,0.7847456927473699,-1.1804093521307473,-0.0474275000531588,0.6651561561632037,-1.0830226254864328,-0.0433429788288073,0.5476996616395582,-1.0135908630109904,-0.0492205609597592,0.6844915126072556,-0.7259823493628892,-0.066490582657779,0.8326805787215684,-0.8183657727610703,-0.0111751599193901,0.7092830125543662,-0.7690033770664142,0.0163682089872403,0.5968446619230067,-0.692089121240273,0.0089986475953364,0.7059442682685866,-0.3428626458653204,-0.0699313501186925,0.8330921058283932,-0.4514384175115697,-0.0112975035928641,0.7313867511536861,-0.4178339803411113,0.0371727878336037,0.6150777995663231,-0.3467845874350407,0.0385608990227953,0.6946854321198802,0.0041004304220956,-0.0763826379125557,0.7888950571919146,-0.1053826261321826,-0.0250197569592253,0.6946140365789302,-0.0911279849533841,0.0393943880657709,0.6031419090742247,-0.0323502020212954,0.0735993136277441,THUMBS_UP_INVERTED
0.0,0.0,0.0,0.1435368320713656,-0.327578655680335,-0.1407911800215402,0.1394886987393555,-0.8230787895360296,-0.1976855913030345,0.1167742317978921,-1.1990112020656551,-0.2382580125519013,0.1981178564019808,-1.500934947348402,-0.2563613071244627,-0.2298970603726619,-1.0802475568241894,-0.0849581942891565,-0.2328843652980706,-0.8577838780597573,-0.1873125624286918,-0.1089938629996261,-0.6934930263395854,-0.2273927865948389,-0.0817341368481198,-0.7422143954916066,-0.2448801334085137,-0.3733345582615652,-0.9256775027032078,-0.061175719013304,-0.3253775315211624,-0.6074347436219265,-0.1578081207148503,-0.1502152738928817,-0.4491821969535403,-0.1583079858656629,-0.1354399587863838,-0.5457244064400846,-0.1392407421497584,-0.4663620058965879,-0.6932667567209079,-0.0608260494212031,-0.4047839120843752,-0.4114443069322837,-0.1658341236103025,-0.2366109895204317,-0.2935875600284129,-0.1296967271686125,-0.2158727420166271,-0.3921073538497795,-0.0835691744638759,-0.528147412422428,-0.4563445706471743,-0.076178720767132,-0.4593963290497533,-0.2550437740596682,-0.1395607252285509,-0.3136389609484437,-0.1695311468969702,-0.1172571871178577,-0.2757657944527499,-0.2332636550543122,-0.0815610031627553,THUMBS_UP
0.0,0.0,0.0,-0.1880012023517356,-0.4100472124977418,0.0368134388319307,-0.1909558676282744,-0.8586289281676862,0.0144216215697978,-0.0844304888559696,-1.2457007861400011,-0.0098326510486477,0.0587649653282559,-1.4405590643153725,-0.0395307596547359,-0.2002086108554794,-1.0024633503627731,-0.131702324813166,-0.1474807961188826,-1.628350890306081,-0.1748928579455655,-0.1071964670203693,-1.9733324158839785,-0.1864112014429747,-0.0797697499103803,-2.2473731591388946,-0.1963797600180944,-0.0176888657735862,-0.9860669606359816,-0.1654057229051084,0.0818011235948901,-1.4273609513760872,-0.1831246931396945,0.0704009508466968,-1.2607195745823083,-0.1334989018769075,0.0234340262254039,-1.070009169013647,-0.1012497210879223,0.1723209749507295,-0.9015280825022076,-0.1849239221057361,0.2160816918617497,-1.2188199808804172,-0.1605412583809629,0.1931412333964941,-1.0807991894370292,-0.0693776061082013,0.1555576478639559,-0.9316621522804768,-0.0219083174246608,0.3326070389678795,-0.7827376638540581,-0.2035641846789039,0.3321346203351076,-1.050628108685851,-0.1484819268143659,0.298094835458589,-0.9264615818586032,-0.0604690690597372,0.2766094369568344,-0.8021686889952809,-0.0062642356172305,POINT_INVERTED
0.0,0.0,0.0,0.1825686874650137,-0.1176367532587201,-0.0963176924185014,0.2809343191548923,-0.4693168759798252,-0.1187748987031201,0.1863335591522718,-0.7694446767376864,-0.1388812781016465,0.0876334704891953,-0.9480721872296626,-0.1525291559136999,0.311847743347342,-0.9020867636384629,-0.0369539546434566,0.4216189629432144,-1.2658132860314433,-0.0968314482263611,0.477185794211859,-1.5073931680067163,-0.1338579876940895,0.5198769037953568,-1.713511328898426,-0.1539682644753148,0.1800700549041284,-0.982829148702269,-0.0402695888729629,0.2322900600613367,-1.4440157766838204,-0.1186900408870515,0.2602640371971008,-1.749899088623818,-0.1671706099072481,0.2832040317635613,-2.0002740300356563,-0.1834227983248845,0.054374744976256,-0.9452939687414734,-0.0571005738773335,0.0565658945547289,-1.1561520136527643,-0.1874502177104758,0.0790468184643252,-0.8658813091169528,-0.2066190714444815,0.091170447851263,-0.6490922682393667,-0.1730934777793616,-0.0638970765369999,-0.8372944172704158,-0.0803408207556728,-0.0566887646724507,-1.020511506141304,-0.1790666270164277,-0.0241611061036865,-0.824764537018456,-0.1699100981548656,-0.0013289049376648,-0.6653260979332367,-0.1336655672436629,PEACE
0.0,0.0,0.0,-0.0548963717419845,-0.5890494704411049,-0.2134963929895187,0.1836530020339122,-1.236476982765846,-0.2831774227560645,0.3881419424429072,-1.712643029276382,-0.3347024780947332,0.4294990769215459,-2.150682260931683,-0.3548016535750586,0.5642779237750135,-1.172819693401063,-0.0669965688799555,0.9269913504723886,-1.1024965173645191,-0.2619363091187625,0.691906801477132,-0.9118850513360178,-0.35386352212137,0.5061392633373276,-0.871492092125789,-0.3759710913095049,0.599572058186506,-0.8000074727774134,-0.0223917516575531,0.8995006078998941,-0.6930939561294547,-0.2454183798121191,0.5749773878110332,-0.5210026346359564,-0.2986220975405126,0.406473241614994,-0.5810120167438446,-0.2718038949239199,0.6024703468783976,-0.496134448793537,-0.0195323451342622,0.8012114727907473,-0.3831180351707738,-0.2462674635844091,0.498446696241825,-0.269054549371466,-0.2272754827039745,0.3503192306838237,-0.3639010246486717,-0.1477277537302193,0.5914140271683227,-0.2450552295180506,-0.0299503957087246,0.7299923895277866,-0.1663594657599162,-0.1525840939901876,0.5014527065843942,-0.0788659905641432,-0.1144347262996514,0.3693744370804225,-0.1480268366909075,-0.0479018084397486,THUMBS_UP
0.0,0.0,0.0,0.1563860850910085,-0.2159396781030606,-0.0791511692409178,0.2381650100715713,-0.5790592286791586,-0.1361420572153636,0.2486864541992841,-0.923515464633926,-0.1990175123793754,0.1847002780702662,-1.185313438908612,-0.2587753482188312,0.1168065507576068,-1.0321695381921916,-0.0616488363265595,0.120730419950054,-1.4349975353712563,-0.1434302536279985,0.1283360398792934,-1.700362014445544,-0.1744215944300571,0.1084796748391542,-1.921350178510432,-0.1936555549187016,-0.0143908519657709,-0.9969926026345752,-0.076148891466885,0.1052866484660935,-1.1738453462950569,-0.1981096191644468,0.1450944309476653,-0.7805637922175628,-0.1950309208405812,0.0899034575898243,-0.6771378047055422,-0.1591108147178633,-0.1188962757602902,-0.903072875127441,-0.1031732733344938,0.0120586005572123,-0.9879216255145812,-0.2514252326118452,0.0491761553120498,-0.6247555686133871,-0.2021647463402251,-0.0170366131185095,-0.5412761031401574,-0.1309814869305524,-0.2247152992636707,-0.7654092574396838,-0.1352829905424084,-0.1011991912353689,-0.8235389002083262,-0.2402472690954782,-0.0443904912795502,-0.5793184810440596,-0.2011474969694093,-0.0888175960913582,-0.5006838323852503,-0.1466010977078389,POINT
0.0,0.0,0.0,-0.1474963865506596,-0.2384021945004524,-0.0288457365501805,-0.2332083653670453,-0.5981562162223876,-0.0636810784219403,-0.227596357713533,-0.818284241639746,-0.1178229526560381,-0.1587097458875541,-0.961867291467631,-0.1734305777814674,0.005899582232023,-1.0680067650233989,-0.0207244485843157,0.027496774615685,-1.5415177761790977,-0.1122692369160499,-0.000960676691728,-1.8326127866678323,-0.1721193811492101,-0.0244029912879156,-2.07539690734678,-0.2149809888493465,0.1015478433497124,-0.9925855844376448,-0.0667974032249849,-0.0433340052990285,-1.2860694448455432,-0.2244370523429127,-0.1770811848518356,-0.9960419439798408,-0.26072853722909,-0.2072053391795962,-0.7632658284780723,-0.2457807555909801,0.1856696235466847,-0.8825372824541574,-0.1235447731555785,0.0299285216453722,-1.1452606358565265,-0.2688659927265583,-0.082083211142085,-0.8376576150262592,-0.2333020851855134,-0.0892899257100658,-0.6158281863781297,-0.1678426485219991,0.2705083592724097,-0.7298459738500773,-0.1848251739949495,0.1244917864198158,-0.9628764664849512,-0.273699533946817,0.0212034679488553,-0.757779643241096,-0.235432425367771,0.0200009827041752,-0.5761396157836053,-0.1803454997827609,POINT
0.0,0.0,0.0,0.1859240181047995,-0.2454114103119516,0.0196165045507855,0.3147426638257195,-0.5927395432227515,0.0095854770275177,0.3801477208186706,-0.9297221695124172,-0.0070368635879835,0.4719726759961701,-1.1503307719005216,-0.031647078723955,0.2481887542176483,-0.9464663052959548,-0.0868988785477646,0.1908105525374477,-1.445203959485577,-0.1288046564134668,0.1395904978313485,-1.7731411942702504,-0.1599314979532291,0.1002890267289606,-2.0285030522611414,-0.1881613759155569,0.1214421793915273,-0.9862137422646322,-0.1124021869583758,-0.0022603204578581,-1.0674145284396244,-0.1486822277167677,-0.0110937323492367,-0.8286663572392777,-0.1455791093251397,0.0273134207585053,-0.7092888248161188,-0.1488639647729358,-0.0260781324285157,-0.920500857465045,-0.1302893754145097,-0.1383318771611487,-0.9729869567677744,-0.174098470704464,-0.133302697284943,-0.7634291340117019,-0.148266554121717,-0.0891707689084802,-0.6302582114209002,-0.12836977672303,-0.1857266212038171,-0.8267242050570125,-0.1437579605151859,-0.2841885666101853,-1.240652779686189,-0.1932131921388699,-0.3536986572088594,-1.4855689080491343,-0.1886105731783954,-0.3896890571232434,-1.7040240414919336,-0.178128983334388,ROCK_INVERTED
0.0,0.0,0.0,0.1535993300551224,-0.1920934212500559,-0.0758482492140132,0.2530060741162701,-0.5067058151799637,-0.1357837377218871,0.283749408615255,-0.809241748407624,-0.2018199991394762,0.2465460842581507,-1.0653406614536434,-0.2647521202038104,0.1671139089212463,-1.0007653855483432,-0.0676362441541498,0.2243350840500621,-1.3567482993655928,-0.1498164387645781,0.2642974946597722,-1.6071199395259654,-0.1829923205136033,0.273798384990679,-1.81834873869102,-0.2037099578333387,0.031979662139332,-0.9959578080802316,-0.0839365577890498,0.1594441377452271,-1.0979920609696818,-0.1967188251160389,0.1763052845215917,-0.7207101477756621,-0.1923966678330742,0.1200640149474558,-0.63520886756044,-0.1605535605535043,-0.076444752238322,-0.9159897048133432,-0.112373319841709,0.0580183342608521,-0.9228655870564682,-0.2496055917378982,0.0766273062963101,-0.5794702468309014,-0.2021387473734975,0.0136717407895973,-0.5174007129270264,-0.1369506938583753,-0.1816400373278657,-0.7863330415943481,-0.1465741084519901,-0.0613166186425838,-0.7983685286249923,-0.2415299070933732,-0.0185749234914496,-0.562771263459051,-0.2026958113699951,-0.061708657810318,-0.4991068341971369,-0.1513991911037442,POINT
0.0,0.0,0.0,-0.0066763852262402,-0.7366163471799941,-0.0662198975626789,-0.1034865418501745,-1.335166213330372,-0.1449574829539946,-0.2671601471161375,-1.8398696292738828,-0.2085223728194419,-0.3302581670500328,-2.304729922978457,-0.2590413747673381,-0.5790339269976479,-1.1149325286760876,-0.1606534224855189,-0.8986229032925156,-1.3775855111402198,-0.2027162419055256,-0.7576424188192205,-1.2809134183312552,-0.2108106853361412,-0.6053740272668475,-1.1550548254705355,-0.2041150663922294,-0.7005982591306881,-0.699123547153963,-0.1427877624935331,-0.9559892753602602,-0.9883921862186896,-0.1302903092768432,-0.8151615180312488,-0.9412665309975836,-0.1021013678964566,-0.6803822888278497,-0.8377259062185104,-0.0930647519981761,-0.7566502636799207,-0.2986752600360995,-0.120390526738809,-0.9195665175084564,-0.5838404520870772,-0.0841204722271831,-0.7996197219883171,-0.5508060659039035,-0.0268741383151176,-0.6815637342182942,-0.4590105774725183,-0.0084000743842781,-0.7774723817386883,0.0421462171054802,-0.1029391057999445,-0.8818381520491598,-0.2103521241594154,-0.0609841784905154,-0.7678800887402871,-0.1938884426981823,0.0040788551465902,-0.6727348865084637,-0.1258852534594724,0.0474277750811383,THUMBS_UP_INVERTED
0.0,0.0,0.0,0.2221260538410826,-0.094546520492586,-0.1026121332761307,0.413741716197636,-0.4769103919370495,-0.1420430869535175,0.5530891850519584,-0.796498674300992,-0.1844094818216614,0.7166715324953138,-0.9070480960148164,-0.2247205011738593,0.2994845273462079,-0.9637450658739032,-0.0562347786605892,0.370865421017087,-1.430959320224937,-0.1208022008991516,0.4052681411828069,-1.7102212556597418,-0.1447945534279189,0.4397030930531776,-1.952864891578705,-0.1563249290084073,0.1621764845691987,-0.9852374468106988,-0.0548266473050453,0.2114034065308645,-1.1907367057387823,-0.22865348734771,0.2113867301271539,-0.8296948076100044,-0.2771745524947558,0.2082508655403311,-0.5503515922243414,-0.2537973875940476,0.0253017480129721,-0.9588377187719074,-0.0652318342209922,0.0580582688981179,-1.1277282075576982,-0.2302891587725803,0.0811393925985015,-0.761819322026661,-0.2274586020011691,0.0978826420617823,-0.5185843043962802,-0.1661493627927175,-0.1117817939342524,-0.91567330017935,-0.0830791947408682,-0.1176416579776004,-1.2477033008141647,-0.1643965711627957,-0.1007825145154233,-1.430310201720841,-0.163061407832101,-0.0760847606200364,-1.6408280772008883,-0.1365969623841617,ROCK
0.0,0.0,0.0,-0.3239165050679681,0.011662075222979,-0.0966371577017411,-0.6155840445178329,-0.2162945585366645,-0.1346885747888378,-0.7892555815075012,-0.5044335287276581,-0.177743649897795,-0.9223968605741854,-0.7128220048127609,-0.2159570551257041,-0.4777739632389639,-0.8816415156815922,-0.0472878831491094,-0.5648189496826259,-1.3717018005315686,-0.1364903901392008,-0.6013572239975439,-1.690766474190611,-0.1907445277152593,-0.6312482283682723,-1.978060589397925,-0.2265754014864703,-0.3016138133093534,-0.9518279554101244,-0.0552508001821924,-0.2875762527669709,-1.244998281392379,-0.2691422973249979,-0.25064991761258,-0.8661887889669618,-0.3477213072157911,-0.2424490413271184,-0.5316916386320775,-0.3447642174169568,-0.1375281384311233,-0.9910355353187884,-0.0767403080664705,-0.1182146639367283,-1.2455952681128126,-0.2889409452246899,-0.1053987259266357,-0.8477970806612599,-0.3023660881276582,-0.1188280064577218,-0.5346461971760632,-0.2441673549549768,0.0231282702630631,-0.9928741998983888,-0.102515765867091,0.0369816333372361,-1.3740128362082895,-0.2370731481570968,0.0375509709662472,-1.613209604478851,-0.2597176810152097,0.0239145169614033,-1.8609318337912224,-0.2400266601245586,ROCK
0.0,0.0,0.0,0.1880607718479329,-0.2797599554432201,0.0163773723092437,0.2846982577303741,-0.6184679476524858,0.0041906710134632,0.3376279156926237,-0.954566247333766,-0.0111079756868988,0.4053516193756213,-1.192203942135719,-0.0324572034102799,0.1433935726241348,-0.9926808778499248,-0.0609190871782288,0.1333980716062172,-1.4907158925578916,-0.0952815272632113,0.1142324713518282,-1.7759572634546112,-0.1109483343782124,0.0934317435362396,-1.999402268077682,-0.1209683366853145,0.0172391402309578,-0.995581661670885,-0.0923036672550813,-0.0117620658240809,-1.5364618418674194,-0.1239865925439609,-0.0418586626435694,-1.866644139094421,-0.1397334000233709,-0.0665728439894806,-2.1121722890561894,-0.1530043563757879,-0.1116857239998712,-0.9258791642357276,-0.1176549348755633,-0.1487349893240537,-1.4241604127549017,-0.1469008598974149,-0.1672608881247432,-1.7252614357336022,-0.1673802899706129,-0.1793326152745735,-1.938184949189644,-0.1838048207443669,-0.24204132484675,-0.8010723856496279,-0.1379495916153453,-0.3113668747335069,-1.1764950208392466,-0.1703729743514978,-0.3517224499839824,-1.4106609636047318,-0.1835867434438927,-0.3819779773437113,-1.6092985749641329,-0.1892701984422883,OPEN_PALM_INVERTED
0.0,0.0,0.0,-0.2353159899535429,-0.0972818664102356,-0.1074430231775647,-0.4307552461228069,-0.453244943940977,-0.1606339525263804,-0.533549368086937,-0.8272370182342795,-0.2135431367729705,-0.6630270029885182,-1.064633702352115,-0.2629585771494132,-0.3724593480621082,-0.9264166737774164,-0.1258937176513895,-0.3865398974027286,-1.443350225560835,-0.2175491342767859,-0.372391954133058,-1.7597363303309668,-0.2516827210556765,-0.3625848672824145,-2.039975529407939,-0.2718111283674826,-0.2274749827581421,-0.9664379085137832,-0.1193855150622868,-0.1725344356572987,-1.119080973710619,-0.2852807614543563,-0.1561958161129563,-0.7493747647811545,-0.3122139382653347,-0.1785744857952409,-0.5608770833040683,-0.2958068600874088,-0.0832080415192987,-0.966940598485679,-0.1264119018760979,-0.0191473474610361,-1.0979358669647206,-0.3048699612966796,-0.0217062247139337,-0.7584178047155362,-0.2942622726741339,-0.0607086306071414,-0.5613501856973568,-0.2401745912624552,0.0644450337157289,-0.9478969569819842,-0.1392819755575792,0.106843137266893,-1.3523999515403755,-0.2696179304241796,0.1498981448360282,-1.5856240399134869,-0.2913972274913408,0.1731429236375486,-1.831332741568999,-0.2782693458806045,ROCK
0.0,0.0,0.0,-0.2212570826084477,-0.1898396178658162,-0.0178639940692226,-0.3654076099678685,-0.5761947923649142,-0.032915568617343,-0.3718661536994279,-0.889449691562396,-0.0680949375281086,-0.3396806394618098,-1.1555697336788409,-0.0951355214580111,-0.307194415332492,-0.9434947544516514,0.0442156857350185,-0.4259555615925736,-1.27330452452902,-0.0691616532372166,-0.4535947424178962,-0.9934942689220376,-0.1305924502460823,-0.4116113712769893,-0.7646198493995673,-0.1503944075145658,-0.197327801822381,-0.9803324627337472,0.0031624576413348,-0.331450983150637,-1.3271947531791033,-0.1179497754901172,-0.3660320234569887,-0.9639978237755372,-0.1483670140338926,-0.3157868944027662,-0.7174224315217964,-0.1296978607147424,-0.0686170999251642,-0.9683293004181428,-0.0567288940304955,-0.217237663400625,-1.301570059870569,-0.1757980850250918,-0.2538964985693861,-0.9298511256116654,-0.1562946259972302,-0.2062893746624078,-0.6920997918929586,-0.1045894246253184,0.0757815802843085,-0.9092212922867602,-0.1189993672341287,-0.0865662255064866,-1.0753466354459773,-0.1987479309988065,-0.1213655567074088,-0.8132900589216904,-0.1780110238997776,-0.0697193047019899,-0.6415196116982326,-0.1370728958556152,FIST
0.0,0.0,0.0,0.0984842960446854,-0.3888171046895653,0.094262204088281,0.0880482069821657,-0.7358184393600565,0.1256767826386816,0.0087417777739386,-0.9414462779262306,0.1376700777089228,-0.0997734061311649,-0.9960086209442752,0.1457744614356886,0.0919246928530137,-1.0092719628100963,0.0772605688613263,-0.0564699800524705,-1.1284250516120782,0.1118904755190022,-0.0847095478844107,-0.9747784584131184,0.1252814318934985,-0.0664734010786597,-0.8539506774898619,0.1290268944253519,-0.0312219428514109,-0.9990680338940358,0.0298035893088259,-0.1692268279292186,-1.0244108970704098,0.0912128704857241,-0.1787960113856927,-0.8793152525447215,0.1104903781681398,-0.1398838781279663,-0.7649709524439879,0.1078259808027876,-0.160335159717059,-0.8988409018202981,-0.0061328144114388,-0.2577401399709949,-0.871442865471354,0.058925901137085,-0.2433751164636947,-0.7332331562868674,0.0768420429747625,-0.1914948444108843,-0.6445074340603871,0.0652271117206784,-0.2816786631515764,-0.7669778624649843,-0.0360450475616144,-0.3259813588184103,-0.7259772034502671,0.0114029306760526,-0.3029820705740106,-0.5881740034123691,0.0406005361680082,-0.2641223858902167,-0.5031610124069528,0.0546949950088469,FIST_INVERTED
0.0,0.0,0.0,-0.050045581856834,-0.6536011461561332,-0.0256464883582243,0.0278794060849427,-1.1798482737773313,-0.0809389183029625,0.1300687979547467,-1.6205865434528537,-0.1330211726916761,0.1112833420960914,-1.9791885340141104,-0.1719698042093429,0.4553256410055407,-1.1557738284252606,-0.0920663355101604,0.6596121591511126,-1.2022919699830483,-0.0909645418484388,0.5832057543394104,-1.0631724599921604,-0.075735969868103,0.4817660656493811,-0.988895038534606,-0.0697806384807008,0.5619227954892517,-0.8202530712332168,-0.1069002855095338,0.7334810792138958,-0.891134757004388,-0.0634759359588231,0.6302546944322993,-0.790052552263016,-0.0256780180897156,0.5191969507592722,-0.7100231851255009,-0.0240072730521238,0.6116568452815172,-0.4710585530050408,-0.1152203015305541,0.7683107982236902,-0.5616499787915924,-0.0690120864350857,0.675627657146464,-0.493603198625409,-0.0083605017546292,0.5625570762200167,-0.4161518407330169,0.0038372422783095,0.6272468360667263,-0.1401268331822455,-0.1260217758276443,0.7568365765842038,-0.2412423259026424,-0.0881259501425127,0.6678806036801723,-0.2091255771833648,-0.022170351008509,0.5729298999448148,-0.1594953714126222,0.0151795303372063,THUMBS_UP_INVERTED
0.0,0.0,0.0,-0.237756228511636,-0.2410753100023425,0.0500602282120325,-0.4198772962997851,-0.6200372334204901,0.0229942874768321,-0.495874738451263,-1.0127372584780938,-0.0063281505803531,-0.6301056828123512,-1.1985873245056606,-0.0424809000949098,-0.305720161198645,-0.9348720140904792,-0.1767277682297778,-0.3214797700920198,-1.6020616749357832,-0.2393138282454811,-0.2929426058164427,-1.9810206255491452,-0.2578024168797053,-0.2661178872010069,-2.272084859156882,-0.2665118815951884,-0.1306712858905444,-0.9693673397788308,-0.2079710932168811,-0.048461342361338,-1.46012125683181,-0.2347150919246083,-0.0313039646995267,-1.2724374106673144,-0.1640138116017991,-0.0472946816389785,-1.0834217479590609,-0.1180579656289879,0.0464104373712106,-0.9017708237424932,-0.2228476965111484,0.113302398673462,-1.343803333067372,-0.2508181974005219,0.1275016153662631,-1.2125031338089418,-0.162314027887965,0.1117577513278617,-1.0328153617893985,-0.1030544951379163,0.2209854255757783,-0.8135954519443707,-0.2268180011686145,0.2578999537359762,-1.3426741076645297,-0.2518250148137378,0.2953293276434139,-1.5425681439127827,-0.1996447762440575,0.307937763464504,-1.6808055482932382,-0.1572378811393694,ROCK_INVERTED
0.0,0.0,0.0,0.21300609805825,-0.3595680903855507,0.0439116583321394,0.3613895929118294,-0.779973492224277,0.0192788373423033,0.4048251537924653,-1.1857306384435269,-0.0022911197786113,0.3992198143889137,-1.536988923733753,-0.0364532204423333,0.2842125890683694,-1.0204545989952014,-0.202486021810335,0.2619180964863447,-1.7157925291881424,-0.2787954477832015,0.2293588843165349,-2.087601349330161,-0.2947558908355965,0.1910366243774798,-2.360731724985254,-0.2938680174696023,0.1161170033772898,-0.9597633569139414,-0.2556778055521457,0.0841458513681206,-1.723740507064389,-0.3380779897128232,0.0294478181580687,-2.152468225916751,-0.3489255682859041,-0.0199291580714624,-2.443841414932276,-0.3517472604681361,-0.0662730125224107,-0.8862244115506831,-0.2896724875592832,-0.0911635826666493,-1.59361015517822,-0.3481004727426007,-0.1292094165034736,-1.9865510233986725,-0.3512483840973206,-0.1580207271893004,-2.2453271735146085,-0.3497476813370518,-0.2540616301986788,-0.7832379390042005,-0.3109492410650487,-0.3190226371474489,-1.3321509260215785,-0.3557846455504946,-0.3548588080154936,-1.6248615809096336,-0.3532293044665042,-0.3786804820686323,-1.858200273661181,-0.3431001791562346,OPEN_PALM_INVERTED
0.0,0.0,0.0,-0.3040755721805365,-0.0394537899958452,-0.0800991824903235,-0.5721513065211792,-0.2893496004886084,-0.1171389505003442,-0.7249395276085564,-0.5625546144653656,-0.1603048041285713,-0.8347511417470531,-0.7648847444480347,-0.198019602574033,-0.4101816863626235,-0.909654998952741,-0.0634901949809862,-0.4735388300084122,-1.3998505017557628,-0.1446400833043148,-0.5092431230941553,-1.7010660806551945,-0.1820635812669739,-0.5429748223256577,-1.9710635254166773,-0.2064007114043808,-0.2440690834950737,-0.9664917940613256,-0.0795229180425054,-0.270510487499756,-1.2537408269477794,-0.2748743181823822,-0.2501265075629935,-0.8716236495988793,-0.325042418503378,-0.2399563247803553,-0.5548520869115585,-0.307135275768391,-0.0826951438312916,-0.9893638973749412,-0.1074073623498266,-0.0933420240426311,-1.2606871807713873,-0.3006131577884838,-0.0906230123044447,-0.8682481267951621,-0.2921886258777528,-0.098047785176681,-0.5660575371436876,-0.2255356321726506,0.0789657324870056,-0.9765940685023948,-0.1398735394222834,0.1196288648360811,-1.3667955904467104,-0.2661668667302991,0.1329721844354517,-1.6267514000467778,-0.2871806726237226,0.1288070119585085,-1.900825066922304,-0.2714446121737373,ROCK
0.0,0.0,0.0,0.227674338382049,-0.1974625419257905,-0.0704437853396519,0.3801651156540548,-0.5316546815383939,-0.1163265748954281,0.4714574462538635,-0.8867078712922066,-0.1391526622246491,0.5750313687843189,-1.1144145464782538,-0.1559818938631874,0.1381102439685407,-0.9840576352979824,-0.1091660245985103,0.1676145652529172,-1.513114675550949,-0.0980025652705566,0.1838138286124264,-1.80530351993534,-0.0818217910627631,0.1966991228534556,-2.025904704995726,-0.0703002600335036,-0.0189360881511184,-0.9986210006453454,-0.0489644936216237,0.0957486618701751,-1.1720270506082304,-0.0030945193399189,0.1531184555397252,-1.0759930133689315,0.0483212345980978,0.1834232049382747,-0.9813546227538996,0.0776441224360878,-0.1241781225440908,-0.9322533375712956,0.0133016420064878,-0.1003209384111506,-1.2254298684443432,0.0515800282762959,-0.0978350619730017,-1.380608657917893,0.078713081272435,-0.1109665093760239,-1.477725670707059,0.0834057832068168,-0.1865711866598063,-0.8549194404721939,0.0752295129942027,-0.1719608530267883,-1.2001225692302115,0.1203126736343839,-0.1587471496470562,-1.3904872441552376,0.1594200574463743,-0.1628536778475575,-1.532515282506268,0.1805770723378646,ROCK_INVERTED
0.0,0.0,0.0,-0.2061897983385701,-0.2927036808169388,-0.018248661525095,-0.3095329757958122,-0.6676576472356281,-0.0403363289729576,-0.3296764199898026,-1.0424895962841647,-0.0564079123808652,-0.4000638373814886,-1.2965467351328377,-0.0769321803824377,-0.1223714911292516,-0.9774179295839024,-0.1196328940006523,-0.1566123696256103,-1.5453947654875897,-0.1794805382895226,-0.1664479290706969,-1.869877821160265,-0.2079817572093163,-0.1661934392129892,-2.134777900766072,-0.2242118202093168,0.0390979570372786,-0.9894506627014072,-0.1394945727806534,0.0342699068223224,-1.6134260914223435,-0.2044066144384603,0.0349092680018124,-1.9909023241639687,-0.2422142101110626,0.0425774201087318,-2.286544999983358,-0.2671457444462911,0.18031977883994,-0.9257042128822196,-0.1538143320795449,0.2011608868681104,-1.5164404863553096,-0.2195249909551536,0.2186780055706674,-1.8687567865719863,-0.2628348227882551,0.2347624041849791,-2.139677906789032,-0.2896271066431407,0.296264570802748,-0.8177247443633158,-0.1640193415482456,0.3742599926259454,-1.2161554924065805,-0.2202414740006575,0.4231274573666049,-1.4594600965133029,-0.2468406918125733,0.4672650269945079,-1.6821104316899016,-0.2614178776271488,OPEN_PALM_INVERTED
0.0,0.0,0.0,-0.2198234451430508,-0.4059763892711349,-0.0269731846763092,-0.3674078784560562,-0.994400837444988,-0.1097281952465196,-0.4502384538218278,-1.4663937252626096,-0.1759208037124305,-0.5890259850024293,-1.7928115117563184,-0.2436208017991978,-0.2574406706172639,-1.0490488511616731,-0.3798621331977723,-0.1622305030340482,-1.946735934056682,-0.5339809452620781,-0.0667009443951168,-2.4302850637464424,-0.6001162269238343,0.004422112025002,-2.833363336333506,-0.6465780591050672,-0.051914567101675,-0.9145257773156328,-0.4011826022497526,0.1481156888030436,-1.7440223596060012,-0.5523664350041476,0.1533284977746835,-1.4604643272530262,-0.4916706228196249,0.0693701046315007,-1.216839870842234,-0.4342022993453803,0.1525920105719271,-0.7586565645094798,-0.4087459138280074,0.3304221646099773,-1.5189478397897471,-0.5157756231982027,0.332341061991042,-1.283839032604868,-0.3916527843800715,0.2705485866877976,-1.037742611873082,-0.2934062652658867,0.3347551175503367,-0.6229505702757769,-0.4155078140631865,0.511171991677313,-1.2608214478004671,-0.5434991877570363,0.6248716360465968,-1.5567211893263389,-0.5477063740915907,0.6986167858901766,-1.844786666218802,-0.5346023802554672,ROCK_INVERTED
0.0,0.0,0.0,-0.2239661355643306,-0.1769372955382036,-0.0835213677322621,-0.363423339400028,-0.5334496771274272,-0.1188667924323363,-0.423235924119436,-0.8485137662141915,-0.1479647220592089,-0.5266062337599478,-1.0207381414914212,-0.1799034324938812,-0.1915960508666632,-0.974393657923127,-0.0778770102718657,-0.2163317914020654,-1.3926755734013854,-0.1436861608784056,-0.2325214397631906,-1.6604365223089808,-0.1979558491943574,-0.2437665339294205,-1.9037114250317115,-0.2406300379287344,-0.0470458095450955,-0.994579143157954,-0.0927308999171077,-0.0405331505866535,-1.4474628774999476,-0.1511139162985845,-0.0378878450011513,-1.7418243958667423,-0.2059092809186568,-0.0380611765163304,-2.010665818289237,-0.2483772142407844,0.0814061763960778,-0.924877086416206,-0.119179357335517,0.1000372536933827,-1.339070681142384,-0.1896933298031304,0.0977124295946871,-1.5987514723822394,-0.2363739462092083,0.0905723832778068,-1.84316078744802,-0.2697019147985833,0.2030715668583165,-0.7904489207376976,-0.1528038985715805,0.2593344918420467,-1.0862584239159114,-0.2195022140936835,0.2926858995794971,-1.2811049861410064,-0.2470013801876942,0.3198587054604871,-1.4764889972740065,-0.2659545601669215,OPEN_PALM
0.0,0.0,0.0,-0.1945447411436537,-0.3015208901385008,-0.0092723409622203,-0.2753416327074475,-0.6742821070330179,-0.0280320490781476,-0.267662512929589,-1.0479268570512976,-0.0439418368264126,-0.2970627439184,-1.3385699056132754,-0.0633780687412419,-0.1022954851838157,-0.9789803472241618,-0.1075875211308024,-0.1201464246225669,-1.5580385026834445,-0.1640365174661027,-0.1253437818227081,-1.885177956210315,-0.1867521063059004,-0.1232856826808303,-2.140533863483762,-0.1968924183559304,0.0598640206325781,-0.9891203606983284,-0.1343771226277418,0.077385835182597,-1.6181477955306585,-0.1882028078542297,0.0871215455084965,-1.9953245408693865,-0.2163367314622241,0.0976009925959468,-2.2792988503757137,-0.233861720345108,0.2020660871494118,-0.9201715879804372,-0.1569534493989783,0.26444845376025,-1.4817975645068386,-0.2156390068126961,0.2975600770199374,-1.8410414034750149,-0.2563579344978018,0.3109045952358096,-2.1073282045415795,-0.2819590076263759,0.3211818907491265,-0.7953857344450453,-0.1752751486874121,0.4462780117502904,-1.1534274755575844,-0.2262434471853344,0.5143113194415396,-1.3912332821465725,-0.2506958989668827,0.5539890973759737,-1.5981561614374638,-0.2635739316822766,OPEN_PALM_INVERTED
0.0,0.0,0.0,0.1258184919919914,-0.2455610072605746,-0.0741132582807342,0.1736664604097867,-0.636119337986492,-0.1208883095632949,0.147777585333211,-0.9746047769450814,-0.1740053419097045,0.0631358263923141,-1.2268179139789912,-0.222852883627266,0.0197106038220231,-1.0533086766812745,-0.0442736549719096,-0.0133242607147249,-1.4307486293626397,-0.1184866145795917,-0.0462892704257305,-1.6723156720351458,-0.1454339967458852,-0.0958153467941245,-1.8762365360972149,-0.1635360737952303,-0.1076491722097468,-0.9924794526546432,-0.0582768545899308,-0.015830178202861,-1.1607718678806045,-0.1737132477371779,0.0534281947966897,-0.8013080893735552,-0.1736115875714385,0.0165122080826881,-0.6959343734319738,-0.1431087614512559,-0.2069933818034493,-0.8746500839383735,-0.0853038309567096,-0.0976649075435184,-0.9728844774758006,-0.2286393658324534,-0.0265122945684222,-0.6369394853850235,-0.1840733552478922,-0.072487616311507,-0.5407440168895655,-0.1185251740453683,-0.3026234441452485,-0.7118632638672231,-0.1176350225586463,-0.1948837193836134,-0.7926592260769328,-0.2199683868164275,-0.1195406129303617,-0.5803099096000355,-0.186579185666267,-0.1521879921516667,-0.5026122377810897,-0.1380093094179092,POINT
0.0,0.0,0.0,-0.1996888085507681,-0.2522709787133987,-0.0252249140674485,-0.3276151914515258,-0.5911542538568229,-0.0589361808651657,-0.3978496592363953,-0.9304192762411256,-0.0859780890116529,-0.513964525745438,-1.1201791442606537,-0.1176875596315603,-0.133620617760259,-0.9511646711935668,-0.1366557316363311,-0.2056955141848465,-1.5053007061665746,-0.1948092678209405,-0.2433025830322248,-1.8275810041493628,-0.2209925171790333,-0.2629896951830173,-2.092513831544517,-0.2363323796785229,0.0246592730730736,-0.9878841050382804,-0.153221784561541,0.0204598111980023,-1.6066502385625232,-0.2180257403983981,0.0218555139911131,-1.975711165993295,-0.2498416539454397,0.0330477811307302,-2.258065934648965,-0.2691936623852214,0.1599346536988543,-0.9399864531275354,-0.1633519538493545,0.1975200433723376,-1.5117786613292885,-0.2259645115713473,0.2265534228386763,-1.8593680020384855,-0.2631329404854604,0.2493330267561548,-2.125067957296497,-0.284693454209451,0.2685674196219206,-0.8428899144215276,-0.1695334251143301,0.3508838484650284,-1.2265005953534764,-0.2176252055494163,0.3974039644881614,-1.4633891707303428,-0.2355794674192187,0.4332620447868316,-1.6783866249813189,-0.2444137761987246,OPEN_PALM_INVERTED
0.0,0.0,0.0,0.2295175550200726,-0.2023849674638498,-0.0284479283113577,0.385758827422022,-0.5365916872794004,-0.0495548590295025,0.4650351214957421,-0.8796976357138709,-0.0638841233563159,0.5652797719723726,-1.1096457574413865,-0.0830812769257828,0.1816556731208908,-0.952615771491246,-0.102778699730639,0.1655413602829954,-1.470749827746168,-0.1235620220991469,0.1498276517076955,-1.7887599973751998,-0.1329565713688151,0.1358462824436261,-2.028595980901828,-0.1398574722598674,0.0256597102673927,-0.995597472373525,-0.090151274380574,0.0320111110761765,-1.0840412545723717,-0.0967201180703541,0.0375104309534116,-0.8680224822046803,-0.0814794017494031,0.0474529901518412,-0.7346686926730467,-0.0749111796209788,-0.1092679363671942,-0.9226808665933336,-0.0714141877767478,-0.1185635617564545,-0.9819496424954997,-0.0990996940026965,-0.104981266757797,-0.77829936736074,-0.0729132264236719,-0.0839193255271513,-0.6500246584798887,-0.0494909218815685,-0.2309245149302388,-0.8284985749575355,-0.0497595917776447,-0.2697101985362542,-1.2269480915194209,-0.0707118154758758,-0.3039304980459106,-1.4326035554631686,-0.0484960212910372,-0.3248792194849635,-1.6039902699864432,-0.0244494719214377,ROCK_INVERTED
0.0,0.0,0.0,-0.2346173738938373,-0.123142325959626,-0.0766248177231117,-0.4541949252975944,-0.4864266184222941,-0.1169002718855154,-0.3969133133239876,-0.9112930236844656,-0.1676636257561593,-0.1788543548241687,-1.0673248491009428,-0.1968674792343786,-0.4622687013027988,-0.8467152363338226,-0.0082207808439355,-0.5874807066140687,-1.261388176614888,-0.1567531212298558,-0.4978801298185277,-0.90372424682618,-0.2223203759624168,-0.4346486799993788,-0.7375919481808932,-0.2424278608060734,-0.3082792624038116,-0.9508043857415936,-0.030576403096388,-0.4168897067628797,-1.3596069152274088,-0.178116056015822,-0.3542067285091221,-0.945430148865452,-0.1908785611555009,-0.3138760911369445,-0.8193916773127685,-0.1535074189861945,-0.142538869245357,-0.9937463099647318,-0.0806600918530357,-0.2229752641106961,-1.279508003610739,-0.2195082743212373,-0.1825952708348389,-0.844866841398013,-0.1734041402295775,-0.1494754983041986,-0.7143302819745704,-0.0951394255549018,0.0349292710920269,-0.9896018849269606,-0.1407014414280429,-0.0672093395395382,-1.1934603981595389,-0.2043013036507328,-0.0572796508118712,-0.8834167439142596,-0.1548307128672953,-0.0155055984022868,-0.7496583226195042,-0.0945696263556357,FIST
0.0,0.0,0.0,-0.2894626111190304,-0.0821848558613875,-0.1308956814496197,-0.5583557544406813,-0.5627790693026417,-0.1900404406954402,-0.7067153844795407,-0.9718354118833316,-0.2390229687739186,-0.8990919751683248,-1.156339308735125,-0.2797580507076732,-0.397375833748353,-0.8842938178085482,-0.1802273235776625,-0.4362542425307508,-1.3228490996871547,-0.300543161463043,-0.4302969014368867,-1.5945792105167886,-0.3569833229146678,-0.4210644034376743,-1.9012834480646517,-0.404735975346525,-0.2129099060441754,-0.9630149427204476,-0.1651411275406378,-0.2217485422633348,-0.9805952030782552,-0.3089299375749899,-0.2238050530337222,-0.5716907370880286,-0.2903343658595849,-0.2223240746061429,-0.5559842269144767,-0.2612314683884744,-0.0367494114574711,-0.9188261217181566,-0.1715195015180969,-0.0189173556996849,-0.9390111746047464,-0.3391716142599101,-0.0550465438559103,-0.5685387528242283,-0.2763648533541748,-0.0603375173255888,-0.4460669963074029,-0.202119818602716,0.1339794966439821,-0.8408538428659336,-0.1897930280977881,0.1829920344285457,-1.1871913303844412,-0.3582535634894512,0.2152149421444117,-1.3953494611891952,-0.3868292984050872,0.2722228013958257,-1.6500875609432224,-0.3806612648760679,ROCK
0.0,0.0,0.0,-0.1205886272824123,-0.1911622830141749,-0.0922524044226032,-0.155645183844803,-0.5088440401202048,-0.1417566802097226,-0.0082999863949942,-0.7096312859442495,-0.1928578869311439,0.1298268053943783,-0.8312654093715988,-0.239738480589562,-0.1551497617446735,-0.9913289585650004,-0.0831864090951848,-0.1851732296620268,-1.4200985689121703,-0.1563031506109122,-0.2038317590348852,-1.6813571917916827,-0.198758602968241,-0.2220095290244789,-1.8966228707890405,-0.2236723639908788,-0.0230577887570574,-0.9954331863128892,-0.0926342807204959,0.0091157666423823,-1.4652139714062034,-0.166572384313327,0.0233130533279313,-1.7444538616530831,-0.209698294953359,0.0377578289011683,-1.977599724136392,-0.227861707699356,0.0874859888234471,-0.8814567778493798,-0.1140458948639323,0.0911781053624838,-1.036270630080423,-0.2201986191830287,0.0344462765134867,-0.8041184999082708,-0.240352704020653,0.0043681566514555,-0.6519559334812389,-0.2209262565074453,0.1760299148849287,-0.7077606787321014,-0.14308450308005,0.1648324867724955,-0.8163649787636686,-0.2190725891765237,0.09998084521604,-0.669752028507594,-0.2155744481626778,0.0605763487784772,-0.5608244822178704,-0.1934826769602786,PEACE
0.0,0.0,0.0,-0.1987032881833253,-0.2453929613481389,-0.0228399487616992,-0.3159461861150299,-0.5697604960874866,-0.0561806790337979,-0.3751460948475141,-0.91197356905078,-0.08335716529283,-0.4800647641362983,-1.1207548527083755,-0.11531642490133,-0.127967321892834,-0.949974130697,-0.1283101741619252,-0.1910370938100739,-1.4744215016154505,-0.1883944321372599,-0.2250687417699968,-1.7848186827100738,-0.2177546818709567,-0.2432214695835821,-2.0422607324190745,-0.2349680475028776,0.0285258187991626,-0.988999060777962,-0.1451452219060153,0.0278855582922529,-1.5773209435858808,-0.2106137937900669,0.0277948527047609,-1.9351022398231563,-0.2406094361641446,0.0344112810787724,-2.209838095902585,-0.2576666067744044,0.1623153509419287,-0.9322306664941782,-0.1562410852479241,0.1992956561400393,-1.4761114071808168,-0.2179197811577899,0.2254067712593834,-1.8140624059990396,-0.2505059146402456,0.2428524792536649,-2.0773062269655904,-0.2678035911157402,0.2673516956128857,-0.8201250911564499,-0.1634309996988533,0.3415304831822209,-1.1987137654012412,-0.2071851679356656,0.3801792874270497,-1.4294716825595153,-0.2194237251511999,0.4084748349747662,-1.6374252474960511,-0.2235045090620702,OPEN_PALM_INVERTED
0.0,0.0,0.0,0.186619194440535,-0.2711968128310077,-0.0096375292489196,0.2868663551594383,-0.5906478048250876,-0.037871115724682,0.3654031408592062,-0.9010275337724926,-0.0652526954243084,0.4586183202650784,-1.0946227979667766,-0.0974301256307672,0.1340110665181891,-0.9805471230857388,-0.0974631778265261,0.1447975865263784,-1.4502449923839855,-0.1379755879686344,0.1345859184134089,-1.728935265517323,-0.1580211635261832,0.1222944356666764,-1.9504414847336813,-0.1746081501666498,-0.0032117554767973,-0.9922825898143656,-0.1239554217372231,-0.013682118864057,-1.5012980875147002,-0.1687665992675973,-0.0356335454244894,-1.827189280480071,-0.1950677126720704,-0.0540333362191839,-2.0721334107615275,-0.217075661765647,-0.1353374460673835,-0.9168823352973504,-0.1448637370934485,-0.1658389302647229,-1.393585005022666,-0.1899138948147092,-0.1769979953107724,-1.689773569566282,-0.2266454943855894,-0.1804257673023226,-1.904401474846826,-0.2551660821076185,-0.2573358723487778,-0.7783799850171307,-0.161981168260622,-0.3636459204246272,-1.099858575732467,-0.2144946697433515,-0.4327752584355552,-1.2952087952875,-0.2439110494598162,-0.4905613451337156,-1.460314795346538,-0.2614018899693378,OPEN_PALM_INVERTED
0.0,0.0,0.0,0.1419433494840819,-0.140611797131505,-0.14249219684725,0.1691731273358415,-0.4368011995135492,-0.2014547994315159,0.0156476686205477,-0.6312460842936265,-0.2526046769684028,-0.1282823412175052,-0.8029108049074749,-0.2931305294424701,0.1055204770743643,-1.0003723212961264,-0.081108549420396,0.1227784656637655,-1.419960995057901,-0.166262490737996,0.1255104211284295,-1.6781131839800678,-0.220139451255821,0.1220252104533438,-1.9026116304435436,-0.2547967407205311,-0.0386486640070886,-0.9963276058792764,-0.0764040740624262,-0.1241674620350041,-1.45011319632763,-0.1797716108645151,-0.1713151327288504,-1.7325101257032458,-0.2443847866651778,-0.2085885869291793,-1.971682400545187,-0.2721118040456168,-0.1398614141220164,-0.8691099485162228,-0.0902775841666091,-0.2418740311653656,-1.058729535728722,-0.2545365603474357,-0.1702588192885466,-0.7769223102361096,-0.2936884749894423,-0.107593221393444,-0.5847961943007515,-0.2707420924520718,-0.2089919260030679,-0.6633055911086895,-0.1135008366160682,-0.2700594312990036,-0.7171345756130715,-0.258134443361982,-0.2021598626749873,-0.521418536762896,-0.2837101617278216,-0.1357556439196173,-0.3895180429985452,-0.2669906287504894,PEACE
0.0,0.0,0.0,-0.1145174453940386,-0.504376026427953,-0.1958417862092408,-0.0354510514286442,-1.1514082572981112,-0.2630398606998048,0.0710776708377364,-1.6520190725782746,-0.311334047163551,0.0798534097392208,-2.0396536025178773,-0.3276285703316079,0.2943982418812321,-1.2092316856638443,-0.068110665187166,0.5933753118932391,-1.261689270124976,-0.2278751760379708,0.4059108906921486,-1.011656524878772,-0.3025707775788597,0.2673987746196087,-0.9560197159058912,-0.325883127242438,0.3938514225286485,-0.9189060889048228,-0.0221958722694523,0.6457637332105578,-0.9425142820159742,-0.2032607209371494,0.4003341372006453,-0.6853482325252042,-0.2454486235895753,0.2672365072437401,-0.7023688261968183,-0.2300430320779345,0.453890351600035,-0.6738755110322922,-0.0120202254382344,0.6460232850084929,-0.6804080079671434,-0.1990126978431277,0.4114770036999883,-0.4622169100840095,-0.1740838734526404,0.2766016529367286,-0.4777778574073537,-0.1052196844787909,0.4948368328236112,-0.4601891379115624,-0.0151402785884723,0.6519576347545449,-0.4844087788160923,-0.1154395959001821,0.4832406057167478,-0.3334339962526599,-0.0798587210704112,0.3649043667393282,-0.3364551335785509,-0.0236447074231742,THUMBS_UP
0.0,0.0,0.0,-0.1703809833001602,-0.4127788162321443,0.0353870044072988,-0.1811219328298312,-0.801477316059488,0.0046244215727978,-0.0714192507449484,-1.066136202228653,-0.0363035164397741,0.0664517099977951,-1.18218194137274,-0.0829850007938497,-0.191732033927732,-0.991448214194772,-0.1127154681188685,-0.1642197288824516,-1.5921501135024143,-0.174587104249198,-0.1357548769359469,-1.936708045052005,-0.2069666494006433,-0.1218164270707457,-2.212094276471545,-0.2317223255160206,-0.0427446455467589,-0.9863300369732366,-0.1591413002380449,0.0898488442314244,-1.4129367373824888,-0.2047160687417198,0.1167872960409633,-1.23191127126039,-0.1778246135333838,0.0764666857141467,-1.044691158398675,-0.1544551671000027,0.1265148504383789,-0.899484028208149,-0.194158715144906,0.216524472516024,-1.186251599686384,-0.1935823574850215,0.221266429577403,-1.03350596731237,-0.1162109408194928,0.1813104139357084,-0.8840228884639718,-0.071620635165458,0.2739763333834515,-0.7693472239202174,-0.2298436209235238,0.3145005131986367,-0.95004692939082,-0.1961739881502406,0.2989453802520536,-0.8175479275161078,-0.1182204706546475,0.2687485798759534,-0.6998152577393669,-0.0657876690125012,POINT_INVERTED
0.0,0.0,0.0,-0.0860649087606129,-0.5287495034206772,-0.1535379167326354,-0.0054586194941203,-1.1851633043095624,-0.2177943764201542,0.0545846955264264,-1.6806801534759317,-0.2725075061935367,0.0172095330981364,-2.0601213071285445,-0.3000850004762139,0.4529308455357877,-1.1293700804732167,-0.0724953739083162,0.609483992650567,-1.0723844470358002,-0.2196755093991467,0.408439460577874,-0.9273374340627611,-0.2923501756378296,0.3082972961873892,-0.9245361524064254,-0.3289762398150852,0.5792040609450286,-0.8131045193094153,-0.0581695492796043,0.6025072156951647,-0.6199244177398568,-0.2171033804917121,0.347597332335107,-0.5069247716402437,-0.2532282652798977,0.297140900542285,-0.5857838678383327,-0.2522202368396335,0.6402576066712926,-0.4844339248453169,-0.0733994097339003,0.6125060631327534,-0.3038327886901379,-0.2344434563888341,0.3723264305377658,-0.2270027755384488,-0.2058960047442043,0.3308807318447695,-0.3224277810418295,-0.1563443994839774,0.668213070619446,-0.1663218343841636,-0.1028550498801947,0.6394295548609292,-0.0366389497729918,-0.1917352621681399,0.4409284051030011,-0.0017235772856726,-0.1649372761424345,0.3877321676596829,-0.0990550886774681,-0.1269379940275732,THUMBS_UP
0.0,0.0,0.0,-0.225944536629778,-0.2059096210810972,-0.0129534068319465,-0.3542483862286326,-0.6291232054134984,-0.0208609331676513,-0.2884918353639075,-0.9491534814214792,-0.049466351551905,-0.1965955009591647,-1.1803397057974974,-0.0735679955379688,-0.2975261931429127,-0.9478652136380212,0.0470536368326864,-0.3944617278467715,-1.2788450853023985,-0.0619015136035366,-0.4039261635194444,-1.039740074392658,-0.1251734062572781,-0.3676594368341246,-0.8033725002027391,-0.1468820283768127,-0.1685037323799553,-0.985690594630666,0.0045325302722395,-0.2747375088024993,-1.352086866680752,-0.1095231510909992,-0.2905448372923292,-1.012592239080774,-0.1407544769522656,-0.2508718150532601,-0.7474596520139634,-0.1242509088343365,-0.022873671603508,-0.9612904791949916,-0.055545847178053,-0.1321443060642493,-1.2807569962762515,-0.1723169242298197,-0.1478775353389256,-0.8920949686326942,-0.1501537072058893,-0.1156331862533473,-0.632503641853388,-0.0963850388956103,0.1331792755101921,-0.8824393872295024,-0.1176017896688402,0.0081932560755666,-1.0890104572230126,-0.1959148022442891,-0.0246302766713149,-0.8107679043208549,-0.1674504582746002,0.0010676335897656,-0.6144409752109004,-0.1216108880087232,FIST
0.0,0.0,0.0,0.193284447362335,-0.2870634514347917,0.0307176526166042,0.2326023767931786,-0.6273632851693208,0.0501616225073476,0.135858282221666,-0.8214323127384706,0.0691733357945155,0.018312351100138,-0.8197535601689686,0.0857045575051095,0.0652255150791115,-1.0381209122066306,0.0188521573798407,0.1092857959822577,-0.9916123674486002,0.0396985877408669,0.1211070535046816,-0.8288203184827688,0.0294412484220597,0.1051310079092809,-0.7306822864104819,0.0141063334785226,-0.0833498160026955,-0.996490339213795,0.0077338234976301,-0.0187971718533332,-0.9144865141436794,0.0681080268742168,0.0038128107320382,-0.7717718726702378,0.0748628810617357,-0.0055693986395179,-0.6601256110943345,0.0589168020714564,-0.1964891461658214,-0.8670537837166374,0.0049963274185877,-0.1304969841417651,-0.7879815488161123,0.0544588181146883,-0.0969910505318481,-0.6716708956424249,0.0597977930196572,-0.095202456733392,-0.5574143481721029,0.0451248666526784,-0.2872208656223177,-0.7115621913069471,0.004639852273009,-0.2282175697294102,-0.6837977658358843,0.0400868809996691,-0.1920007247001371,-0.5807928457505306,0.0635072072887259,-0.1874269957040294,-0.4854668487687003,0.0756153931093037,FIST_INVERTED
0.0,0.0,0.0,-0.1845814455786708,-0.4170389225036478,0.0452819614633623,-0.191569151826667,-0.8443402225901803,0.0191380151684724,-0.1164397605630001,-1.219099404789051,-0.0114039150148838,-0.0165413207258903,-1.4386695950759982,-0.0480588740192651,-0.2014111171462479,-0.9965841945865752,-0.1386387611769389,-0.1764694597755393,-1.6081792170784457,-0.2018706360295149,-0.154248242583408,-1.9497244496059427,-0.229359638338561,-0.1442892798826988,-2.230318314710338,-0.2476300598452055,-0.0387562612344847,-0.9829622849073828,-0.1796749806310878,0.060462037174563,-1.4255217005375151,-0.2070260371277009,0.0647357054611896,-1.252592039209464,-0.1572483746619192,0.0202124273929714,-1.0654883711183123,-0.1237037222266937,0.1406102645943611,-0.8840500375875958,-0.2065055431454008,0.1927737729310751,-1.1960825551917782,-0.1932483087797042,0.1859929461724562,-1.0506399974760037,-0.1008527261460299,0.1522248908784425,-0.8984806351736865,-0.050301811574843,0.2941296586854606,-0.7461826836988741,-0.231314464351012,0.2985979041617321,-0.9645367037837052,-0.1836343439896025,0.2740545651282773,-0.8317843448429005,-0.0940082773539098,0.2512006582356232,-0.7096649388810009,-0.0371843511056595,POINT_INVERTED
0.0,0.0,0.0,-0.2195512258744093,-0.0740217983501741,-0.0871530525812926,-0.4436436707064033,-0.3497633133391269,-0.1534200324079078,-0.4594885467973094,-0.7119082492140477,-0.2259864608782917,-0.3023725456825228,-0.9053436858549572,-0.2975000606918724,-0.3725495348159859,-0.955744079780106,-0.1136671435304282,-0.5003390264633744,-1.4936660562771422,-0.225237693221632,-0.568365030883802,-1.8153752776218472,-0.2921669547549445,-0.625111825996633,-2.0857830684123835,-0.3434548365502037,-0.2008917408531092,-0.9696793404431656,-0.1391563335774357,-0.285397416931814,-1.1711589596489604,-0.3331784827065093,-0.2582623088141985,-0.792771764527424,-0.3695124385453097,-0.2207549633282978,-0.5348822497262988,-0.349407846784932,-0.0383394194620095,-0.9312521631789884,-0.1762325035011157,-0.1180191230060475,-1.034223578793048,-0.3478249560569436,-0.1107302793342161,-0.6797809798736024,-0.3058206591360494,-0.0906321881517767,-0.4780508057833576,-0.2314609897146067,0.1300155156405383,-0.8540804108669484,-0.2222942739262204,0.051669419792244,-0.9986374367217534,-0.3186324503510681,0.0314147494716374,-0.7610147454956413,-0.2762058984980044,0.0381521745540026,-0.6080852578900642,-0.2192215496566003,POINT
0.0,0.0,0.0,0.0098402846336278,-0.6952955406639474,-0.033339889419651,0.135657859741119,-1.2428256706707683,-0.0871757372715767,0.2621275946475345,-1.7035781081759611,-0.1414413034171988,0.2464000128678098,-2.0693874101572995,-0.1838114194060956,0.595901624919672,-1.1127463739436778,-0.0607270728043299,0.7881395304201594,-1.1019759866821224,-0.0759882240763077,0.6936057139517204,-0.9976854326490396,-0.0868108410856878,0.583920113070879,-0.9436774870723976,-0.0983588691210138,0.6834593637656229,-0.7260712428024212,-0.075523827077534,0.8336182850476965,-0.7281909161054406,-0.0443455286514806,0.7243017692529319,-0.6530100494396419,-0.0246847010998882,0.6072976914595156,-0.5921089574834347,-0.0330541172603578,0.710335244733192,-0.3439868896728561,-0.0892688338311379,0.8311459486869018,-0.3665088803869832,-0.053410164323755,0.7342760986925709,-0.3180372111014931,-0.0089504430600249,0.6139646243992274,-0.2732063054904511,-0.0039109784299063,0.702530675782892,0.0141188388322365,-0.1082238509456419,0.7951250507089208,-0.013150349713154,-0.0704869600626832,0.7031781142486796,0.0043165301390559,-0.0141533441580872,0.6060951884371364,0.027522087781234,0.0171673544223612,THUMBS_UP_INVERTED
0.0,0.0,0.0,0.1161475798665745,-0.1379961835549308,-0.0649864243921737,0.2055245295497403,-0.5240776071129445,-0.1130596797981387,0.1548488149954344,-0.884509516694337,-0.1680681101705562,0.0529772021644578,-1.0900820616862288,-0.2213072281914323,0.0788355389469868,-1.023697114218384,-0.0281301481199698,0.1189632369445302,-1.3656869530514175,-0.093001561595209,0.1440890178026523,-1.6222144317601888,-0.1149584218656647,0.1492255855751623,-1.829969756780404,-0.1320431813485002,-0.0685573750907764,-0.9964803446597476,-0.0482370088982869,0.0409325235710203,-1.1309594710228288,-0.1591165084709964,0.0803227359273035,-0.72357831845091,-0.1594362868789806,0.0215152562347331,-0.6163441596268663,-0.1282813267420058,-0.1727483211069141,-0.9018915011305528,-0.0789371595205184,-0.0602627321076774,-0.961326928155902,-0.2208221440530632,-0.0080379033293768,-0.5966290387983001,-0.1753131671384099,-0.0745957852644371,-0.5076086062379681,-0.1102349273925885,-0.2790911871238734,-0.7542977504281841,-0.11275501097231,-0.1684125365400613,-0.8128054047417341,-0.2128562145897452,-0.1052883009876919,-0.5634940455628875,-0.1736342288210823,-0.1508831535699306,-0.4904036972311245,-0.1220572141344796,POINT
0.0,0.0,0.0,-0.2391612618453867,-0.1125528124502394,-0.0827328721079847,-0.4425324528018529,-0.5097639503047754,-0.1201785409812561,-0.5751740402209378,-0.852492735099954,-0.1613836090742768,-0.7244894936994136,-0.9926621741380254,-0.2015605212145869,-0.3366685758157455,-0.9445728185581176,-0.0933297161403214,-0.3521486269110651,-1.4553522840258482,-0.1704111349346071,-0.3460243547280514,-1.7563127104829157,-0.1984416920225662,-0.3443665067362738,-2.0259452382597605,-0.2170067158989433,-0.1943983739381317,-0.9760887965992954,-0.0972621887659831,-0.1583112312025184,-1.110252452034427,-0.2576659800250633,-0.1479534017386294,-0.769163515171613,-0.2913985874299589,-0.1599998352013248,-0.5730308992887612,-0.2796034815684792,-0.0506700255153004,-0.9686756067760982,-0.1113354271469411,-0.0095133857317344,-1.1013422808921605,-0.2810720277543221,-0.0142149445573519,-0.7884683662931026,-0.2739053289022031,-0.0394524451821182,-0.5944367967152958,-0.2231842795964401,0.0944782016099013,-0.9403395447427448,-0.1289858318626839,0.1424011629398009,-1.3212638886816486,-0.2472714063454038,0.185057618697462,-1.550392172529091,-0.2646397097363083,0.216131674020134,-1.7912288572274149,-0.2504737869943069,ROCK
0.0,0.0,0.0,-0.2883758025987248,0.0058494936812296,-0.1053517403540583,-0.5677700379166501,-0.2201671190097178,-0.1506356357296565,-0.7356565625610599,-0.5143166326435419,-0.1984028088709976,-0.8692334042235256,-0.7411827390140389,-0.2408865520185055,-0.5091955127794873,-0.8212270834714085,-0.078606583278091,-0.6355192271643816,-1.2757608052470222,-0.167232645381802,-0.7028206700356305,-1.5569686946789991,-0.2102278386585439,-0.7654656167771793,-1.8162247673056648,-0.2360403303940032,-0.3582526971883586,-0.9301907806421827,-0.0800007285313889,-0.3726871402403995,-1.1542266202832887,-0.2809827488352092,-0.3015063870230194,-0.7833099479765041,-0.3392758812593249,-0.2693927461359291,-0.4894837515709308,-0.3249845027714991,-0.2089933153128,-0.9952660669172768,-0.0952045702037161,-0.214172347679356,-1.2139582372204298,-0.2914406092199531,-0.1643153088115863,-0.8549278578556235,-0.2909746204051827,-0.1518872857747804,-0.5836640414960198,-0.2277704457198363,-0.056608312945093,-1.0286863793250922,-0.1168982730536826,-0.0739866966957206,-1.4370289236412763,-0.2413984778575815,-0.0892382024259102,-1.6871025553356087,-0.2607189573795945,-0.121560990179177,-1.933444305368749,-0.2411330317657589,ROCK
0.0,0.0,0.0,-0.2482241514138665,-0.0986846043191578,-0.0958245325773821,-0.4743147178176384,-0.434699221609023,-0.1428255939194288,-0.5962511786776615,-0.7614967459453847,-0.1910290196680516,-0.7089071580853488,-0.9968779243834976,-0.2367248911961698,-0.3560314895512796,-0.924076667642348,-0.1226899224936788,-0.4243072705881201,-1.421095756404772,-0.2171855854246741,-0.4570627708306349,-1.717005570375172,-0.2603488295418248,-0.4908159886780588,-1.9872459367704731,-0.2874763030416928,-0.2091956500711506,-0.969751120225655,-0.1257773620823543,-0.2038950401208457,-1.1276457924678274,-0.3073163061954919,-0.1817426411727416,-0.7632143137630613,-0.346925108983854,-0.1830367506626019,-0.5226584340367078,-0.3334207899064128,-0.0629575149293266,-0.97642370042466,-0.1403499510322405,-0.0463115214688323,-1.15195094009203,-0.3186304296240654,-0.0386661159521309,-0.8229109390675239,-0.307751378511964,-0.0491159560130634,-0.5983801928473479,-0.2504204973702585,0.0845330495935364,-0.9660754556289796,-0.1609504714494278,0.1078851988962528,-1.3731238325452924,-0.280606266945212,0.1269029063267573,-1.6294135191838748,-0.2983774243503055,0.1386636436991588,-1.8933490455069584,-0.2839950913485413,ROCK
0.0,0.0,0.0,-0.1865728336788752,-0.219718443920599,-0.0338657960995469,-0.3138223836575895,-0.5860438765435768,-0.0537397349736218,-0.275925426156331,-0.8254458683702217,-0.0902649394779484,-0.1429845827276303,-0.8887129026453024,-0.1275810232699342,-0.1684573627179817,-1.0453113525918054,-0.0063895046369283,-0.1920992196445893,-1.4931562721892984,-0.0774058863063945,-0.2210022341272143,-1.756025022546329,-0.1280481591226286,-0.2404233329631861,-1.9934554037845256,-0.1687339109642794,-0.0520745012654892,-0.9977583074942128,-0.0420310140757351,-0.1186383617309602,-1.3337823207558956,-0.1766259285410055,-0.1794611653322502,-1.0334807626145754,-0.2125106110681476,-0.1878907700579963,-0.7840832067091255,-0.1998521749319096,0.0651511618401708,-0.9182694589877488,-0.0871981532723904,0.0008311548966539,-1.2138798888946898,-0.2098650933396675,-0.0622595898366523,-0.908361245582796,-0.1889783726197491,-0.062313323736022,-0.673860950054316,-0.1349627176958424,0.1896494302915534,-0.8084513977237644,-0.137558629175166,0.1426788553691477,-1.0965078472355745,-0.2076514155050442,0.0704724060718381,-0.9163432442798024,-0.1794443112677964,0.0587859447064643,-0.7312744303852546,-0.136706860842978,POINT
0.0,0.0,0.0,-0.0609807513036343,-0.572004231796448,-0.2422948464181645,0.1359038040180277,-1.2112584702890252,-0.3281905560981952,0.324608304811903,-1.6988029577393138,-0.3888518585142436,0.3581309979957167,-2.126913675481577,-0.414042491952665,0.5084897357485517,-1.1879200726096355,-0.0994968000621494,0.8710782556573424,-1.1582336861343956,-0.2921843269373009,0.6464644013152873,-0.9152031370249312,-0.3807011397497263,0.4645573618781795,-0.8479881710193063,-0.400752715252274,0.558444782374535,-0.8288550888015815,-0.0337441373631102,0.8610994456836548,-0.734007726425848,-0.2516507648580219,0.5497209482422515,-0.5211614876776824,-0.2988334331483905,0.3727745458176843,-0.5747724463463083,-0.2692816126582128,0.5793203818929064,-0.5514007383808837,-0.0109991619562804,0.7719970261461998,-0.433509147085552,-0.2275829205820873,0.4872719487463642,-0.2947718057489456,-0.2078606897176848,0.3330825280994812,-0.3819097836125585,-0.128978363427114,0.5893234175291651,-0.3227853237034311,-0.0050297903899004,0.7233493000968187,-0.2258593129588777,-0.1218318335250077,0.5137497327342919,-0.1321146508312445,-0.090280510392306,0.3789161838805639,-0.2072142048015127,-0.0287146728368614,THUMBS_UP
0.0,0.0,0.0,-0.2799137570053058,-0.0760704643049576,-0.0974670568256197,-0.5347716478171145,-0.4570482347114988,-0.1485163422116584,-0.7071662838546422,-0.7802123350966377,-0.2013070284400677,-0.8931673618111611,-0.8857176213064922,-0.2512175726006604,-0.4043705999141906,-0.8916278203649728,-0.1192179914955155,-0.4352697922498311,-1.3619826264728117,-0.2194712826477914,-0.433097480069736,-1.6476497321926826,-0.2638894614461424,-0.4349510476194059,-1.9356494173009025,-0.2975335754772549,-0.2471925624381693,-0.9612387839920954,-0.122130410728243,-0.2272471863401411,-1.0461563236083025,-0.2710935131340976,-0.2030063236452655,-0.6547811977278315,-0.2796007731515016,-0.2120157813665016,-0.5487799780654319,-0.2592074827479697,-0.0870649574989793,-0.9595967366157552,-0.1410789675017381,-0.0472252955601733,-1.0159675136393982,-0.3115784132939499,-0.0453538301496832,-0.6628752612220274,-0.2780050975054681,-0.0669965742847687,-0.5027437512950221,-0.2146245622761601,0.0766353858755733,-0.932427458475044,-0.166406260856117,0.09325566484886,-1.319963655917408,-0.2974642619435331,0.1179670785754812,-1.5435827831614697,-0.3074910503445719,0.1399687561739244,-1.790774369352685,-0.2892278697788602,ROCK
0.0,0.0,0.0,-0.1908777752565773,-0.1457095635146697,-0.0797731354554208,-0.347169794540614,-0.4305449361254943,-0.1203348830538558,-0.4603967431043077,-0.6632082293618508,-0.1563568181337718,-0.5780490426478281,-0.7636265776900477,-0.1946829385126012,-0.1450705794371063,-0.9707890384484572,-0.0699422807458241,-0.1743818447086443,-1.3650727175747188,-0.1219907995949096,-0.1858726640799039,-1.6143819817925962,-0.1693840664004589,-0.1916345138394449,-1.8293259454868875,-0.2092135374537137,-0.0121385186687277,-0.996473088617584,-0.0830303560480256,0.0023798492535411,-1.4233297040647437,-0.1288261193311585,0.0119150921220781,-1.6977654424510218,-0.175663914663516,0.0165688214780456,-1.931105848852025,-0.2147565163497372,0.1074249889852727,-0.9365196053438236,-0.1083022344996531,0.1441257703701574,-1.320799103348718,-0.1673071453160509,0.152970530134421,-1.5627209312216348,-0.2179798602388344,0.1532799204410403,-1.774973674623969,-0.2572609656942174,0.2170341309225886,-0.8076861738454327,-0.1412699925654701,0.3165336177703713,-1.0542603445620595,-0.2024624483371126,0.3786254000550847,-1.2234917914167542,-0.2391298420116518,0.4296207266692294,-1.3843660356389034,-0.2669751181622767,OPEN_PALM
0.0,0.0,0.0,0.1452682968473141,-0.3652952952960966,-0.1568108908538809,0.1053576464709983,-0.9235743132087813,-0.2140521023869126,0.0081758559590118,-1.3190694078915934,-0.2578701590125309,0.0363959093425894,-1.6263942788760732,-0.2730099147855935,-0.2877815543659847,-1.1472080432517824,-0.0847667269108179,-0.4033667191483315,-1.3368263146001886,-0.2401890665582397,-0.2459971810054034,-1.073715771019126,-0.2939309459636657,-0.1786511255432689,-0.9535624563482624,-0.3056469524253111,-0.4089083708369737,-0.9106243030764212,-0.0596432972431462,-0.5105497545802858,-1.0240069565788443,-0.2306019253319288,-0.2807031535894567,-0.7531925933470587,-0.2406980842412182,-0.2172335647548488,-0.7314999718533315,-0.2055603212190913,-0.4877606523803512,-0.6365906600179142,-0.0668189507520592,-0.5551106057475914,-0.6915791869237411,-0.2459043455574299,-0.324013946589394,-0.4774840204646722,-0.1978590595685941,-0.2482503650516999,-0.4766451912859454,-0.1187413550494316,-0.5397859918248953,-0.3359717449771215,-0.0868055322667827,-0.5775444138971498,-0.3407229015103466,-0.1993145860588417,-0.3982290853238854,-0.2444469841449033,-0.1742041839208902,-0.3207484765871712,-0.2705847766210653,-0.1244012959770756,THUMBS_UP
0.0,0.0,0.0,0.2013894569021139,-0.1473964816760009,-0.0920580149992865,0.372806885092457,-0.5208348789932375,-0.1255465820191653,0.4036152332939856,-0.9256132341428076,-0.1527912977047342,0.2864966017613815,-1.175537844447196,-0.161588770150947,0.2774099120003438,-0.9755653648098352,-0.0301824980177189,0.3458619466621053,-1.2107696961004486,-0.1273680241061009,0.3292036406931647,-0.8797163984796124,-0.1657958642979198,0.278034476895918,-0.7776056653898911,-0.1778854328980955,0.1332208732719367,-0.9906802521224828,-0.0283696489085943,0.1880373849020693,-1.2321516301427906,-0.1458594089383964,0.2003732015859338,-0.8078735113792319,-0.1697833533687068,0.1551098233996959,-0.7134412444205941,-0.1551664506135095,-0.0114246049852715,-0.9390921643741444,-0.0418115346779833,0.0412960363701467,-1.146734495454374,-0.1808883117372335,0.0813558649814674,-0.7241512471237882,-0.144083115807135,0.04660324009681,-0.6106296647606222,-0.0805175719836748,-0.171850802586182,-0.8454966337450166,-0.0586103243276206,-0.1038724368296512,-1.0078446015507516,-0.1511312333910807,-0.042038289022462,-0.7222176664593143,-0.1092485211220142,-0.0527113319342829,-0.6106210500724073,-0.0508727798458059,FIST
0.0,0.0,0.0,0.2103540434843863,-0.2025690047091325,-0.0646441825236456,0.3533658827456911,-0.4805725333421718,-0.119064929496059,0.4642029367244016,-0.7683134530833198,-0.1618666974111588,0.5967476809784821,-0.911725817137266,-0.2058654996579405,0.1573326609109545,-0.9497205737894768,-0.1447169633822072,0.210630714049556,-1.4202274787743088,-0.1954914130534754,0.2289488955712086,-1.716810436581814,-0.2239651261496285,0.2384564735119933,-1.9499516564743535,-0.2465319668289669,0.0113013450603275,-0.9894690686283972,-0.1443026050613073,0.0237272676689533,-1.496439859048886,-0.1924744824220135,0.0112076302646359,-1.8267528439117056,-0.2213447468505636,-0.0036413378340994,-2.071441586801496,-0.2454538493324899,-0.1193154174170639,-0.9435827256003037,-0.1425747826653031,-0.130197871468509,-1.4046307937566829,-0.1921578859396467,-0.1292820330317196,-1.6925975237718711,-0.2357269363862111,-0.1276078817820545,-1.902973347705005,-0.2691126116035249,-0.2286124170711001,-0.837973450249591,-0.1423066918309575,-0.3310300914213082,-1.123116139053407,-0.2018035048326278,-0.404130810828892,-1.316010974821876,-0.2427512046898453,-0.4653596551511217,-1.4873708333869342,-0.2681907393937717,OPEN_PALM_INVERTED
0.0,0.0,0.0,0.2046692013260397,-0.1768340758365205,-0.0272680778227065,0.3672398846496915,-0.5021165507081161,-0.0479708046189234,0.4509871063510383,-0.8442535624350405,-0.0630598569475659,0.5590930715938001,-1.0626524156891044,-0.0831673968472009,0.2240934870529971,-0.9524262611701568,-0.0993180959407264,0.2032616849949246,-1.4517321092518063,-0.130783120657339,0.177666970951024,-1.7626760527546377,-0.1503548345504932,0.1568523616820124,-1.9948505327282144,-0.1678948383541287,0.0895294750474939,-0.9915468607532124,-0.0939111070543307,-0.0141929657547158,-1.1501341658824542,-0.1146649047916641,-0.0269250538552314,-0.923190114403168,-0.1006596588226942,0.0034944662151164,-0.7947974221925592,-0.0945365265949174,-0.0516186110443573,-0.9257731080900732,-0.08504541454599,-0.1558792498211682,-1.0385977934830768,-0.1182388080599413,-0.150513826094252,-0.835631951813992,-0.088153194240104,-0.1084549151837005,-0.6994632794961425,-0.0645237950774115,-0.2031259256383404,-0.8352738323855541,-0.0750371179313136,-0.2813045939938669,-1.2282191016991009,-0.1121317144756634,-0.3385882927107714,-1.4464413149648137,-0.1028264914988319,-0.3689827240444897,-1.6494752910201766,-0.0888424738485774,ROCK_INVERTED
0.0,0.0,0.0,-0.1263407629008058,-0.482887656629935,-0.2000865414282359,-0.0369920038362642,-1.156435461510213,-0.2706204690949447,0.0755335869958496,-1.6606466438679202,-0.3199450431482562,0.0746697805732587,-2.048864402179069,-0.3366222903283761,0.2981297398800822,-1.2077343308542998,-0.0933702075759915,0.6055038512804802,-1.264860932692948,-0.2581382084073308,0.4133991864074852,-1.0073381176445106,-0.3280849430277895,0.2772593209268316,-0.960774710754212,-0.3476440600872589,0.395023529037392,-0.917390692209248,-0.0484843207097008,0.654197547694161,-0.9294683182319676,-0.2371284142304882,0.4028890958787467,-0.663675349433054,-0.2736564468538665,0.2726361800512131,-0.6992415569096945,-0.2533892071918882,0.4549264604969903,-0.6710209514176434,-0.038449065832213,0.6571446519594715,-0.665942411490398,-0.2318881016220991,0.41606357649645,-0.4398543564821134,-0.1981605272239952,0.2824142700909271,-0.4757032781350995,-0.124157273974935,0.4974092320933065,-0.4607679466541844,-0.041857058078313,0.6542537084832459,-0.4684207137709115,-0.146505375935208,0.4796070260457737,-0.302645143731742,-0.1072994622169836,0.3637561052259411,-0.3172549718636754,-0.0492232696637013,THUMBS_UP
0.0,0.0,0.0,-0.0835441269587995,-0.2102111110906772,-0.1286168493281957,-0.0780129434539985,-0.5188238510655264,-0.1720745984505716,0.0668831093650132,-0.7666724330141282,-0.2036073318535906,0.1669233840348679,-0.94640651969851,-0.2234366353298463,-0.1863311160028829,-0.9699643706522952,-0.0736703795119241,-0.2425197996819504,-1.3865760432540466,-0.1308803754265269,-0.2743131023389947,-1.6431970210294091,-0.1628070903235354,-0.2996793837815464,-1.8533549626999104,-0.1780493584547366,-0.0685845308106517,-0.9962669253719836,-0.0524249515339533,-0.0738284207257612,-1.4473019997221004,-0.114995382833784,-0.0615167957429434,-1.717731276978056,-0.1474117367084025,-0.0489317280277909,-1.9386190533811325,-0.153571989293198,0.0407429671178801,-0.912317102333184,-0.0497378188845793,0.1110881206193245,-1.0643604209492432,-0.1575605475224403,0.090924623321662,-0.8240826729516978,-0.1812728662533815,0.0575936520970849,-0.6765638932718934,-0.1567221657381755,0.1364441256193212,-0.7825099947979587,-0.0571920794404016,0.204194700776537,-0.9245641644486448,-0.1394731708720572,0.1814844329326193,-0.7811088241956682,-0.1460023142344407,0.1503740669036366,-0.6789147412068269,-0.1258747984482787,PEACE
0.0,0.0,0.0,-0.2217098906932352,-0.1087698892015409,-0.0934326117373913,-0.4282636286324818,-0.4490875955066365,-0.1500939763084689,-0.4232401473632809,-0.8497953844888626,-0.2115762451956839,-0.2509395351212227,-1.0403965103331072,-0.2700655907460808,-0.3126604489948075,-0.993261412671564,-0.0901523067856263,-0.3941983185203801,-1.5288963038081325,-0.1867352226426269,-0.4406375477265397,-1.8455918252740289,-0.2425433388059239,-0.4772176299793842,-2.127400360667536,-0.2866722330668098,-0.1497185096011233,-0.9826409442893388,-0.1095497261017779,-0.1938897588256674,-1.2696913671900236,-0.2980058115956025,-0.1944861387612912,-0.8879683854237336,-0.3334749846430405,-0.1788894530465378,-0.5945398113954565,-0.3073666547267828,-0.0002651189917144,-0.9193251825934552,-0.1410121350891773,-0.0444978251135062,-1.1005053519176755,-0.313552443010075,-0.0633435964340991,-0.717882426214334,-0.277650505236362,-0.0619355996267507,-0.4726429494149722,-0.2007977595557934,0.1538624407018661,-0.8224638762931343,-0.1812512452557358,0.1065420077784435,-1.0245833475206494,-0.2804860830697165,0.0707388178724214,-0.7862026533681626,-0.2447078858649014,0.063681471573228,-0.6112952214352239,-0.1896631408420536,POINT
0.0,0.0,0.0,0.1542025254138555,-0.0932463446086932,-0.1184853758539553,0.2387452547020925,-0.3588998701462018,-0.173887929502553,0.1477311880242347,-0.5950520867872751,-0.228164088534278,0.0258867994218904,-0.786734604714343,-0.2745618923648632,0.2269083992722516,-0.945799630852148,-0.0758047392896882,0.3168685005390426,-1.3380692160377834,-0.166008007169642,0.3640414269330264,-1.5866825822346895,-0.2218428972934016,0.3954857233674879,-1.805184417612828,-0.2553319062411319,0.0874146528399659,-0.9925152532702344,-0.0852769048147885,0.0869916338693484,-1.4712854803466204,-0.1934562348559352,0.092161846779989,-1.7761219056123254,-0.2592780506485894,0.0951015727675327,-2.0320431803848984,-0.2866157795538733,-0.0311045166806428,-0.9029805589843792,-0.109694662121454,-0.0667141853983626,-1.125169482293513,-0.273375754846999,-0.0289106174870609,-0.8265922026434578,-0.3059084509484521,0.0002497176503968,-0.6056802678518756,-0.2774791667911135,-0.1288224958958782,-0.7234814991275935,-0.1415665723142431,-0.1413497421658702,-0.8008774252505463,-0.2793322201548419,-0.0953882192917758,-0.5872374935937779,-0.2924896879335795,-0.0584451879557828,-0.4197160112034298,-0.2657497931471034,PEACE
0.0,0.0,0.0,-0.1966651325069547,-0.1209879748983866,-0.0923669999575718,-0.3766156351102087,-0.4827180761830258,-0.1578005292034777,-0.3446720346300223,-0.8301316308529296,-0.227466448443644,-0.1614197865949783,-0.9187975212445112,-0.2967858443830453,-0.2155947767860088,-1.0499003523183204,-0.1193714734998964,-0.2373402838109796,-1.584478838192869,-0.2294058803816923,-0.2456658703579327,-1.906029760226604,-0.2940609850746056,-0.2539751280605246,-2.18283075413659,-0.3453007327368582,-0.0474605162877266,-0.9886398384679708,-0.1426140567676518,-0.0964697504479658,-1.1854074577053884,-0.3330905406673157,-0.1250068619337521,-0.7903548314984412,-0.3616105931571635,-0.1180355074301301,-0.5643583153446131,-0.3351301859093253,0.0974462949936715,-0.8706375197458922,-0.1776938242151595,0.0368354832921372,-0.9559452439019964,-0.3459791763068459,-0.0051986792291782,-0.5937374907310806,-0.2996809949524969,-0.0027395287173984,-0.4348602246825073,-0.2216042937518093,0.2384210408999668,-0.71680201671483,-0.2224036105965203,0.178916342460371,-0.8309424973680426,-0.317601669318079,0.1268100708196032,-0.5991756596775581,-0.2763298182319972,0.1261550584774999,-0.491852670677441,-0.2195655943879792,POINT
0.0,0.0,0.0,0.1925737380513749,-0.1077944001529292,-0.096819185055872,0.334284197454413,-0.3827063303357318,-0.1351992761031001,0.4237687535846612,-0.6408747379563775,-0.1672221050394885,0.5258524950701995,-0.8060087253746518,-0.1956387964192712,0.2144295151546058,-0.9206203583228554,-0.0642956181488606,0.3028929068829723,-1.2522861580265818,-0.1203655453901841,0.3457962849582511,-1.4715172900472535,-0.1678443854725775,0.374560601070118,-1.6656337636097127,-0.2056043737667075,0.0902813859902991,-0.9938425809958052,-0.0642354695107532,0.1196048856534676,-1.4018787915783877,-0.1140055137170996,0.1387452409867254,-1.6552709550967588,-0.1569138390346141,0.1486089922513056,-1.8708825372855988,-0.187987411679179,-0.0246454410095088,-0.9593334780624336,-0.0778423623223403,-0.0469353246594364,-1.3347572891457609,-0.1348058865884382,-0.0548231272734114,-1.575552590167499,-0.17953682955002,-0.0572076310254869,-1.799117551057014,-0.210427700427144,-0.1287803560298504,-0.8319423701908739,-0.1012590725240666,-0.2005213096054075,-1.0751181546323965,-0.1617113238924921,-0.2462201587336066,-1.244942887086226,-0.1942557574408522,-0.2796579771225368,-1.4187902746895855,-0.2143531975463111,OPEN_PALM
0.0,0.0,0.0,0.2213205549201213,-0.1545968125084912,-0.0475135534913814,0.3621164666613995,-0.5531538598473636,-0.0621372610065875,0.3313860432835719,-0.8911627809367864,-0.0832774575873524,0.1992456386953447,-0.9649421050228456,-0.099780141682969,0.2383397638237123,-0.9651648909738048,-0.0019267622190267,0.307410947468904,-1.3605751192504112,-0.0853133201904045,0.3848187969966081,-1.2529182927639888,-0.150882180981034,0.3954990047086396,-1.0460172140723496,-0.1791943077043451,0.1306704592443541,-0.9912506042165222,-0.0186405665485088,0.1914448809084013,-1.4416523079820711,-0.0947285368597864,0.2974960627902729,-1.293100871540742,-0.1470382784561106,0.3191124090996561,-1.0686979677051898,-0.1682169166617275,0.0110318039765267,-0.9548065140754112,-0.0487589419049592,0.0604969140763586,-1.3624171977200696,-0.1300505816114377,0.1844468804336658,-1.1903294783989844,-0.1642562919757997,0.2192399629031988,-0.9645097910946714,-0.1691341539776154,-0.1294907595413749,-0.8771067291650615,-0.083393375496273,-0.0890626482900813,-1.1912232218055163,-0.1482550387450101,0.0075088224042978,-1.0961437930779176,-0.1631392914403199,0.045497856427032,-0.9272333081706297,-0.1633393308676982,FIST
0.0,0.0,0.0,0.1894015351662046,-0.2242852584093966,-0.0102567740967513,0.3747371956373624,-0.5872998184759916,-0.0368233542061774,0.4908378825419416,-0.9397537106130872,-0.0586556083770511,0.6125512604314126,-1.1463175793589775,-0.0868913520597818,0.3044356569521468,-0.9491976157741352,-0.1532478800485208,0.2960901627305856,-1.555338555360299,-0.2235543777757544,0.2724295274785566,-1.9279596231901637,-0.2676658998999469,0.2481371035264443,-2.212405955262593,-0.303608732831259,0.1749597252905721,-0.9714011697823584,-0.160526826018935,0.0116836379342181,-1.319604724355331,-0.2137051805684226,-0.0201894407793801,-1.06949169559708,-0.1945744952598756,0.0154602014432378,-0.91787023409239,-0.1866972256892545,0.0193934301980492,-0.9287579963851964,-0.1623226064590691,-0.1520046908742405,-1.2187087976275957,-0.2044715455359317,-0.160823689271067,-1.0023655630823811,-0.1543143776971984,-0.1119309084720134,-0.8274702041331032,-0.121536805141254,-0.1594307044887177,-0.8761640834917633,-0.16287447699221,-0.2322905690955221,-1.350495980219334,-0.2131310280811807,-0.2952390966623616,-1.620022275343706,-0.2081945716321453,-0.3322320657771899,-1.875877267529113,-0.2004713697138779,ROCK_INVERTED
0.0,0.0,0.0,0.1579460473098331,-0.3175335482304866,0.0779887488445829,0.2011470455853341,-0.653137683239134,0.1254236903104741,0.1642433903517283,-0.864997682255366,0.164366157579673,0.0880765082075153,-0.9220653142775144,0.1989580214609778,0.072297230388626,-1.021568743837844,0.0922429023119278,0.0314938706306215,-1.0437130549826668,0.1472644684902967,0.0370506275839381,-0.872923885366865,0.1599040011761176,0.0565580229281526,-0.7620079884044352,0.163169950049643,-0.0897872262950259,-0.9930611166681632,0.0759465111511163,-0.1029864023572037,-0.916234218477472,0.1718718008133344,-0.0915629156065392,-0.7392631943170667,0.1889995714127867,-0.0664884595025583,-0.6160210826722325,0.1812627007448025,-0.2336579877776034,-0.867515245631264,0.0713408840814517,-0.2274945942195554,-0.7972209607297384,0.1507879230823024,-0.2065086026497964,-0.6461110596740705,0.156423479110986,-0.1770212552168482,-0.5189346112664925,0.1409680556531505,-0.357327134956412,-0.7188290288260629,0.0749339296162374,-0.3542458675026568,-0.7006282133830507,0.138152808869039,-0.3237145441245529,-0.5757729835951332,0.1719505998887013,-0.2912936171302963,-0.4691374595620526,0.192759298011023,FIST_INVERTED
0.0,0.0,0.0,-0.1828513679186591,-0.1122497159715898,-0.0785639274598937,-0.3567242056448372,-0.3104423000327852,-0.1545027955271243,-0.3927570243742778,-0.4405009349982609,-0.2412090637999106,-0.2767698410611603,-0.4755692502858016,-0.3251602916969894,-0.234100631298152,-0.959801999249728,-0.1099534477148725,-0.3089313106571381,-1.412108033870202,-0.2138470220856563,-0.3705947025759672,-1.6823269094593152,-0.2771823850121019,-0.4239895074928829,-1.9096048507017884,-0.3167539609283734,-0.0923750035688107,-0.9852207909852072,-0.1442458031491558,-0.1444045839012986,-1.4691741574326298,-0.2607197933329488,-0.2106993087744769,-1.7479120872419025,-0.3229968596439778,-0.2783943790966341,-1.9777691674623457,-0.3465961331307286,0.0434416047164804,-0.9118039244743884,-0.1866411097786636,-0.132108848441974,-1.02550019755884,-0.3340012431644247,-0.1991287003381386,-0.6926991101395792,-0.3450821399969291,-0.2187451555564747,-0.4435522251477893,-0.307970212899159,0.1449472408686098,-0.7607377311743747,-0.235581357859748,-0.0206397134900299,-0.7302169076795669,-0.3359550062967331,-0.0995063875392275,-0.4943441250881665,-0.3253308787533802,-0.1233505498362266,-0.3279459579783929,-0.2899370353021155,PEACE
0.0,0.0,0.0,0.0550998383738308,-0.4384956108353876,0.0453745114154395,-0.015463070163533,-0.8155966398371786,0.0269548796412213,-0.1494570433503975,-0.9628094987616932,-0.0028569722806712,-0.2766985742569605,-0.9603314297349972,-0.0439764199581298,-0.0313861049833471,-1.0846651381018533,-0.082281868053373,-0.1752718358755241,-1.5728361765369998,-0.1518764622440322,-0.2716987559255914,-1.8590235673759132,-0.1870816491109287,-0.3500900010829485,-2.0862521498073487,-0.2110307147195068,-0.1500557275061918,-0.9801824166989248,-0.1293279112830754,-0.4089352659436384,-1.2170886353577486,-0.1934095933583502,-0.3915084714675758,-1.007897616015478,-0.1682408944549927,-0.3127519232361828,-0.8795070546265581,-0.1430126072185297,-0.2637936326497879,-0.8013833039669014,-0.1674479306190157,-0.4815011732797823,-0.995821718531531,-0.2088277873861515,-0.4458029311137423,-0.8234444878205334,-0.1433439384913577,-0.366388535237652,-0.7318239089051455,-0.0944582883960588,-0.3605130972705166,-0.6013631289236705,-0.2020434660557122,-0.5059896966153697,-0.7506210304880154,-0.2184824033517675,-0.473029968706963,-0.6275181744498719,-0.1620880332238012,-0.4122889546061005,-0.5485502740953547,-0.1143172608574911,POINT_INVERTED
0.0,0.0,0.0,-0.1725730963498421,-0.3067383423463674,0.0630058096972892,-0.2407774548239608,-0.6691547418525824,0.0957143702427914,-0.2381762190281175,-1.0189809053479713,0.1171077449207804,-0.299790037105846,-1.2218679889238715,0.1373153881862278,-0.0420445342807197,-0.9928370035885802,0.0823594823037854,-0.0465515629470462,-1.4329526764086054,0.1029402846512437,-0.0396791954687163,-1.6630612430854466,0.1133761694107036,-0.0270095922483741,-1.84467583234654,0.1210140844541265,0.1038108402841391,-0.993166475492282,0.0533259917651728,0.1336053887207554,-1.5126807127755444,0.0585288499351852,0.1563448291287357,-1.800693782807583,0.0563689717620145,0.1805234126105064,-2.004667633744653,0.0594657205936982,0.2303907611995657,-0.9047981915510904,0.0300953366130326,0.2861778257922365,-1.375648938736552,0.0347575898733953,0.3176817087597308,-1.6153184371140867,0.0340505228057078,0.336602459571572,-1.7793929955523466,0.0375891880762577,0.3390295284354213,-0.7628190723053224,0.0141711256844692,0.4337432697695431,-1.1095075364590636,0.0371877398813255,0.4892324623660046,-1.2966947326623963,0.0612041671517552,0.5344178804751737,-1.4486732629453831,0.0809326791163511,OPEN_PALM_INVERTED
0.0,0.0,0.0,0.1574274371946653,-0.3049286889728352,0.0269761050524809,0.1773764714300508,-0.6195102650311695,0.0435914391772363,0.1085013058992336,-0.8190050917696708,0.0559134615892088,0.0254217274322871,-0.9056087737380863,0.068234070952894,0.1180620139669853,-0.9884635101414738,-0.0115707067983877,0.0995746399940947,-1.5270029785860253,-0.0147351564228424,0.0995586955153492,-1.8094843328100445,-0.0029482048895365,0.0867500473006494,-2.0203546731697566,0.0156297613412994,-0.04068009532674,-0.99897241642962,-0.0199810174158631,-0.0919372346750151,-1.517378741735772,0.0039905166602438,-0.1082466925042669,-1.7149620995184205,0.0244359152480884,-0.1255763478407483,-1.8084332428752452,0.0462684649964874,-0.1668132542611777,-0.9145643390109516,-0.0207853727703879,-0.12947763791754,-1.0094319944866477,0.0080329247164009,-0.079582879538321,-0.8877477188209163,0.0143862311629993,-0.0560114590379494,-0.7658716111452786,0.0271488550714669,-0.2740951812351036,-0.7951720821648813,-0.0197144300910572,-0.215845515993259,-0.8178349165092417,0.0249313580050048,-0.1791404539575085,-0.70839575138755,0.0558367871756713,-0.1639966870040387,-0.60447312677931,0.0852412087227202,PEACE_INVERTED
0.0,0.0,0.0,-0.2237115665271681,0.0030304627357166,-0.1782340436379786,-0.4660251360133416,-0.2528487513540123,-0.2735559142327867,-0.650320634286461,-0.5150671219852034,-0.3519644376703,-0.8377421588948003,-0.5725848159247938,-0.4262759067715775,-0.4085588270911888,-0.8827595073728365,-0.2067499475718241,-0.4427843819374746,-1.394771257421797,-0.3023408453653971,-0.4526490519924068,-1.7284293718237889,-0.3317816404477117,-0.4455845520645528,-2.004395271220868,-0.34338125981854,-0.2835371997255768,-0.9447235719371742,-0.1646330130868201,-0.1272882079518584,-1.12323731577872,-0.334824283625824,-0.110183263610642,-0.7018804861127707,-0.3551065609888787,-0.1573932483815385,-0.5056411045181541,-0.3284109282158135,-0.1604954621477018,-0.9825615875063142,-0.1382146322485428,-0.0154809897962185,-1.1286280427605238,-0.3253468223932226,-0.0273882142942997,-0.7575815316919718,-0.3172868748314467,-0.0951493861307869,-0.5555234235190887,-0.260795216710701,-0.0350514750046138,-1.0158188167648483,-0.1213813979366511,-0.0262445843330336,-1.4145627922021575,-0.2439723808150668,-0.0100138119348123,-1.6646624451232523,-0.2533578425004417,-0.0033008607238187,-1.9343836549469036,-0.2301417038845287,ROCK
0.0,0.0,0.0,0.1538346301513246,-0.2265940417365817,-0.0799642293326165,0.2429767118203475,-0.629447628055221,-0.1145395794479009,0.2411180556495959,-0.9712003624417298,-0.1524316920891058,0.172362751399628,-1.2385354112161842,-0.18673154925226,0.1285923032616935,-1.0249318932644935,-0.0250539098632916,0.1605775360893472,-1.4194773676094072,-0.0898817351403305,0.192122281754681,-1.6811548184045575,-0.1207398054099187,0.2034071136312785,-1.908751394780404,-0.1403609296240255,0.0166089448866949,-0.9993218698201024,-0.0328624930430564,0.0742324855091055,-1.3340498946307495,-0.152554474246072,0.1320831328271031,-1.009121981275642,-0.173085013115058,0.1316087460389769,-0.7894544857812984,-0.1484122467329378,-0.0905383095086045,-0.9193582678180574,-0.053162896607248,-0.0126242830422823,-1.1732005376154573,-0.1968230831044948,0.0597727353039085,-0.8281100419125791,-0.1707014456755399,0.0559503965143546,-0.6230570286577884,-0.1074366264680736,-0.2051210204795681,-0.7965145507951178,-0.0784388241612615,-0.1071057637489902,-0.9827420411764316,-0.1844278175112478,-0.019775024355805,-0.7568445015676162,-0.1631584409772059,-0.0051825872716844,-0.5936392245453557,-0.1177575352232202,POINT
0.0,0.0,0.0,0.1439048246517281,-0.3935450707316619,0.0096957559055474,0.1191073365322246,-0.7932481418497819,-0.0101521376928426,-0.0311859698064532,-1.0019654581065,-0.0375660111948893,-0.1677230172238603,-1.075955955077602,-0.0672636134749684,0.1374191008542673,-0.991476309116658,-0.0770224701527013,0.1367521549652087,-1.5639174905719415,-0.132305891124358,0.1331054508311806,-1.8818685694279411,-0.1497038702090186,0.1197005384043146,-2.1254285588138826,-0.149272998916654,-0.0144219549117367,-0.9944663165300874,-0.1040612920523463,-0.0719572869303755,-1.5892489353702417,-0.1508793998354421,-0.1148105601401392,-1.934052835591562,-0.168084066479011,-0.1509306296310897,-2.182963640852803,-0.1699457435616233,-0.1559892192154188,-0.925425917945469,-0.1222505194411083,-0.1906282838638926,-1.1597284084148032,-0.1565880616778285,-0.1539771324609088,-1.0018204698697482,-0.1435636965012389,-0.1249041162253955,-0.8497680562517205,-0.1145354813184073,-0.2774429903756976,-0.826273212445517,-0.1392771067826839,-0.2679022644379875,-0.923171600843696,-0.1369063303795371,-0.2307699020768185,-0.7979605095239362,-0.1004201655907881,-0.2062383923778391,-0.6847991905768495,-0.0613285442203158,PEACE_INVERTED
0.0,0.0,0.0,0.202826788400222,-0.2030876764801338,0.0561528527953424,0.3101703396676417,-0.4185354561370815,0.0886765089946151,0.3446739133077773,-0.5906680997505661,0.1160059015239941,0.2896312858929049,-0.6481100231591069,0.1440588357695772,0.1332823068242627,-0.997569413331426,0.0603109494383886,0.1820035736315941,-1.0162193751051458,0.0943632326674965,0.1783861141736164,-0.8384413140266023,0.0889914487386929,0.1559728836355511,-0.730160545797883,0.0773741902958243,-0.0139160453429114,-0.9988972552245992,0.0448399061860759,0.0340646027654098,-0.946757055916108,0.1194011110824511,0.0433278654273522,-0.7830852094610029,0.1287407420115018,0.0374180882322299,-0.6754000221027378,0.1128632143329306,-0.1397717210150686,-0.9038271444598384,0.0382576655348504,-0.0909223888910333,-0.848012524914956,0.1002544783226892,-0.0771342802851905,-0.7152069913781811,0.1051966696539127,-0.0787366396996114,-0.5988311064737187,0.088887909987412,-0.249449121241817,-0.7909568547306907,0.0365852824546978,-0.2094409248372155,-0.7719262972366461,0.0800672264662094,-0.1908623247610564,-0.6555010377522495,0.1028381655495258,-0.1848379831109309,-0.5567328480982127,0.1149368341829782,FIST_INVERTED
0.0,0.0,0.0,0.0570890079255894,-0.3846303430100161,0.0486130526214442,-0.0023725173139095,-0.7227789070013284,0.0472173449858116,-0.1084164580727321,-0.8721395379635843,0.0312998648726913,-0.2271909161599697,-0.8739254814957118,0.0079087966843087,-0.0372180237715018,-1.04927796922018,-0.0128388884870627,-0.1283592579455719,-1.4752540861785317,-0.0449691445322848,-0.1956771629570546,-1.732992078169265,-0.0597512969756698,-0.2554715446035334,-1.9319835129231424,-0.0722769239403667,-0.1437105765366088,-0.9881694071677192,-0.0535583133538967,-0.3332447788273041,-1.128053906793437,-0.0903235171668435,-0.3209033420541026,-0.9506419143450152,-0.0751540928494842,-0.2585344613847237,-0.8580676730987382,-0.0582867007319433,-0.247369833831799,-0.8505591507144605,-0.0868114125543212,-0.4014894373409741,-0.9285491313920312,-0.1035728602454832,-0.3717709589889059,-0.7768048800277689,-0.0593029544259781,-0.3085063898404183,-0.7203674107611224,-0.0290282143132213,-0.3376074656235427,-0.6868776622308951,-0.1179835021799777,-0.4420049601591957,-0.7417732196676216,-0.1148204951937255,-0.4122929782948435,-0.6115065929286109,-0.0693764488815678,-0.3634621874359666,-0.5462294118856842,-0.0315921085581622,POINT_INVERTED
0.0,0.0,0.0,-0.2455866472422322,-0.099474683056406,-0.0458515142757884,-0.4306284321817805,-0.5423131361476291,-0.0607789997620786,-0.3350242536241308,-0.9476791206167586,-0.0915760055512699,-0.2461807933345697,-1.2252902757846031,-0.1150139324344197,-0.4803706382601467,-0.7974165209400237,0.0231229372451819,-0.626640784197829,-1.1881036414203705,-0.0985021919125151,-0.5683304278511098,-0.9557071380738956,-0.1714523176196586,-0.4828690041266838,-0.7287750342485916,-0.1995340761862255,-0.3456393730525048,-0.9382831581051292,-0.0125753334801323,-0.4932435799366467,-1.3783020172759397,-0.1381156392233208,-0.4422600748511384,-1.053091909734358,-0.1858571627558259,-0.3695105594185022,-0.803885701684543,-0.1803728227725643,-0.1875710155381548,-0.9974404494095592,-0.0694642818983141,-0.3222214285672233,-1.4177686159786962,-0.1942185696422461,-0.2765171346104687,-1.0214770304811027,-0.1870553937197135,-0.2232422586550197,-0.7613836236799969,-0.1455803753201899,-0.0129678842762355,-0.9965596303438156,-0.1314008196634523,-0.1384689171640122,-1.176724452130168,-0.2136883236013816,-0.1187413210783425,-0.8943780767362942,-0.1947712831866425,-0.0694355825697849,-0.7322137679845934,-0.1601416304216237,FIST
0.0,0.0,0.0,0.1174424617861016,-0.3820316434811153,0.0367462233109968,0.0783018881184173,-0.6849660885795319,0.0439564347779368,-0.027470920233824,-0.7892961779394742,0.0430038286681057,-0.139777815988635,-0.7748265187940491,0.0388377553551662,0.0261464730877188,-1.0190270169240934,0.0262228492215363,-0.0209483143361563,-0.9750195197484148,0.0257995806112223,-0.0081556956486632,-0.8126609169578376,0.0041997255941751,0.0097818718053092,-0.7034979782334811,-0.0143216615306345,-0.1155464085357395,-0.993298322466354,0.0027331410535798,-0.1405821386169791,-0.8798845108733645,0.04368414641387,-0.1207835797125601,-0.7292459319897656,0.0485432342577326,-0.094756119213287,-0.6189323736343781,0.0372197042150939,-0.2425090131982035,-0.8562531046443758,-0.0154833016316764,-0.2525243422698518,-0.7205720871360126,0.0208855620997545,-0.2189874837365557,-0.5916542933000896,0.0267177248452012,-0.1821085196204655,-0.4909901373439924,0.015732107335986,-0.3519440512430312,-0.6831280601388893,-0.0324131577322391,-0.3526766453299989,-0.5707530160969184,-0.0088395641211788,-0.3133395280515204,-0.4516394397908987,0.0111081318544312,-0.2809225483458082,-0.3611367860441259,0.0241939176137039,FIST_INVERTED
0.0,0.0,0.0,-0.2510740112169501,-0.0716110599947212,-0.1295367233061709,-0.4784249366963884,-0.3594490501605303,-0.20790942973144,-0.643988790534892,-0.6245921061695483,-0.283066988984755,-0.828184867798721,-0.7219949533616961,-0.356773985116373,-0.3514993216588929,-0.8991385155768286,-0.1637484671546525,-0.3812972712508454,-1.305911568612791,-0.2614203725435492,-0.405408635408841,-1.584691845749974,-0.2973630398179265,-0.4267376399508921,-1.8363210588205128,-0.3201308517779392,-0.2139701374514058,-0.9647902275711784,-0.1529594621531491,-0.1486770689202133,-1.0106542552019868,-0.2968728156322513,-0.1467102754257993,-0.6167624294848364,-0.3076772145576977,-0.1832671120708954,-0.5051320811981802,-0.2893987017359235,-0.0676986408325552,-0.967945443333896,-0.158027143805156,0.0097574608985632,-1.0029924091429512,-0.3355266657054225,-0.0164827818265717,-0.6509944339674087,-0.3210267422417135,-0.0758670027438575,-0.4973024045134682,-0.2695687384185941,0.0812327444051246,-0.9499899855667036,-0.1701689902785749,0.1167544743264539,-1.3622213139061978,-0.3040829175905076,0.1617224980944167,-1.6025741233164208,-0.3192647852699439,0.197114499478061,-1.854020990680144,-0.3038627343935334,ROCK
0.0,0.0,0.0,-0.0701451241028314,-0.6724340127927311,0.0011275452836822,-0.2407339721741124,-1.2161879176794337,-0.0350787061017377,-0.4205575765964068,-1.662629598303205,-0.0757011729256819,-0.4607613109274134,-2.0718806361046567,-0.1159021151426722,-0.6563003544736148,-1.0837602625438254,-0.0674731287950097,-0.9355225861270856,-1.0779059158120954,-0.0867423142325892,-0.8211303404718908,-0.9362023502570632,-0.0997473721322566,-0.6727977208973261,-0.8903693530684854,-0.1071244081139158,-0.7345351410239603,-0.673397523394383,-0.0836295527144695,-0.921752579237087,-0.6626906065961848,-0.0663230260081842,-0.7854317131297615,-0.5556199946118034,-0.0483242750105836,-0.6473914011641866,-0.5314954075092988,-0.0474153713903304,-0.7589369765873375,-0.2561624158209444,-0.0913931300886796,-0.8876829671028834,-0.2978294660844335,-0.0614584921562035,-0.7696864914563467,-0.2179436432895564,-0.0135056458578452,-0.6394289914282058,-0.1849333874163297,0.0016395757200398,-0.7528153089112376,0.1254524015405852,-0.0993460522776393,-0.8390960768364859,0.0579507043319445,-0.0684638216137218,-0.7197126368843867,0.106169915487146,-0.0105136009661749,-0.6132115033466542,0.1274768929059143,0.0319022110771433,THUMBS_UP_INVERTED
0.0,0.0,0.0,0.0959592402522645,-0.3807146701007278,0.0638697011438898,0.0734086264673104,-0.7292484777713554,0.0570605186828119,-0.0276478565931629,-0.9309285273798242,0.0368998997321445,-0.1408372720423949,-1.0027595933356204,0.0059319489712276,0.039701408704591,-1.046835002321632,-0.0599552320875914,-0.0433952866098717,-1.5491908823995792,-0.1173637331241025,-0.1023897777185975,-1.848109811730982,-0.1487627136037962,-0.1541359185038021,-2.083821827736742,-0.1696459128133133,-0.0842163492261914,-0.9910306673583368,-0.1037584834040172,-0.2821527857556201,-1.2329459825365294,-0.1414050010231966,-0.2825281270669479,-1.0376344851778363,-0.1115289228953085,-0.2282512499401238,-0.912901854400137,-0.0887739477713783,-0.2075452475996785,-0.8651874477005794,-0.1366297659024842,-0.3681102335646779,-1.0592080355492293,-0.150323568119445,-0.3445750838400561,-0.8878243017868308,-0.082949136640018,-0.2807516258603955,-0.791140594003498,-0.0397992796376023,-0.3163108050933024,-0.7078373629674626,-0.1648939987115774,-0.4173805181999976,-0.8650054120646026,-0.1601767216058525,-0.3919535943660951,-0.7251917535984007,-0.099338897650835,-0.3432133690826408,-0.6371607410449412,-0.0509244201460689,POINT_INVERTED
0.0,0.0,0.0,0.2119752092107738,-0.1796419446106967,-0.0186056738158651,0.3918199790922251,-0.5090362823307641,-0.0393720671706659,0.4992953667130881,-0.850514233828491,-0.0577424233790946,0.6291356208558195,-1.0524078339929357,-0.0818674660951141,0.2697228779330056,-0.935058700086883,-0.1048813983394352,0.2559570074979114,-1.4924209533339523,-0.1457438549860046,0.234076270315125,-1.830917903613733,-0.1685635704340938,0.2164848236294198,-2.085657296659435,-0.1858336119766981,0.1265141848334297,-0.9865405261637,-0.1035951315100414,0.031509369791097,-1.1721566692396417,-0.140903025574561,0.0103637085078753,-0.9125127490422362,-0.1296359906453394,0.0408365483695411,-0.7582446434995431,-0.1195084559259795,-0.0248970008334258,-0.9475662584500802,-0.097665582774539,-0.1289178631401758,-1.0851114867018288,-0.1389256034648946,-0.1374167722469372,-0.8584419180387287,-0.1065148377380757,-0.0965568923429825,-0.6988377845232173,-0.0764918838803601,-0.1872181975838296,-0.8891464824580932,-0.0895686538009965,-0.2427015143781146,-1.310292476956234,-0.1259208746279678,-0.3017572072484086,-1.5453032017377308,-0.1130213116881687,-0.3351772441162281,-1.7623429447026924,-0.0939589592368456,ROCK_INVERTED
0.0,0.0,0.0,-0.1809990181970495,-0.4194316018184102,0.041018604373701,-0.1858313246706993,-0.8006691066778943,0.0216138280820009,-0.0705033660452556,-1.0298276073048116,-0.0030798681918994,0.0609418890057797,-1.1277785033098064,-0.0346233326863435,-0.1942816582504133,-1.0100152967098863,-0.0969581341547753,-0.1683406666046049,-1.5582213227588009,-0.1448716198092162,-0.1363892110098058,-1.8829973910987323,-0.1761373371583932,-0.1127803314306499,-2.144157942294098,-0.2022516865219072,-0.0225269255272684,-0.9908728830256848,-0.1329039777834224,0.0289870279800618,-1.4319661876729457,-0.1547911079768382,0.0260578708998397,-1.261762020620609,-0.1287440766852352,-0.0024343966167466,-1.0663206915198422,-0.1118284119472301,0.1542190743199103,-0.8985540832701054,-0.156424650620657,0.1760430216075307,-1.2876284576538042,-0.1405815369924713,0.1569456082604691,-1.1510855157625253,-0.0753213411409262,0.1263760278834695,-0.975649877083853,-0.0415653834289215,0.3057738854360611,-0.7705264213910614,-0.1780741455877765,0.2692810444660962,-0.9747398972933604,-0.1428449323280855,0.235132356193532,-0.8554118951862931,-0.0786266311066832,0.2178232805689246,-0.7272363403073508,-0.0362020045643438,POINT_INVERTED
0.0,0.0,0.0,0.1411984288127872,-0.1263305630672097,-0.139049227105348,0.1829418650250225,-0.4176020278846961,-0.1991564853317295,0.0488553840886824,-0.628174543217538,-0.2526111665041646,-0.0845438340536528,-0.8135496471915976,-0.2957179714408703,0.135809934824789,-0.9903896462885408,-0.0867091530948762,0.1726198268340124,-1.4034732070017784,-0.1750838317953362,0.1858015255547069,-1.6602944460215725,-0.2302296432328829,0.1872739812944533,-1.8829781850859764,-0.2647874128535111,-0.0067682747715437,-0.9964533077792304,-0.0838748822499745,-0.0698241981885155,-1.4547340525773784,-0.1889156941320243,-0.1017914692190824,-1.7368852506655883,-0.2539227548694436,-0.1303719752661094,-1.980850863335336,-0.2818113476914954,-0.112638526468894,-0.877404110082657,-0.0986656457269171,-0.1948139356517888,-1.0688226889232832,-0.2583096961748448,-0.1280301600362406,-0.7903039987717793,-0.2967518060389035,-0.0739025635877725,-0.6002257450402764,-0.2749932111242099,-0.189160930155138,-0.6805162907575406,-0.1230161155924078,-0.2361209403871175,-0.7309988668989782,-0.2579932583293469,-0.176447277500369,-0.5454849590301225,-0.2816886013386154,-0.1212719785767584,-0.4200923232424114,-0.2658797427828098,PEACE
0.0,0.0,0.0,0.2310008041433581,-0.0711856829021304,-0.0945262290546878,0.4412004044206307,-0.4517833871572539,-0.1211408570358496,0.5609110453823869,-0.7909627205274039,-0.1504070808552497,0.714901501212463,-0.9260716870532038,-0.1778732302639457,0.3311640822629333,-0.9361283359271452,-0.0377401604123516,0.434418689802534,-1.357411431761893,-0.1019027963401277,0.4892821188060197,-1.6145999016409998,-0.1285922792928341,0.5402948863900485,-1.849776527767956,-0.1443546014438894,0.1909909343557558,-0.9808533219023792,-0.0380686735647939,0.2824379509047668,-1.2054041961662507,-0.2106347411428848,0.2590250942524706,-0.8332321538278222,-0.2609488023242507,0.2245393539604475,-0.5454615984718995,-0.2401534846131958,0.0503559662850705,-0.9673855111846048,-0.0503548476603969,0.1183575813246126,-1.164222855524225,-0.2217346254937617,0.1209878106000943,-0.7705945360662663,-0.2167080291023046,0.1161708837309532,-0.5125135306793887,-0.1541324949759193,-0.0958428763280065,-0.9291081510281728,-0.0685803546872866,-0.0876342281270603,-1.2469164575241296,-0.1616522110316389,-0.0559486415860222,-1.4120375425148453,-0.1661942346603259,-0.0150643807685417,-1.6182437736139967,-0.1440067962833306,ROCK
0.0,0.0,0.0,-0.0831295946497986,-0.6571661524141429,-0.0019960438782668,-0.2520039922285361,-1.1607999617236686,-0.0339622555232858,-0.4491460819413173,-1.556202823523128,-0.0669881853562302,-0.5091718460521338,-1.9622478414098088,-0.101826891806702,-0.6816237912600741,-1.0282168850731417,-0.0580009834995921,-0.911844047062611,-0.9309173719156264,-0.0456507689591671,-0.8205482807052944,-0.7726884494380238,-0.0409109468744739,-0.6925167949252022,-0.7156150355460136,-0.0436948735138677,-0.7557422631338756,-0.6513942125330825,-0.0673736713538251,-0.8533504445853752,-0.5233438607791645,-0.0167442048590461,-0.7283394361517941,-0.4251768621955447,0.0017547891671362,-0.6125785194960044,-0.414682140200074,-0.0081432511995386,-0.759593891438382,-0.2568525475017857,-0.0657816637506108,-0.8087161707875006,-0.2122051723331986,-0.0190045966305936,-0.6981098574248025,-0.1437985487201232,0.015751631232339,-0.5864943891473628,-0.1289450880311043,0.0149005075076377,-0.733997306765185,0.110619938788239,-0.0641252902048673,-0.7821165451725614,0.0953706420187624,-0.034385915639794,-0.6686796369962108,0.1311531057085029,0.0117862311704565,-0.5750764572290241,0.1363915577741538,0.0444448053922554,THUMBS_UP_INVERTED
0.0,0.0,0.0,-0.2903403867869151,-0.0914306357858136,-0.1119012032337368,-0.574424450380196,-0.5408891035912928,-0.159932879861316,-0.7538526808521085,-0.8984494770153459,-0.2029060631684748,-0.9492839385340266,-1.0299703689023605,-0.2385696445779128,-0.4259771519630469,-0.8686845666475981,-0.1435562703705238,-0.4652338842856838,-1.2992328133593638,-0.2561880611494578,-0.4715797133884257,-1.5665953550425766,-0.3074538598604905,-0.4815234352945706,-1.863218287457435,-0.3501511940847346,-0.2544404756882686,-0.9575237266587824,-0.1356774012759864,-0.2540121759278907,-1.0218560988298298,-0.2751682524387187,-0.2419802741696176,-0.6150964948905958,-0.2615373721923776,-0.2590094726422428,-0.5832313423509379,-0.2328117661564325,-0.0812248643528089,-0.9414972740741276,-0.1479708608904759,-0.0569233107651958,-0.9872571701053596,-0.3142505618691446,-0.0684968443717502,-0.6205720888067413,-0.2626242265383937,-0.0797578065613431,-0.4906706944626414,-0.1925904634397732,0.0927340655871922,-0.8963181175547225,-0.1693752069714471,0.1242807029581121,-1.277030802678746,-0.3249618362795382,0.1511716345256099,-1.4974240696604029,-0.3500911228581387,0.1901717366244774,-1.752779183857364,-0.3423472446702204,ROCK
0.0,0.0,0.0,-0.0647914285962089,-0.6591338383703833,-0.0324073865033769,0.0165300221067192,-1.201115013292323,-0.0841631307302614,0.1425888216584826,-1.636704418506956,-0.1324249394525249,0.1402609023126498,-1.9955540649139367,-0.1667596083389322,0.4356548501865082,-1.1625028424621509,-0.0865127196586272,0.6571503662449447,-1.2446875866721934,-0.1015740369463866,0.5729138043294169,-1.1255204508484755,-0.1014319298069726,0.467608674958449,-1.045021322562236,-0.1026645069919517,0.5504906528577738,-0.8288498728030299,-0.0998395185816882,0.7343449766715285,-0.9300531796431348,-0.0701593797141191,0.630077539874001,-0.8361768090448475,-0.0379227258170574,0.5220980497686879,-0.7521777344233809,-0.0354317039140675,0.6082239953320834,-0.4906592642352418,-0.1102300635778977,0.7733809988707963,-0.6068471128905601,-0.0763254381792027,0.6796057869824984,-0.5385856504808955,-0.018174191432337,0.5712459546306659,-0.456722873777916,-0.0027841522428021,0.6334777778033241,-0.1715626341099811,-0.1242269143191314,0.7646099223354732,-0.2816124332978743,-0.0929515202706095,0.6743317561742306,-0.245868238797511,-0.0299387395065868,0.5832018989385604,-0.1890489504733212,0.0078573428067345,THUMBS_UP_INVERTED
0.0,0.0,0.0,-0.1396417441668839,-0.1481722345716955,-0.1162507345288912,-0.1946196224160547,-0.430079593320166,-0.1827164785168639,-0.0487404558222284,-0.6520730554361551,-0.2466197503233189,0.0982349429667668,-0.7918471205777724,-0.3033363856505865,-0.1972950335849605,-0.9710154195847052,-0.1132388449356475,-0.222309644819659,-1.418864679084789,-0.2017634509599027,-0.2318161882571945,-1.6950223941305915,-0.2529320833957183,-0.2402359155988866,-1.9265870734189576,-0.2826954596305928,-0.0604466496206398,-0.991274652867892,-0.117135669764934,-0.0505158861292776,-1.472002948876244,-0.206414663312625,-0.038059377889869,-1.7628484160134892,-0.2516881206553736,-0.0249373001033936,-2.0117656035024405,-0.2690801516939176,0.0616008651642874,-0.8925069569129668,-0.1348587355453934,0.0756115253765937,-1.018556561703358,-0.2522739476112769,0.0297018463621433,-0.7487322885184103,-0.2610694361666809,-0.0012954570335314,-0.5837790781959842,-0.2308510052500894,0.1648246062290055,-0.7283147160913009,-0.1633037649526522,0.1674524413171083,-0.8031793961161228,-0.2453253464061593,0.1088141783511572,-0.6161870619458852,-0.2348727947265112,0.0654081905889644,-0.4956810617373925,-0.2055726503122415,PEACE
0.0,0.0,0.0,0.0275667812713721,-0.7596348532471373,-0.0364096563611479,0.2125979749465825,-1.333738893085468,-0.0782131747639606,0.3766511097210365,-1.8072491210981747,-0.1140100885141949,0.3756977768053857,-2.198858355698724,-0.135648401480386,0.5797956287936136,-1.1477086658020403,-0.079357332516829,0.8197399100487822,-1.2324850973843149,-0.0952003100371662,0.7027341972584963,-1.1349256468579123,-0.0976739050539676,0.5779968330654863,-1.0663523752391189,-0.1018078041731126,0.6686328345270711,-0.7383910304089797,-0.0877998792929669,0.8719930938059971,-0.8574639790314759,-0.0514068976625568,0.7555176737366606,-0.8098599143774913,-0.0231677906267632,0.645078038829683,-0.735189511621633,-0.0270713174695646,0.6989377460318857,-0.3350745958703898,-0.093078096992305,0.8758113660840131,-0.4808091638488799,-0.0599273652774769,0.7692851103017435,-0.4517962232744528,-0.0036099053540851,0.6539608536235364,-0.3750038261988948,0.009627431482838,0.6949967818044575,0.0278765990295355,-0.1007703457004953,0.8380152464598861,-0.1241457254973545,-0.0679243881989302,0.7376915216101497,-0.1189634316475175,0.0021210310113388,0.6415500277071554,-0.0541993745118171,0.0437457204860437,THUMBS_UP_INVERTED
0.0,0.0,0.0,-0.2050639132866499,-0.2679137684325327,-0.0559004014954687,-0.3197565819028062,-0.6979264627995202,-0.0918639821491216,-0.2140837251999911,-1.0421380267149618,-0.1408177542916804,-0.0257142845991902,-1.1356745261512755,-0.171910982906046,-0.1910374593974972,-1.0434344684431347,0.0025443391073787,-0.219248922741941,-1.4435220137657123,-0.1356071595057096,-0.2357992669897416,-1.1023477174203615,-0.1949837996237255,-0.2108251940515686,-0.9024225757479718,-0.2091510965653218,-0.0426077373784003,-0.9988037905893724,-0.0239910112290931,-0.0703683886807424,-1.3380695635841149,-0.1684360091255593,-0.1092346432268338,-0.93348403968304,-0.1808898346314682,-0.0862419434939812,-0.7665218859965602,-0.1440212820142596,0.1000237075770122,-0.9163166143129712,-0.0748294809808676,0.0582701704558259,-1.1469038313051834,-0.2146162462419067,0.0065239187537591,-0.7353930002351701,-0.168493110555797,0.024105874081426,-0.5673729523839867,-0.0892008914308323,0.2504652283289858,-0.7890893425578867,-0.1322422907813707,0.1709057591549021,-0.9888242175509104,-0.1958093420336814,0.1202922512721844,-0.7117045129683894,-0.1463022948854754,0.1397405913090082,-0.5729152550562115,-0.0841299166053816,FIST
0.0,0.0,0.0,-0.1587023252592251,-0.3953819461960891,-0.0266325770251611,-0.1407431916425088,-0.8009468062212265,-0.0721867092322502,0.0084491029322381,-1.050006557360126,-0.1158761030082121,0.1438393737655882,-1.1679461888437557,-0.1598795456407638,-0.0743118196716154,-1.0302520468489378,-0.1653552791195323,-0.0379760021345383,-1.6305790245231837,-0.2397962500761807,-0.0046684142085984,-1.9835379109610904,-0.2728165087246509,0.0271868803700059,-2.254012666324051,-0.2865376791952595,0.1035542635278721,-0.9771715552506824,-0.1855054341903839,0.181990110930835,-1.5987695851171115,-0.2429868727791797,0.2249887233559561,-1.970548251836145,-0.2637232619621039,0.2687677678261274,-2.224477464653186,-0.2720610798830081,0.2522037043887953,-0.850899566315858,-0.1954126102653812,0.2509481156812925,-1.2342730774410238,-0.2390775436916495,0.1763863278407469,-1.1464495649671929,-0.2094597324585695,0.1318559738306436,-0.987105267292514,-0.1725929241579443,0.3609320663259784,-0.6992009480769582,-0.2072987914866942,0.2998764788853672,-0.9718684492529096,-0.2191701080960199,0.2309902585554201,-0.9025215057827832,-0.1680234051229759,0.2081423759874358,-0.7669299320193188,-0.1171772914276761,PEACE_INVERTED
0.0,0.0,0.0,0.211753633234966,-0.2219941080606945,0.026456100899827,0.3261964507691489,-0.5012149203956694,0.0407163693306688,0.3093809130501431,-0.7183723884774064,0.0549151890126705,0.2212582628008883,-0.7908747890759543,0.0671448714685079,0.1097591716650945,-0.9892223853834788,-0.0302350088701903,0.0699408716755274,-1.4583810681312095,-0.0163239723032193,0.0437807208034794,-1.7207697655072831,-0.0096083374375207,0.023292979088454,-1.9212060940416416,-0.0094495441716814,-0.0484739216094521,-0.9983872966512648,-0.029548008548466,0.0477069940248419,-1.041529793718767,0.0111039084199978,0.0797011821428937,-0.8905677771736661,0.0388198762462602,0.0838938423997992,-0.7624222591897448,0.0446040630553647,-0.1561724502597578,-0.8855582273730208,-0.0174814957066305,-0.0514072872329065,-0.8716690329744581,0.025800202689109,-0.0219506831358039,-0.7531304859888697,0.0497314630734009,-0.0193585323668653,-0.6403992684738979,0.0493920937319202,-0.2489481245321829,-0.7690156261187402,-0.0028893670228605,-0.1603949265245309,-0.7738158882657047,0.0357382436165008,-0.130946841286819,-0.6686213286776712,0.0662930934541721,-0.1236070380836399,-0.5718919826901674,0.0848843600722454,POINT_INVERTED
0.0,0.0,0.0,0.244292531329594,-0.0631162507711032,-0.1184372316648713,0.4533049902547972,-0.4004942387678436,-0.1599416583599543,0.5739182833070111,-0.7225222075650063,-0.1990036233821068,0.7232375384145625,-0.8684226434428034,-0.2350662474428383,0.3059269649448496,-0.9664956866795896,-0.0728116947757562,0.3745843522416717,-1.4405545725636495,-0.1387815753687311,0.4044570251132967,-1.7245713594480685,-0.1667586162043776,0.4322010391034114,-1.9768052469703712,-0.1817470769502728,0.1607170572709188,-0.9851419211217044,-0.0605427349135621,0.2023065845209221,-1.200389145107204,-0.2307565059059733,0.2069766690409068,-0.8365904206375537,-0.2831356420344798,0.2059460909276672,-0.555621822538773,-0.2656870336381878,0.0202788404098272,-0.955753322613402,-0.0601466632613228,0.0515856980836455,-1.1366108328051283,-0.2251484480372319,0.072447823439555,-0.7640144971699754,-0.2244332757273144,0.0859173511386445,-0.5186478421730611,-0.1662778007114049,-0.1196748793155719,-0.9087745750425305,-0.0677818750079334,-0.1309142827644199,-1.2368958210802583,-0.1537770558975151,-0.1173286335877822,-1.410242921048138,-0.1547600016571002,-0.0979531168079106,-1.614435211262108,-0.1294115920689394,ROCK
0.0,0.0,0.0,0.1667396074075993,-0.1517718240570318,0.0386874204118205,0.2302131588913246,-0.3482242789244966,0.0355130968205424,0.2429332205100662,-0.4933770685528891,0.0244766016207897,0.2415854468378181,-0.5623107027864076,0.0081076679952445,0.1160262213288249,-0.9602020886530396,-0.0392657164714527,0.0651822592318571,-1.3833112365854052,-0.0466338808239392,0.026484492670017,-1.6337380166477875,-0.0558197589840782,-0.0043968549892204,-1.8245673477774773,-0.0689859267358175,-0.0128804767635788,-0.9982305039260057,-0.0580513079092631,-0.0526406355904455,-0.9271494074261843,-0.04547787948874,-0.0464276519971754,-0.7650389227696012,-0.0264105003935232,-0.0229897341574926,-0.6773546200661179,-0.024478126011851,-0.1357761424718379,-0.9047645720440152,-0.0661249214340812,-0.1434772629890887,-0.7891852214758083,-0.0406310989583115,-0.1302317940284026,-0.6693627470988498,-0.0113344075405476,-0.1065045560167812,-0.5941843804413122,-0.0059883456884968,-0.2546677554540157,-0.7993897253619692,-0.0729798341588398,-0.2473846214227916,-0.7033478413550711,-0.053702389476996,-0.2250799936130411,-0.5896445363572145,-0.0291710485455223,-0.2026733159901688,-0.5152068961794831,-0.0111749509776539,POINT_INVERTED
0.0,0.0,0.0,-0.2129491687869466,-0.3626174432365876,0.0424088831670791,-0.2483901559681593,-0.6989212462937686,0.0372315641082308,-0.1633553213880095,-0.949802339121842,0.0255423116031332,-0.0443571078680758,-1.0602752354933844,0.0194066381013112,-0.2066083360626644,-0.9774881835201712,-0.0412938096109363,-0.1874637030700883,-1.3746240498944224,-0.0427663724713275,-0.1535704540553317,-1.25541042736024,-0.0192730284018067,-0.1609874953109962,-1.0877310314298947,0.0030180551206706,-0.0325326169305799,-0.9970060527141348,-0.0701467011842173,-0.0042330311207795,-1.326443536590915,-0.0341718207569792,0.0073101035767462,-1.1914695030724791,0.0004723171049439,-0.0175447505081076,-1.0345335097323909,0.0150040595213797,0.1337425074194982,-0.9429120391320878,-0.0885754651906058,0.1303007035840657,-1.1564499925579808,-0.0367635192788677,0.1262609131712141,-1.03466289456425,0.0060265871318084,0.098119433395173,-0.8967735196296718,0.0160845520518166,0.2748308107831521,-0.8448704039440026,-0.1041866322352542,0.2491445754996154,-0.9776211933580956,-0.046226850316369,0.2324319033067415,-0.8699164073871316,0.0105613499022493,0.2092979511396038,-0.749946831665081,0.0438723486564802,FIST_INVERTED
0.0,0.0,0.0,0.220289668651708,-0.1177444971625546,-0.0568755409143951,0.4072077503684395,-0.4341184192400297,-0.0830889426620997,0.4522387775807719,-0.7563867078051487,-0.1136532253886195,0.3542779216183905,-0.8860285225702069,-0.1313673288821063,0.2638704671937065,-0.9842992031290698,-0.0331636218412141,0.3235325428311382,-1.3608467963858957,-0.1352409328023823,0.3547106671987373,-1.0652104142019596,-0.1870859025640929,0.3343517133159803,-0.8370616344814075,-0.2010254706759333,0.1373262346732471,-0.9893546272646304,-0.0481552362732511,0.1966010959370986,-1.3510317018426927,-0.1508565852773055,0.2326357938637676,-0.9692914271097912,-0.1736193346636545,0.2079621276056755,-0.74244221157071,-0.1623624406968513,0.0029385548810236,-0.9515735487075804,-0.0768728875791267,0.0628402335161627,-1.2592814086785031,-0.1819705776791055,0.1095593667239768,-0.8882379144227506,-0.1552703910807782,0.0935957008506869,-0.6691106853560416,-0.1062389230150344,-0.1454716746429526,-0.8733774842912588,-0.1104795559178442,-0.0957523933181391,-1.1271840946050844,-0.1760650772848507,-0.0319201635682551,-0.8821701842148818,-0.1434026256208589,-0.0238943259813386,-0.6903173426977234,-0.0998502177110679,FIST
0.0,0.0,0.0,0.2479070219657443,-0.0576219333077724,-0.1081446943097073,0.4688599866262865,-0.3673728211219454,-0.1471357746368705,0.5908382792126569,-0.6920498967940072,-0.185629142910118,0.7313955062831172,-0.8774285247202798,-0.2212735967497915,0.3339423745826259,-0.9491294517991828,-0.0546321552266163,0.4114007192142291,-1.4093040347498966,-0.1259478000271674,0.4481070600733063,-1.6792880315603451,-0.1604422682139704,0.4839392888237364,-1.9232836912809887,-0.1792102258235415,0.1855577919644356,-0.9814267364493124,-0.0486812779591417,0.246981534062632,-1.2325877999320982,-0.2227796311303604,0.2479455176314562,-0.8660436486667942,-0.2811792926619524,0.2395589618870685,-0.5714299512691868,-0.2664921650589429,0.0407219018985858,-0.9570106433906904,-0.054299528615074,0.0857127705158593,-1.190400602487146,-0.2176911481296791,0.1056079383820925,-0.8236521058083636,-0.2155572617425949,0.1218960913152261,-0.5652830907223857,-0.1577137250960202,-0.1067030387672138,-0.9034863276730232,-0.067412042387931,-0.107064116533948,-1.2149428918634402,-0.1517297837058928,-0.0677606207242447,-1.3711941940183592,-0.1528154772554079,-0.0157853937501137,-1.553951643383073,-0.128225954710329,ROCK
0.0,0.0,0.0,0.0244113139979529,-0.6969733807730363,-0.0280646093749945,-0.0009792165897245,-1.2567578228458087,-0.0828774434836356,-0.0682744877588442,-1.74854209670083,-0.1378452415474374,-0.0699006123296528,-2.1460351050038087,-0.1905537447388966,-0.5217187861069313,-1.1294131360316058,-0.09697676256472,-0.7819204199316432,-1.2684372377377895,-0.1154222342137686,-0.6736556989202385,-1.15793959038588,-0.1248667586894163,-0.5415564294270271,-1.0550221906062,-0.128932883960013,-0.6402699690494374,-0.7613547881078745,-0.1019473067748532,-0.8258042544680978,-0.8783861018967549,-0.0762418784054213,-0.7036181639861461,-0.7911507516295363,-0.0624600559799081,-0.5795462134691608,-0.7055713885667136,-0.0703019108565856,-0.6876574544335236,-0.3845869683744014,-0.0998734271714448,-0.8034220369744198,-0.5054361851434314,-0.0636470956650051,-0.695843635675636,-0.4443719608162665,-0.0244578391207567,-0.5821510337698058,-0.3677753473845024,-0.0195112069912699,-0.6994620493186235,-0.034278136479167,-0.1005559923523719,-0.799938178802538,-0.1187546655388105,-0.0673892135314286,-0.6932377736552147,-0.0895358147732204,-0.0110721977822776,-0.5867710609777085,-0.0483545485764205,0.0265959600263435,THUMBS_UP_INVERTED
0.0,0.0,0.0,0.1819363031707726,-0.3262991420782086,0.0451370163304088,0.1919984011997819,-0.7224365661648262,0.0760048937902133,0.0922227737554036,-0.9870777321359624,0.1015946699832634,-0.0341831618572258,-1.0737420639579238,0.1247984853997654,0.1612732828782067,-1.0089157787713363,0.0636053254611723,0.0322766724427417,-1.132136470022066,0.0976554791982296,0.0076550298926971,-1.005499932314295,0.1073809884898383,0.028219543292724,-0.907731418087238,0.1091928255526178,-0.0215634128060316,-0.9987390853315224,0.0453349606739721,-0.1309325954667694,-1.1864308442208154,0.1003594263629334,-0.146916538363731,-1.075685246484242,0.1198377001662391,-0.1158154567732101,-0.9366732511736796,0.1247893121218069,-0.1943982718410805,-0.8978324632785368,0.0335512368324916,-0.267903748122594,-1.0942405297566495,0.0792203835079976,-0.2655165789430841,-0.9674717557189229,0.1042950889641371,-0.2284868783716571,-0.8346398683326829,0.1099790989600959,-0.337911806336912,-0.744175259143542,0.0266057026568976,-0.3695151601774993,-0.9183718560096928,0.0666436915302212,-0.3548545684715672,-0.8047880460727574,0.111856666087632,-0.3279547070586892,-0.6858301065256693,0.1432165399620976,FIST_INVERTED
0.0,0.0,0.0,0.1695076339460793,-0.2470091691210206,0.0077479171835674,0.2600637179392739,-0.5507211440544351,-0.0072145050581863,0.3438536085953524,-0.8292757460693552,-0.0250515531994439,0.4509281010398294,-0.9756182376910308,-0.0481095629430767,0.1301473674396863,-0.9699171858392994,-0.0620225922959462,0.1501782095083847,-1.4265249568812737,-0.091188248571998,0.1490212655166229,-1.6987916682378736,-0.1049269076341747,0.1444048777085943,-1.9148188859250244,-0.1182464054581749,0.0130380476082461,-0.9956091049974586,-0.0926958432764097,-0.002759420653714,-1.491704039174894,-0.1297157123729912,-0.0299488827228652,-1.8055719278391265,-0.1525444101320927,-0.0510108180055957,-2.041318904924631,-0.1721749380752769,-0.1064871888150711,-0.936075993051743,-0.1179545185176057,-0.1349092447894671,-1.4038427654638368,-0.1584450598066295,-0.142254723562394,-1.6974069610657327,-0.195494096534984,-0.1412963751192381,-1.913799994309941,-0.2237166127894269,-0.2280829784771603,-0.8105319983812066,-0.1384247488798809,-0.3328798391178473,-1.1352574508186688,-0.1872553445132952,-0.4018339799205455,-1.3365539686091037,-0.2180802729892636,-0.4580585992598475,-1.513548387464508,-0.2371508492206857,OPEN_PALM_INVERTED
0.0,0.0,0.0,-0.2447421258091588,-0.3035861359420234,-0.0632951767121954,-0.3680004220262816,-0.7208701091551593,-0.1163569691809353,-0.401967615048726,-1.142493420719861,-0.1548580983626331,-0.4816265346965416,-1.4308571577245912,-0.1995813456338455,-0.1677505006178396,-0.9587398706090514,-0.2225847341011531,-0.21105394148403,-1.6144671151844945,-0.3228015740190659,-0.2329176081126438,-2.011581987188753,-0.3725883450055001,-0.2426438943358248,-2.333741495419891,-0.4023671082365718,0.0244219396918147,-0.9706275059543163,-0.239344549857716,0.0263352651441514,-1.6528346124692292,-0.3333072197551083,0.0298187855583473,-2.084821555060286,-0.3870062449573331,0.0400817152451054,-2.4320826653009147,-0.4247510651197684,0.194358749592835,-0.914728794830852,-0.2519553664222249,0.2766374820113829,-1.5316838719235517,-0.3531603382349301,0.3210269767836792,-1.9384950492678352,-0.4219891300524474,0.3546173287532455,-2.262145138153886,-0.466645655513717,0.3309327179581927,-0.8123373367396973,-0.2612326925063707,0.4967671675888633,-1.17569100877516,-0.359606156388928,0.5910109979215967,-1.4263323395552212,-0.4114647641955826,0.6670930117249066,-1.6642612020802157,-0.4422521546261402,OPEN_PALM_INVERTED
0.0,0.0,0.0,-0.2310146650575457,-0.2401832856291309,-0.0631250444863196,-0.390440932698788,-0.671951215788164,-0.0871498413106846,-0.3082380926061187,-1.0907813318595454,-0.1250091556719914,-0.1167707179506535,-1.1999939152603498,-0.141560233837744,-0.3103933063088532,-0.999763959378338,0.0484310803264378,-0.3640637175734966,-1.445346949123563,-0.0742613770293253,-0.3504673997220053,-1.1335565818882898,-0.131261476118867,-0.3121013146873102,-0.9367206166857396,-0.1449082735625199,-0.1565695613476402,-0.987148333637423,0.0320021851795539,-0.1849266929799405,-1.3676097823064075,-0.1044800919663205,-0.1911638704985675,-0.9734892794411876,-0.1239446125631132,-0.1716281069340146,-0.7953883919117952,-0.0902147320122087,-0.0077164184995424,-0.937877517415936,-0.0115423232307204,-0.0297221408184274,-1.2058094073237475,-0.1513312486396581,-0.0626804440785702,-0.7981585129354115,-0.1163164597713622,-0.0548871621639175,-0.601676484011926,-0.040460111100677,0.1523290097740895,-0.8506803781888921,-0.0626118226406773,0.1030486236017092,-1.0891795043648078,-0.1290228861177755,0.0629259209141791,-0.826215938010375,-0.0867694262686823,0.0722376350372146,-0.6618511199963104,-0.0273284248084479,FIST
0.0,0.0,0.0,-0.0910626302305784,-0.563429345602095,-0.1966445443689836,0.0637310401503242,-1.207561499975179,-0.2786353654160323,0.2299253809748541,-1.670817412667951,-0.3423833014695601,0.2689795071767072,-2.0799058265238504,-0.3724507242514481,0.5005735183499399,-1.1262673090309412,-0.0987460451376344,0.6701578777319109,-1.0520971056910065,-0.2769642557885907,0.4416496054917091,-0.892289774133162,-0.3568277906022639,0.3407567802983302,-0.8918967462849655,-0.3909429452325622,0.6024380752470805,-0.7946953564275092,-0.0743482075449521,0.7049815356072867,-0.6243224874812064,-0.2719735996235752,0.4060231238223585,-0.4905768693452914,-0.3058499111078311,0.3374640985024612,-0.5850438323629539,-0.2875718156655009,0.6551708792957393,-0.4834471560491315,-0.0870945881126064,0.7008815312595552,-0.298895838152489,-0.297446205812324,0.4200608843442076,-0.2142153094527185,-0.2617433986256273,0.3579608484172004,-0.3313412890171855,-0.1900486751551327,0.6819421695299693,-0.1816181277538066,-0.1148758239315199,0.7184794451826015,-0.063786252178947,-0.2369701447994341,0.4997886895875163,-0.0103197416165894,-0.2018829900735684,0.436490348150399,-0.1106923468069444,-0.146853340073076,THUMBS_UP
0.0,0.0,0.0,0.1550696025527374,-0.2640705733993329,0.0777481009204261,0.2280962392278684,-0.568685976218695,0.0797870969336138,0.2317875707492141,-0.8083189145337025,0.0718345043177562,0.1975336127106298,-0.9434379346099028,0.0540667747264384,0.1859597163016988,-1.0092947875096248,-0.0913119594372815,0.1363286870342064,-1.602715726053726,-0.1731806492647945,0.1031910256492652,-1.9610802535295129,-0.2365785675524579,0.0713063862088784,-2.2415988291588063,-0.278829604193097,0.0431076746248473,-0.9908288305724482,-0.1280623164513003,-0.104394660609143,-1.2856258997715089,-0.1522942588286133,-0.1172190656300748,-1.0814764417802645,-0.1161512407719869,-0.0817398579716526,-0.9216699613639197,-0.0998014627198835,-0.1059328201318934,-0.9045710060025992,-0.1524543266956152,-0.2200996947089812,-1.114427990889618,-0.1482521760410963,-0.2165230968187033,-0.9384844074801824,-0.0764039624586656,-0.1728137303805448,-0.7932233365507879,-0.039621540819179,-0.2487332128247702,-0.7957205837759592,-0.1707538696010923,-0.3007444936870679,-0.9292441403471888,-0.1522314412231039,-0.2895238461685332,-0.7647357173897303,-0.0894529573057466,-0.255368285099419,-0.6492568832197084,-0.0446701818777213,POINT_INVERTED
0.0,0.0,0.0,-0.2514892120779815,-0.3204515648688478,-0.0706634264125218,-0.376618854825538,-0.7431704943556315,-0.1339310424516036,-0.4070576468117153,-1.167409294531097,-0.1800377075942826,-0.4940730616098485,-1.460383649945216,-0.2324833869820549,-0.1809862253376591,-0.9619108533772848,-0.252834348721019,-0.2278889483368386,-1.623415290455281,-0.3647548313523311,-0.250645037218499,-2.033377865758332,-0.4222237923733155,-0.259796592713795,-2.3722376927026936,-0.4581526500489881,0.0167078993271006,-0.9625984139269264,-0.2704166037902277,0.0269729588359233,-1.6570160304393793,-0.3763683534166931,0.031673761075234,-2.1023148577092527,-0.4367546638082265,0.0427085443227627,-2.4641136385390943,-0.480470930746321,0.1916505326893714,-0.8981237433344228,-0.2826721740781591,0.271667097207491,-1.5461590531481044,-0.3938720417902217,0.3155588507763801,-1.971798038644788,-0.4660106914752941,0.3535250663382835,-2.312769934136917,-0.5134450651820509,0.3328003659053812,-0.7901304646309459,-0.2913550360387258,0.4913667188769187,-1.1860259307593817,-0.4022522050704996,0.585933879927685,-1.4508183123244884,-0.4598097436450374,0.6675717584942694,-1.7064097514954577,-0.4943273669785798,OPEN_PALM_INVERTED
0.0,0.0,0.0,-0.1537599342530067,-0.4159939019532093,-0.0031992569749321,-0.1292239136616237,-0.8262095913283659,-0.0501186342826964,0.0208267800604261,-1.0531279586641236,-0.102202925316339,0.1664337612530053,-1.1090665806535094,-0.1568365876529165,-0.1053317331073996,-1.0206592219862265,-0.1535792808470068,-0.080333136401568,-1.593483820750332,-0.2306998052086004,-0.0624624230402891,-1.948224902853113,-0.273464963719832,-0.0410918512117324,-2.2271798789041,-0.2984305216100253,0.0648124457150216,-0.9797294097357044,-0.1895511291957009,0.1690661423758845,-1.5796334784193806,-0.2437719616404854,0.228045708615528,-1.9512661086674723,-0.2633082661602534,0.286616188599589,-2.2249363128188957,-0.2776595527898708,0.2185156205578868,-0.857988321905095,-0.2136095500845245,0.2867448781377902,-1.2622247866897849,-0.239998719643312,0.2313016585576583,-1.1393689126563027,-0.1879857824793167,0.1901191753845708,-0.9730217291210708,-0.1432527791419384,0.34814051198793,-0.7001139843270794,-0.2404801937641327,0.3626246241381121,-1.0302941972487836,-0.2324436367291107,0.3062625298675318,-0.942826899964214,-0.1620678696936143,0.2812216905592214,-0.8103606376937658,-0.1038158276560244,PEACE_INVERTED
0.0,0.0,0.0,-0.1347162319545561,-0.4583656056045025,-0.1764559222772495,-0.1415400440489051,-1.0370967961395057,-0.2809476912104967,-0.1523118029513656,-1.5323622326257107,-0.3769355442282885,-0.2194767102911219,-1.8848774295541584,-0.4438931390773444,0.2915133432371408,-1.2009528151827988,-0.1250461510197062,0.6052743591964207,-1.3628073134967646,-0.3004145227675623,0.4535829371045977,-1.082725732886744,-0.3831243999091412,0.3160897083462859,-0.9722496377287704,-0.4111931432177099,0.4028634055914041,-0.9095545669348069,-0.1020370824912784,0.6572780489000181,-0.9730156797876948,-0.2992914975619669,0.414961209713106,-0.6830838549096436,-0.3362248427837474,0.2731834284735002,-0.6797008169499114,-0.3170005361802507,0.4778860931247471,-0.6530916101799655,-0.1088200924685726,0.6748589028326414,-0.6953959998635963,-0.2943132147505866,0.4392530449146507,-0.4586935319834214,-0.2497666661871603,0.2992692360632844,-0.4686418900126933,-0.1717535254567642,0.5295788376773328,-0.4174212235959276,-0.1285859823171149,0.6894110604278625,-0.4629305370265753,-0.2244567356174633,0.5198674621175212,-0.3062685208460078,-0.1707263026786118,0.3989701760732158,-0.3142187543915338,-0.1029948827078407,THUMBS_UP
0.0,0.0,0.0,0.2225814902466228,-0.0862853434569537,-0.1001245750871893,0.4134538566855988,-0.479438773295068,-0.1362333280645711,0.5531353501624056,-0.8073815975298331,-0.1748570825020846,0.708863824987077,-0.9189040041508956,-0.2111111942942484,0.3090355955946656,-0.9619618737311048,-0.0555794825667011,0.3751632999272941,-1.433402288114724,-0.1194993036497962,0.4029156453533502,-1.714785924932359,-0.1414930970703315,0.4313911958551133,-1.958638293100682,-0.1512165531599777,0.1716062730787237,-0.98366195722773,-0.0544099342302701,0.2155479663730806,-1.2002017156130012,-0.2278734831667603,0.212754128710201,-0.8366529403765985,-0.2747638412249938,0.210312556924811,-0.5589121455108744,-0.2494126321229021,0.0329337005248504,-0.9598364847899185,-0.0645467130421541,0.0586524792033741,-1.1312710475584906,-0.2303086842609621,0.0798607383202279,-0.7616580763155001,-0.2260894088322605,0.0961386791613051,-0.5174716943876918,-0.162798908492886,-0.1070329471955519,-0.9222331904749422,-0.0815777204770007,-0.1161356996471894,-1.2632596944990646,-0.1627231271029398,-0.1012293352737071,-1.4450095119584134,-0.1591468878316325,-0.0785888464971199,-1.6557824434596646,-0.1304630262580847,ROCK
0.0,0.0,0.0,-0.2358563777505466,-0.1918570695412029,0.0545465583760991,-0.4307992749443474,-0.4851269006663545,0.0159730199591847,-0.5694932935673015,-0.7982554768425106,-0.0329301423167668,-0.7214651539665926,-0.909289197088051,-0.0920352482684409,-0.315378511050828,-0.8978751817017752,-0.1499331423819805,-0.3298011661730494,-1.5512372847948428,-0.2345309512442036,-0.3270745916905159,-1.9319557895452029,-0.2774240822913263,-0.3207750780638633,-2.2268724088265026,-0.2992725063503252,-0.1597163250696205,-0.9701362459935624,-0.1825550867978569,-0.062829275141466,-1.4180004687693402,-0.2129349502518061,-0.047535089056606,-1.2196295497891612,-0.1457841546295739,-0.0690468716136846,-0.999585547463276,-0.0998943441733063,0.0096930795377635,-0.936485016754756,-0.2020302568844908,0.0737938440371254,-1.2837950035053236,-0.221998323333861,0.0908005209030303,-1.142588070606762,-0.1401970035564674,0.0809172584459003,-0.95316267379213,-0.0866690571074525,0.1750307793164023,-0.8809451860484745,-0.2103230597854802,0.1936087454352967,-1.2140912745440224,-0.1951101785876629,0.1982616398071503,-1.0951783063513725,-0.1108422446170519,0.1837832472396438,-0.9511318039675632,-0.0508238098969427,ROCK_INVERTED
0.0,0.0,0.0,-0.2127622143043416,-0.3584434422013037,0.0348072932108248,-0.2580311537460767,-0.6918869403267255,0.0293437981474796,-0.162926957457622,-0.8976416511485298,0.0147077153315948,-0.0448901807099517,-0.9761248896765856,0.0028585050396387,-0.1643820900703595,-0.9958552978637812,-0.033793399653705,-0.2032935128352103,-1.3622592106561564,-0.0478032577213492,-0.2072029059727408,-1.2261101886863492,-0.0390264846839028,-0.1951562703809429,-1.058435739340558,-0.026432852742502,0.0056220123132626,-0.997861291626055,-0.065124769880059,-0.0284185117909991,-1.3989842656519105,-0.0675749863315667,-0.0573353201171202,-1.2841908857088846,-0.0465469434249345,-0.0623396315046495,-1.1201850195284968,-0.028277654746598,0.1538733029820019,-0.930857150949393,-0.0883161626912433,0.1197476615579522,-1.2792372711575928,-0.0793556469756184,0.0761574544593063,-1.1837585853446166,-0.0453388411527178,0.0584054235999081,-1.0461516290948063,-0.0229490962336836,0.2741576839404349,-0.8202393225341438,-0.1075962695718336,0.2352041027538709,-1.1088380002767737,-0.0770889647449033,0.1889555136582134,-1.0396872488236428,-0.0228811703945063,0.1740276968154135,-0.9147339560732084,0.0177992029854533,FIST_INVERTED
0.0,0.0,0.0,-0.081725289245702,-0.6537039362605295,-0.0299495479363208,-0.0163258163274102,-1.196127497392962,-0.0745123567413606,0.1130240476142108,-1.6177714479326029,-0.1150588171832664,0.1215856205772975,-1.9535244282767767,-0.1409755216420239,0.4098105955169432,-1.1809176531576286,-0.0773717696165467,0.6347266237713893,-1.335189808774088,-0.0914196797954488,0.5399740647805955,-1.2309958835568864,-0.0923252146974804,0.4308645094537128,-1.1381537327950186,-0.0927546564374585,0.5309576757728525,-0.8427272928333837,-0.0888518792801076,0.7227620109281022,-1.0186797968910617,-0.0596134635898387,0.6139334830896472,-0.9509876170884152,-0.029625553668724,0.5102762950575509,-0.8516923228921476,-0.0268104949650898,0.5916017440349686,-0.5060422560700606,-0.0972196524591561,0.7770118900423226,-0.6843579951462551,-0.0674115977570922,0.6769306592535795,-0.6457903179248795,-0.0116595915944404,0.5712089861456198,-0.5488481316304282,0.0054308072091837,0.6182356992734935,-0.1906107821155949,-0.1080153962157609,0.7733426186522326,-0.3592768257075507,-0.0813160894272806,0.681274468952444,-0.3472327904892169,-0.0174896623371964,0.5895611300198983,-0.2739139123114466,0.0234084709916241,THUMBS_UP_INVERTED
0.0,0.0,0.0,0.2260082545805325,-0.1998379480041862,-0.0390985164397911,0.4517696948525027,-0.5792207396030812,-0.0840834612333499,0.5917312760592834,-0.960104173819663,-0.1166354938692297,0.740683638641537,-1.1952834902682676,-0.15557050552133,0.3500095645545178,-0.9305465987131518,-0.2249691433938343,0.3604457858182757,-1.6153198961241242,-0.3276149143228674,0.3545045194312327,-2.0377053233863696,-0.3933417535444841,0.3414781279958043,-2.365441312978948,-0.444090385352881,0.2022739863445531,-0.9543279345394632,-0.2198713892390854,0.0808191201697384,-1.3728616639928657,-0.3010666324792516,0.0483167699903203,-1.0807462524392055,-0.2795003061701888,0.0727599574880917,-0.908480324527151,-0.2663384501422152,0.033775208903152,-0.9202815059105396,-0.211300711529636,-0.1090663568046586,-1.2686023027563826,-0.2725187225570171,-0.1117143445718604,-1.0288861935729905,-0.2141175942264979,-0.0597068363100057,-0.8224009653267795,-0.1715575609731609,-0.1564682141903137,-0.9004483273991837,-0.2039806843406118,-0.2200337212855079,-1.4380922597312278,-0.2749983238407507,-0.2829392652236691,-1.7474702911205449,-0.2816103033900261,-0.3123549112074813,-2.0354019168669075,-0.2798996724951015,ROCK_INVERTED
0.0,0.0,0.0,0.1898822926955343,-0.1162684719175645,-0.0904631976356797,0.3272768676879318,-0.4078681485045858,-0.1207271975415772,0.4021587425720228,-0.6886088581204192,-0.1449424318553388,0.4908191628993687,-0.8683593677870534,-0.1659362878380332,0.2116347425755284,-0.923982433750302,-0.0487075138654696,0.288869664704283,-1.2609763510805658,-0.0999772233131356,0.3292693950606114,-1.4841153821625477,-0.1459143446380446,0.3585121648272549,-1.6793157495712057,-0.1818146808238797,0.0908321233657257,-0.9947410094268444,-0.0473270486015824,0.120998872132597,-1.395667840235802,-0.0904852839956316,0.1341880263164654,-1.6514360882729209,-0.1309435536532285,0.14158012938586,-1.8705934077762765,-0.1609751978239634,-0.0220418596920153,-0.9690974748934368,-0.0595851223795367,-0.0241519400354847,-1.349583461451904,-0.1082672941902398,-0.0222253724388824,-1.5857622884850753,-0.1468026217800223,-0.0156503573901272,-1.800673605526207,-0.1741940790849954,-0.1298240191041636,-0.8575432294923869,-0.0817884197529494,-0.1902699193248104,-1.1156559409676936,-0.1342342575160701,-0.2229287730012533,-1.2930570176239695,-0.1618673941512662,-0.2420879194111188,-1.4709358056995891,-0.178972966512134,OPEN_PALM
0.0,0.0,0.0,0.2315629809031293,-0.1144868653222164,-0.0834391040795048,0.4166362665480361,-0.6002901770009729,-0.0968648379158775,0.4873901087275225,-1.048757227225122,-0.1021705653152496,0.4607670650242889,-1.3483601241982357,-0.0839191339345376,0.2748612712279905,-0.9945751803958208,-0.0514850545770891,0.3277875057076883,-1.2863712911776524,-0.1441800468618381,0.305710084155377,-0.8947163545402764,-0.1597502795438844,0.2612303417205002,-0.8045914473127534,-0.156868987236448,0.1156674268904406,-0.9921000679100644,-0.0485644068160037,0.1750986238859247,-1.2547745715690637,-0.1774604284919691,0.1812816555440949,-0.786884211178445,-0.1881624217061795,0.1353277695970728,-0.7178277416534987,-0.1644517836142218,-0.0396344529711252,-0.9324604841353764,-0.059105397495498,0.0172680506074822,-1.1646751932062294,-0.2046799496659471,0.0555291397125301,-0.7053153326360936,-0.1491716634737005,0.0214063983124392,-0.6067866793697402,-0.0746055185644201,-0.2082655170965054,-0.860759105489767,-0.07206266924365,-0.1389675623224391,-1.0307549249105736,-0.1633478642989258,-0.0762798024191843,-0.7092346070603492,-0.1126084757823814,-0.0898267241510127,-0.6069505390593705,-0.0506843972094579,FIST
0.0,0.0,0.0,-0.2378452241681724,-0.1235457549871741,-0.0945812292575677,-0.4181279858744389,-0.5337642639892521,-0.1434907247415295,-0.5250699629885779,-0.9060339977177634,-0.1942429702048474,-0.6768273141431314,-1.0671441125618824,-0.2443095661787028,-0.2850528205332396,-0.9697002796303266,-0.1274274860219503,-0.262562357404768,-1.479617820252478,-0.2169404996772518,-0.2371390697615518,-1.7904806491853855,-0.2517742745581161,-0.2156922051572903,-2.0724346607361337,-0.2749375006866107,-0.142871130613047,-0.98108865838962,-0.1305866931069362,-0.0700258500005907,-1.1046263446873898,-0.3010829180210496,-0.0831916457686727,-0.7265160325000385,-0.3318708215005859,-0.114994961390906,-0.5333798485726302,-0.3181269977911123,-0.0012396964934838,-0.9480361367471049,-0.1442314682508311,0.0794175162997843,-1.0641001994840884,-0.3258772621314766,0.0462102487211927,-0.7266405208508486,-0.3140112817971279,-0.0074067687057216,-0.5368456388392806,-0.2599534761905656,0.1422008530575279,-0.8912994181954913,-0.1623519796272113,0.2223379235516937,-1.2803187425412736,-0.2918126242618023,0.2899120446432747,-1.494090311452848,-0.3073086503256758,0.3439028152900981,-1.72537972547998,-0.2908717754542259,ROCK
0.0,0.0,0.0,-0.2015459988188223,-0.4018506663927498,0.0226434599244214,-0.211819196768955,-0.8496913722046275,-0.0082749374854914,-0.0974062767457546,-1.1925127532158255,-0.0393630766437412,0.0502305566228523,-1.3421689448119818,-0.0767499239900664,-0.2061217700105586,-1.001698393940735,-0.1580362684620225,-0.1590932806881933,-1.642515995831921,-0.2156648688950708,-0.1185059362781299,-2.008667380392437,-0.238966101654926,-0.0864898557936427,-2.292309003442452,-0.2566635140277353,-0.0143119144052311,-0.9825243511904292,-0.1855830499369049,0.0566201032179017,-1.4499624220726886,-0.2117761353758863,0.0370040979177272,-1.2856839157230129,-0.1630039234703259,0.0016865355738581,-1.098772658477572,-0.1329717358124099,0.1806435475146893,-0.9002528604433658,-0.1997752717796353,0.2082762023670409,-1.3045254059678857,-0.1871404546435031,0.1748793941365999,-1.1647512376444715,-0.0932485619107279,0.1413891146089373,-0.9924636458938392,-0.0425391886061405,0.3445389836347107,-0.7835550264551339,-0.2140336292927445,0.3345672711403566,-1.1033546430792391,-0.1765970915512381,0.2909864138848787,-0.9793857687305404,-0.0920592426476054,0.2711883286589024,-0.8374855336177206,-0.0372510322373447,POINT_INVERTED
0.0,0.0,0.0,-0.2109316172429434,-0.1192212622513379,-0.1003148073781263,-0.360133550208621,-0.4022769787899602,-0.138146556152257,-0.4077606710749889,-0.7172037373931667,-0.1657968133437073,-0.450298892025727,-0.9778539895265076,-0.188389942793205,-0.266109519255757,-0.921443152014487,-0.0527479040254604,-0.3173027138635566,-1.295490968065658,-0.110441391000631,-0.3428598027370951,-1.529756692450184,-0.1639405009851538,-0.3583582009388868,-1.7461792030221135,-0.2054326121700345,-0.141396195938575,-0.9885953197031428,-0.0518305859038967,-0.1718731548175521,-1.402488944756192,-0.0989257661396822,-0.1840672469569071,-1.6683620946096147,-0.1498236692895226,-0.191769833894889,-1.907956688834083,-0.1900910799528301,-0.026084905933341,-0.9601311499216872,-0.0673885265215193,-0.0384603865313008,-1.3419517144337234,-0.1281151005099374,-0.0462801364006991,-1.5885756952975538,-0.1754331238627856,-0.0535934777193575,-1.8128195127213589,-0.2101456954402075,0.0958108629683682,-0.8685238477077976,-0.0931248630027562,0.1341145781378914,-1.1574413113392166,-0.155087790553476,0.1661876386789042,-1.347972176427799,-0.187106003953941,0.1950297659567229,-1.5323150092831872,-0.2089591774811049,OPEN_PALM
0.0,0.0,0.0,-0.1177981381073828,-0.5354311416008259,-0.1693522977711759,-0.0050456742430011,-1.2055450745563936,-0.2330809014873459,0.1243467033128037,-1.697449800958392,-0.2850403616215969,0.1181474265998344,-2.079141731412214,-0.3064356430985408,0.3733854382438735,-1.2017995297019626,-0.0717932150468887,0.6820907264671511,-1.287524113383424,-0.2396796620628556,0.4776745864935327,-1.0469106762719795,-0.3170326332095641,0.3364784755975745,-0.9817727286354264,-0.3418419423876016,0.4627106239359592,-0.8851631749953176,-0.04883679073203,0.7192467848750739,-0.904178408842892,-0.240880440260333,0.4438359767265031,-0.6661917637614162,-0.2804539948158424,0.3072744726640621,-0.684936120818926,-0.2612864175250254,0.5185797539241768,-0.6092989254364779,-0.0590596669284128,0.7192800504457836,-0.6121839216581453,-0.2494106582840051,0.4561897800394631,-0.4183533615067874,-0.209775275309126,0.3211355231451299,-0.443710042780245,-0.1320310748146328,0.5566763567420461,-0.3535936117277075,-0.081436121858696,0.7188994764761168,-0.375221380932089,-0.1800180342532157,0.5293922524609214,-0.2355721190741311,-0.130177719679249,0.4135049045758508,-0.246213933551639,-0.0648157739661165,THUMBS_UP
0.0,0.0,0.0,0.1064044513308302,-0.3712050009873873,0.0960675078883774,0.102763040940907,-0.7051399398306029,0.1282763565227338,0.0348965719389305,-0.8764961173194522,0.1375716802521082,-0.0680895563230004,-0.908680788016482,0.1418659349928078,0.1339078761352896,-0.9810457788904774,0.099132235631392,-0.0622749345806562,-1.0931401742133038,0.1215617212743591,-0.0962267490136079,-0.9332967632563508,0.1212608705311949,-0.0732884775613126,-0.8182058733889277,0.1183468724862342,0.0255020457883353,-0.9984294195104558,0.0498832628907108,-0.1621296395506966,-0.9970834636115272,0.1005249617038839,-0.180457909539192,-0.8302340087922532,0.1082641921055408,-0.1387769715468841,-0.7205671776835552,0.1016939037079033,-0.0996585265159981,-0.9317389961330382,0.0098114551224259,-0.2514104411715757,-0.892677572272661,0.0696839083971046,-0.2516064914881561,-0.7293732966094854,0.0853874907036486,-0.1999690164377226,-0.6444235411980301,0.075601953088318,-0.2272583235434853,-0.8291042207914103,-0.0256151434122768,-0.3236260237650923,-0.7783989457756975,0.0211592546829718,-0.3146751095073085,-0.6295885546935972,0.0506187158614024,-0.278899130167926,-0.5498870534432537,0.0666445718930082,FIST_INVERTED
0.0,0.0,0.0,0.1055083185415124,-0.2965147904357427,-0.0503092378093159,0.1373460957853519,-0.7524968222892363,-0.0826826124408148,0.1142209804817178,-1.1108478114446712,-0.126035463096534,0.0961871852778145,-1.3881203573084684,-0.1550061777890123,-0.0521886350936151,-1.0862166615089113,-0.0456826843558739,0.0249772911153079,-1.3208667286277582,-0.1888729272594962,0.1267319008652779,-0.9624612542866536,-0.2541794517112942,0.1645382096981286,-0.677241883842401,-0.2643562227345055,-0.1652694329399237,-0.983461767850266,-0.0740875543701189,-0.0680886942763696,-1.1909714819827224,-0.2260743503748232,0.0669988303124318,-0.7971134588296934,-0.2555398386283452,0.1210277826773102,-0.5023793724620698,-0.2332368086261375,-0.2651752321396877,-0.8241464439502058,-0.1199462127680236,-0.1544175864600026,-0.9634067325085672,-0.2748154553765134,-0.0204476491796121,-0.5909911939252585,-0.2563718194009926,0.0316837764690499,-0.3186665439224442,-0.1938746072100096,-0.3545673135117742,-0.6159736130580412,-0.1685710059202319,-0.2976879846836458,-0.7825550172187794,-0.2709079060607274,-0.1928339691218067,-0.6040718050001579,-0.2510759595104999,-0.132451723606762,-0.4127884201622892,-0.2013168228521553,THUMBS_UP
0.0,0.0,0.0,0.2447673026457356,-0.1839135983733196,-0.0580748093385866,0.4139877120547683,-0.5432046300981773,-0.0739121990105077,0.3960109127503257,-0.8911282665513733,-0.0951746496384314,0.3463651797692043,-1.145502900451942,-0.1015160984706338,0.3188910168460211,-0.9278114916981438,0.0028468383141482,0.4159328009831179,-1.1902780562810402,-0.1028851209918225,0.4078658893925997,-0.899226015627145,-0.155293318085307,0.3626284622043709,-0.648009023848668,-0.1641729865100425,0.1880658948546737,-0.9821273581771408,-0.0075545689818104,0.2982808126687965,-1.2737568743803591,-0.1162776444666486,0.2835425311553182,-0.9033884942970262,-0.1411674133905763,0.2346140606260132,-0.647705303710888,-0.1231947233265036,0.0484307069701654,-1.001509299498324,-0.0359685439286281,0.1461690982623524,-1.2758576053333373,-0.1513574567488323,0.1461801532098962,-0.8854698789270241,-0.1253573383485032,0.1042917932880688,-0.6317853064889208,-0.0676430391712279,-0.1112686288668422,-0.9730611375126051,-0.0689482502805668,-0.0067507909934716,-1.2133415860539531,-0.1436869504854101,0.0280590569241473,-0.9438932402578558,-0.1083281826025427,0.0094758355629975,-0.7395419530729279,-0.055301249368101,FIST
0.0,0.0,0.0,-0.1159212520722881,-0.5214595294168943,-0.0598034911248091,-0.0704931384008336,-1.1419419852231667,-0.0917553185426581,-0.0046259823119968,-1.5732447394503548,-0.1426990101586959,-0.0032508843187476,-1.8865469679839704,-0.1749645235401739,0.3384195893641394,-1.1574856183241042,0.0084646367431257,0.5149536041215464,-1.5539638930619113,-0.1457201210442146,0.34546588018033,-1.333705616474644,-0.2161056823057371,0.2389847759693639,-1.1191990207214644,-0.2332567611269365,0.4391871784176646,-0.8980447954279607,-0.0251031416018554,0.5466621017333971,-1.2040216702522792,-0.197755195137685,0.2975052282426607,-0.9185197362540704,-0.2244851266586639,0.2192640796045142,-0.743001457524653,-0.1924072887409698,0.514084484752359,-0.6174106856531746,-0.0852459155889647,0.5689357417757384,-0.8783377026706287,-0.2531387641573174,0.3109573066877493,-0.6155643738106312,-0.2049785926427216,0.2333819790619977,-0.4550021279129832,-0.1189287725417255,0.5839412766237528,-0.3008226190870505,-0.1504234738739684,0.6404140080876466,-0.5558947945800741,-0.2306748861660957,0.4491846963092264,-0.4533205708725988,-0.1723368544908317,0.3715923641740777,-0.3570002278434072,-0.0995333228451575,THUMBS_UP
0.0,0.0,0.0,-0.1754830384772452,-0.3960369612335488,0.0508350054195941,-0.193575194107832,-0.7751798032547823,0.0327228272383892,-0.0966341113054662,-1.0369703532656465,0.0013328706902127,0.0348064404005407,-1.1620090936341538,-0.0363200480908209,-0.2103113439944119,-0.9705912986459876,-0.0776916586601696,-0.2076575575922447,-1.552828153609081,-0.1257119229931964,-0.1946748375012869,-1.8794696568304687,-0.1477228556865302,-0.1899063995108348,-2.137066035256645,-0.1653548304566689,-0.0661213410540346,-0.989727206501126,-0.1267597135082485,0.0598147289602711,-1.4106749231337257,-0.1615139094851097,0.0859828514030446,-1.2315327942404577,-0.1343953914955131,0.0482930408757648,-1.0423847948984333,-0.1090277181133197,0.1005909603883495,-0.9259392910393692,-0.1639400468570133,0.185472571507399,-1.1890319210290787,-0.1527241940203683,0.1889786061070406,-1.0268780050522577,-0.0812651158209799,0.1527832394498203,-0.8813963633404125,-0.0409458714722693,0.2466460086418218,-0.8088709998696688,-0.2006143424838109,0.2863795933849532,-0.9369502198265134,-0.1617788551223146,0.2721702156837361,-0.8039761618510816,-0.0909440229316521,0.2455267112109503,-0.6938405867045949,-0.0428351311736502,POINT_INVERTED
0.0,0.0,0.0,-0.1864197155433061,-0.2248532909656233,-0.0679947152189469,-0.2825824557078129,-0.5784823267185248,-0.0913664351316862,-0.31227691575287,-0.8974411437047342,-0.1124812568886182,-0.3953184243754389,-1.0907671159588803,-0.1332787296328562,-0.1541560854613931,-0.9788825214557488,-0.0191856906999859,-0.1699044144251996,-1.354273472829096,-0.0712755817303366,-0.1774987851119141,-1.5844282509176273,-0.1214372746838326,-0.1805111222720025,-1.7983345106494977,-0.1605174419134702,-0.0317507690735869,-0.998988415329257,-0.0318439115244294,-0.0265427351147817,-1.412543670296151,-0.0768925864215148,-0.0212932921268462,-1.675013104346753,-0.1251090591182767,-0.0175628590435622,-1.91062052382846,-0.1619439461966939,0.0776208856863436,-0.9397458976536086,-0.0584534024348915,0.0965341768930163,-1.318747580599803,-0.1127736728007805,0.1009407311732463,-1.5634958735528723,-0.152311326361982,0.0995169846634791,-1.7873027945569906,-0.1803696630562717,0.1854972898206319,-0.8223982529303069,-0.0930583362184132,0.2333871714280139,-1.1086343200526074,-0.1424220214594035,0.2601016521882046,-1.2991129124266432,-0.1648996712175718,0.2787255327486611,-1.4856226869513365,-0.1809051378069404,OPEN_PALM
0.0,0.0,0.0,0.2328197261072828,-0.0844319539929019,-0.1073215680643963,0.4305504042972788,-0.4459642063804807,-0.146309382349176,0.5427444672446429,-0.7851721805414483,-0.1854087010809682,0.6837442059526426,-0.9487422762556732,-0.2210081569278029,0.317391446042984,-0.9509436607299844,-0.0602765076436957,0.3992706161982897,-1.4011138864357555,-0.1305511000964851,0.4375829275773514,-1.671126662376114,-0.1583647707768023,0.4740425605868543,-1.912424482843252,-0.17293616765989,0.1786495084880318,-0.9823515912349476,-0.0554049123738248,0.2509204079529167,-1.1960523002703602,-0.2318860686718841,0.234105119179598,-0.8311319286487192,-0.2800207293570993,0.2152837780508091,-0.5566786781402813,-0.2572261762968381,0.0393982615695123,-0.9586701942087836,-0.0629266253130974,0.0895573667309666,-1.1406749358266897,-0.2338523245887733,0.0972310272922567,-0.7725493030503079,-0.2270632399862004,0.1022141225794387,-0.536528851802655,-0.1631845341090245,-0.1020723721303523,-0.9128496450425156,-0.0778511181351578,-0.0913408708813712,-1.2274194066459865,-0.1708187526078563,-0.0635627441261624,-1.4018433342467538,-0.1739937500417172,-0.0309084019223828,-1.6103358482818355,-0.149267404142501,ROCK
0.0,0.0,0.0,0.0943673829812328,-0.5502192282976824,-0.0391615687809767,0.0741961633590206,-1.07633320535578,-0.0655946981719294,0.0058125360806983,-1.468245248607607,-0.0879228608904816,0.030675253918874,-1.7714981365214075,-0.1104060424983715,-0.3883974680908528,-1.1097633451306068,-0.0333596550540012,-0.3014512255870744,-1.0991476992181812,-0.0339243266767311,-0.2051361167136778,-0.9746132682669508,-0.0637842988228279,-0.1650269028797187,-0.8684837991493506,-0.0943210999612296,-0.5264673873805591,-0.8497346353484713,-0.0279846299580514,-0.410536576727849,-0.8326159854791635,0.0065657309113178,-0.3145267724591664,-0.730289249534787,-0.0102737751862448,-0.2699677003511963,-0.628432457235732,-0.0457884241231855,-0.597865322108231,-0.5672550029700787,-0.0196537042336836,-0.4941133550476209,-0.5645385381824262,0.0040267985980595,-0.4041764610415039,-0.4894688511961896,0.0022000559378842,-0.3493461037531022,-0.3984947471107194,-0.0185454853817611,-0.6412843045820612,-0.2893766904324664,-0.0158854924697099,-0.5740585485893235,-0.3027916763294561,-0.0030027582484602,-0.4855081471016502,-0.2516656180723525,0.0168580828090318,-0.4313157065588234,-0.1911076638418494,0.0289773325656612,THUMBS_UP_INVERTED
0.0,0.0,0.0,0.0744307971004204,-0.4727173340309029,0.0234204689775487,0.0501562786803438,-0.9702800296306834,-0.0204053771062925,-0.0734505331805125,-1.2953718515432275,-0.0720648514962434,-0.197590485731712,-1.4639825520393055,-0.1345254976790618,0.1731891753402286,-1.1290065419064257,-0.132244813129507,0.1849816665134787,-1.6858929387799786,-0.2369188729223722,0.1711258733914311,-2.035787532447217,-0.2926912295223461,0.1607981925486415,-2.3218338505482525,-0.3321844325732012,0.0991694746757353,-0.9763325309618066,-0.1921983461902096,-0.2042216499807979,-1.4988148759375004,-0.309159471373537,-0.2572621667331783,-1.2707677857084811,-0.2987262236470651,-0.1871798594803148,-1.090081685961983,-0.2793320615614313,-0.0297450055035963,-0.7913729273684625,-0.2456103717971362,-0.3184871890231139,-1.2750290013466443,-0.3498968031889802,-0.3301869600763044,-1.0787723448119353,-0.2788344240194695,-0.2454402117868368,-0.9278865475081054,-0.2133967629163189,-0.1696923421376172,-0.6200671992863133,-0.2941729186849035,-0.3942634053355445,-1.0171062037580412,-0.3644354297253226,-0.3909811968686736,-0.8816102707192941,-0.3119110875569792,-0.3185600804427993,-0.7448179316645321,-0.2590230213935674,POINT_INVERTED
0.0,0.0,0.0,0.1664582160917762,-0.150665746709348,-0.128451972166706,0.2296592274068727,-0.4839710647029732,-0.1816374667668661,0.0858338407531385,-0.7227805689356536,-0.231405168899448,-0.0327770953383184,-0.9304396703651258,-0.2710561695145955,0.1853207059188502,-1.0048816972472168,-0.0899783550961048,0.2373257788040728,-1.4807184397529565,-0.185152289682144,0.2675494262288562,-1.7800014064953116,-0.2369919165813095,0.2845807528628225,-2.030525809249206,-0.2602261246897905,0.044244833624643,-0.9950457131236876,-0.0890304638407543,0.0384573876299456,-1.4569457890616684,-0.2090073708903326,0.0315969720684096,-1.7668494832235664,-0.2730159983284351,0.0274734645483923,-2.012831504890896,-0.2913691738074939,-0.0780713094347392,-0.8973645120078395,-0.1044220021717552,-0.0682658860821391,-0.9800252852168556,-0.2799110573888916,0.0003677797776498,-0.6670875750185624,-0.3120828823335979,0.046561722070705,-0.4490622600899412,-0.2740782716254486,-0.1804172302232769,-0.7470886061326557,-0.1277796232684648,-0.1456816669804493,-0.7972678639596832,-0.26035309514276,-0.0694179316437568,-0.5595151893866945,-0.2638157021158334,-0.0185358715877693,-0.3798295076175328,-0.2261113271064601,PEACE
0.0,0.0,0.0,-0.2189809474525799,-0.0999272767914998,-0.0890947805733022,-0.3763523950940518,-0.4916824229334747,-0.1226282888107621,-0.2358465581804397,-0.7695896569874393,-0.15778578529109,-0.0167533839362891,-0.7546550691772747,-0.174540034246215,-0.3816074973502786,-0.8863867567724343,-0.0332787256104256,-0.4557310366118042,-1.1712088761810155,-0.1465723674769975,-0.3915887616493781,-0.8448994003394935,-0.1938429107630624,-0.3478233216980003,-0.7588932101586793,-0.2166249494519004,-0.2292808395593826,-0.9724407862558216,-0.0422990997197842,-0.3034326611758884,-1.293137719014345,-0.1563204433831895,-0.2663704402309504,-0.893018367263073,-0.1568023528985348,-0.2336167652787509,-0.8482904246140157,-0.1259810924160707,-0.070470602327319,-0.9657845039236044,-0.0763523338395211,-0.1269101478232578,-1.244154485445225,-0.1731457555161539,-0.115843322494703,-0.8574740663274484,-0.1270527473275021,-0.0852376021404197,-0.8205105327488245,-0.0694551202555778,0.0862494485212562,-0.9246652694195822,-0.1231151251725202,0.0248102445922633,-1.0399161668402837,-0.1628415759246867,0.0135821496650976,-0.8058467334437901,-0.1271644287811111,0.0481702663014959,-0.7920428380806025,-0.0902735379799398,FIST
0.0,0.0,0.0,-0.1400914912906621,-0.1695974317597328,-0.1051060003445999,-0.1926527761728856,-0.4663177824765246,-0.1685893232088793,-0.0495437818039109,-0.6136783274819162,-0.2318255288153325,0.0991959373910841,-0.7077413526644436,-0.2891111744128523,-0.1298716079338447,-1.0094567924089042,-0.1099710408323539,-0.1445176179562038,-1.444012574963054,-0.1964375865350008,-0.1518922183120234,-1.7195404323628998,-0.2457487622717657,-0.1547466895250804,-1.9484582569503,-0.27498129453328,0.0103136502388574,-0.9926096166104152,-0.1209122724593123,0.0634179820132974,-1.4564289121923817,-0.2116997515791821,0.1017297635627932,-1.7451040408706229,-0.2614971221460473,0.1427692661179654,-1.9954018925390489,-0.2823337194926875,0.1251509872920468,-0.8635048709907418,-0.1442885195960422,0.1364727493104248,-0.9506246705938698,-0.2595639164389129,0.0629095676126885,-0.6968726401791383,-0.2741306486828637,0.0210838839385026,-0.5472423711999442,-0.2494151533773613,0.2136440712052532,-0.6813393787051143,-0.1773835465019411,0.2011360874505149,-0.7361303363803694,-0.2561402767179453,0.1189242066580837,-0.5602488743576892,-0.247225649562691,0.0639063708235208,-0.4537377065963988,-0.2207864368400641,PEACE
0.0,0.0,0.0,0.1750770026611059,-0.1171467824456558,-0.0979089099857884,0.2702807431839801,-0.4726858608713339,-0.1178581243444628,0.1832630015742322,-0.7938402639423633,-0.1361736444276734,0.0974195281006471,-1.0112770986886856,-0.1458493815338515,0.327521120530282,-0.8980148275802375,-0.0210405439582641,0.4451937802254458,-1.265873230501784,-0.0726377984154847,0.5059167382046313,-1.5030204317483953,-0.105725781553576,0.550532376942077,-1.7035800662349163,-0.1237806914875925,0.1957035091497846,-0.980423722840172,-0.021667030222843,0.2484970611050062,-1.4489717547035057,-0.0921356339487434,0.2785322464645033,-1.7505737182100165,-0.1373142392249712,0.3004244201519783,-1.9934056750409348,-0.1527826989772652,0.0685190012051524,-0.946560830712069,-0.0374753834377605,0.0661198013986684,-1.193557534751965,-0.1616607157092385,0.0747791717168111,-0.902188172237436,-0.1797651889087423,0.0760467835765144,-0.6837986583477855,-0.1468253070513124,-0.0505532002396748,-0.8501259151338559,-0.0601913800942805,-0.0498670419911927,-1.0601389556920586,-0.1532937993626436,-0.0312831459089813,-0.8833677439785774,-0.1445988622200159,-0.0198748438727998,-0.7364531158728629,-0.1104252593367174,PEACE
0.0,0.0,0.0,-0.1307264965453601,-0.4866315892940286,-0.183756716230163,-0.0290440828233772,-1.1619619016839926,-0.2482094073479289,0.1019533209170154,-1.6538647021627235,-0.2957308053282673,0.1324173706906272,-2.031779091321387,-0.3124849852341967,0.3177098567100367,-1.2122109773524516,-0.0839542831722257,0.6062696400698261,-1.2749504817884951,-0.2533083121819774,0.4030750862159586,-1.0345195809224814,-0.3257489870100546,0.2680485119053774,-0.9699828291770196,-0.3457868165735713,0.4050108482211423,-0.9128336554181324,-0.0519704758412048,0.6623080178016234,-0.9230753248845774,-0.2444368668192212,0.3895806172227165,-0.6698073258742849,-0.2795645954344381,0.2552626871567686,-0.686781498302028,-0.254506492998143,0.4640196391662705,-0.6524623779211369,-0.0547483567363498,0.664711362564335,-0.6356148584334445,-0.254114791996427,0.4037370487122954,-0.4108468320327773,-0.216966379814448,0.2714842120525496,-0.4249198485950721,-0.1372485537276443,0.512541872785037,-0.4088735715740439,-0.0697889493871532,0.6693921644242702,-0.4195675183067723,-0.18092738855683,0.4778492984177733,-0.2508738375423276,-0.1382756837217344,0.360366260809241,-0.2472326611751943,-0.0749087737188053,THUMBS_UP
0.0,0.0,0.0,0.1547968114575203,-0.3576769438853604,-0.168440844016827,0.1534140481114775,-0.8649743209191321,-0.244416988125553,0.1230478074425327,-1.2631661337166429,-0.2979722364776858,0.2009466595403272,-1.5998115417269658,-0.326194319818135,-0.2366514804468212,-1.1046657115597414,-0.1476147416595649,-0.2504964348716633,-0.8268028004262414,-0.2714798416408523,-0.1058251030787385,-0.6840447067493176,-0.316658299282455,-0.0729513695240289,-0.7746770577423441,-0.3363323045715251,-0.3953587829076611,-0.9108308457541012,-0.1186532898854536,-0.3465693493506592,-0.5501526805580838,-0.2351917129759824,-0.1522226247648521,-0.4214915856199552,-0.2307840334018419,-0.1378238851132701,-0.5517666059338794,-0.2088786184495165,-0.4936905454000826,-0.6438474428108195,-0.114463215044153,-0.431684892238659,-0.3370293830345343,-0.2311073243462889,-0.2534138032891747,-0.241386578858797,-0.1842342652948723,-0.2369388142022913,-0.3737274884050085,-0.1322799920647674,-0.5543490484133246,-0.3834155732486011,-0.1289985394034409,-0.4910912675907395,-0.1668429756340332,-0.1976507281981766,-0.3412459856612871,-0.1018462994867945,-0.1711412349794155,-0.3078757717527595,-0.1907268049013997,-0.1337505136148577,THUMBS_UP
0.0,0.0,0.0,0.1948838131776887,-0.0972749708627763,-0.102584390827992,0.3459535425718152,-0.352725852931682,-0.1427889194942202,0.4364840778119648,-0.6040482362574221,-0.1757451565602319,0.5403975245590126,-0.7628116611561517,-0.2042743135630246,0.2423704829347484,-0.9111971069593148,-0.0561071696133078,0.3397483759042577,-1.2301716562511316,-0.1089704194224743,0.3878467710647897,-1.447113767506972,-0.1572401280722948,0.4221820147129936,-1.640247458159669,-0.1956618685058279,0.1195957560499394,-0.9914608046844324,-0.0519839197189012,0.1585978739753129,-1.3866078086166278,-0.0968765358287203,0.1788680791331937,-1.635508931513055,-0.1391649132911534,0.1916055832624544,-1.8486601678463408,-0.1705535314203057,0.0045799444075071,-0.9682357880369884,-0.0625908100430656,0.008179359195749,-1.3405856346699547,-0.1133996660317768,0.0155210468005887,-1.5745361601160448,-0.1525844885650225,0.0262711357698901,-1.7890738966007085,-0.1802077501108001,-0.1050003828152009,-0.8558695059060757,-0.0843420728043327,-0.1581459816004388,-1.1087294668853511,-0.1385233922951503,-0.186957470827658,-1.28629279389465,-0.1659457792821383,-0.2031002493476515,-1.4626589366763263,-0.1825716529077146,OPEN_PALM
0.0,0.0,0.0,-0.0430451307972476,-0.8063500492034091,-0.090344349041798,-0.1424621544869394,-1.4307544837775406,-0.1973326268789093,-0.2911492602462492,-1.9765677660003624,-0.2872591490066493,-0.3641654382910119,-2.443759021965998,-0.3595426811402482,-0.6827321487802981,-1.0495600552175637,-0.2257847845941414,-1.0514059898005017,-1.4035086680770412,-0.2984730797273165,-0.8612296356058834,-1.3656848834933724,-0.3250875799100348,-0.683985385617526,-1.2156397321110957,-0.3260380696636504,-0.7975335178976205,-0.568979679991573,-0.2005053904176471,-1.0666268253976672,-0.9768073209617608,-0.1930692476930256,-0.9004902755196252,-0.9920322189149632,-0.1629581507211558,-0.7559427105614023,-0.8643617121099442,-0.1620513439897941,-0.8400281994519366,-0.1452958509401269,-0.1712082753417074,-1.0375793547950265,-0.5501149110297606,-0.1361964789961565,-0.8930994280648096,-0.5578963540174757,-0.0629225190711593,-0.7563753514792784,-0.4370562926520518,-0.0390018846036539,-0.8494841455978538,0.2029938999606523,-0.150118503199311,-0.9938931842152358,-0.1454006597258659,-0.1130975290324721,-0.870062010100214,-0.1664379766959424,-0.0369577451307277,-0.759488334909968,-0.0732117804879151,0.0134497109387582,THUMBS_UP_INVERTED
0.0,0.0,0.0,-0.1803748368284669,-0.1719714903538204,-0.0889363202121582,-0.3118988741046347,-0.4803596614575129,-0.1533396649424838,-0.2435270797020631,-0.5982779302296339,-0.214555535503638,-0.0680744407655814,-0.5264891625526683,-0.2730946352592728,-0.0923391006953662,-0.9663291133955886,-0.154811173397179,-0.032389471090918,-1.3567339316161973,-0.2582749039455507,0.0030596663888911,-1.613763882194578,-0.3258755089764071,0.0354457598320056,-1.8586379195885807,-0.3832309542798894,0.0829890477934993,-0.9837601886674212,-0.1591499580250272,0.0373406202497907,-0.7194717935895151,-0.2952667519020565,-0.0496088402236362,-0.4407835208828944,-0.3166299822110319,-0.0776253430814801,-0.3865286054752122,-0.3164232822284832,0.2148222604739695,-0.8697107741936964,-0.1728998344757633,0.1520407144468117,-0.5280498770984605,-0.2801904701431138,0.0446877280041592,-0.3346136762137101,-0.2468655866348184,0.0070247836496879,-0.3553514686852071,-0.2124272404177878,0.3242414023301579,-0.7027372375468833,-0.200023341537977,0.2567338032441775,-0.4312452847462589,-0.2766474985426199,0.1486167446162532,-0.2653832354873675,-0.2635306144005657,0.1000420677718932,-0.2753764890352511,-0.2402570377617772,POINT
0.0,0.0,0.0,0.1113164322767132,-0.1430237486942219,-0.0748769656408214,0.2045027974755504,-0.508575626302493,-0.1311225777732489,0.1491582096053849,-0.8359539672824066,-0.1923464780960801,0.0391130712497343,-1.0190417019632525,-0.2501112090697478,0.0640605990528354,-1.032064797542422,-0.042805114829295,0.0885943921478984,-1.3847972643508653,-0.1134835554466117,0.1017361109650368,-1.6400839237424731,-0.1392567082191011,0.0971358439316058,-1.8505760374355744,-0.1580703175953592,-0.0787967877832593,-0.9951168414897636,-0.0594435700347556,0.023991983866681,-1.1274799294318794,-0.1719932499988902,0.0738382399944992,-0.7390453398944226,-0.1746688670514817,0.0235090040489992,-0.641024354435923,-0.1458918339367773,-0.182530687670676,-0.8945887587188726,-0.0873526222098883,-0.0779274626880947,-0.9438094942601324,-0.2262760152267481,-0.0162102994559163,-0.5960912220764719,-0.1825665707754795,-0.070845655381347,-0.5079377611838533,-0.1195991137930252,-0.290061399148012,-0.7392085191778726,-0.1200715935253136,-0.182982420391527,-0.7742588891896549,-0.2158281771009737,-0.1102901001641394,-0.5435854908183834,-0.1782425247025753,-0.1445614144716019,-0.4755244918379438,-0.127796051867924,POINT
0.0,0.0,0.0,0.1380503436606251,-0.3380813239549168,0.1030621214556192,0.1526207062691816,-0.6488281488791632,0.1447232455129584,0.0955629619979527,-0.8724353157621783,0.1705569703925846,-0.0009372774784825,-0.9471604184143232,0.1921503572885486,0.1583752771011121,-0.9636919547748004,0.0793506361366278,0.0426778739926144,-1.138372846173584,0.1357240789866533,-0.002781924219394,-1.0233667829823274,0.1691408882571925,-0.0033577724100278,-0.9422848040395708,0.1839216005256765,0.0107578702829123,-0.9993140204739484,0.0354366577313568,-0.0904147227307106,-1.2391450141868885,0.1007701671478297,-0.1194897649041056,-1.1117834068174512,0.1378370800718965,-0.1028840331614953,-0.9795477955156644,0.154776590381456,-0.1318318503850618,-0.9354774640025504,0.0066747162960896,-0.2114994007716794,-1.157448421404228,0.0760583454650176,-0.2171788559686751,-1.0298763062064131,0.115274163712542,-0.1933308497086636,-0.913705663094666,0.1247644720348788,-0.2547530079233274,-0.8065806448967573,-0.0134370357299989,-0.2960423354698492,-0.9716945881695666,0.0511516854146181,-0.2840045085714391,-0.867950923859728,0.1064609745258708,-0.2615685152039625,-0.7625309040400801,0.1401547942686573,FIST_INVERTED
0.0,0.0,0.0,-0.0358995146154071,-0.6705156996746596,-0.0235746446239305,0.0584244871290411,-1.2413948369045325,-0.0726678832060537,0.145216863997452,-1.701741677277396,-0.1215580522218229,0.0924077842631105,-2.044018411547835,-0.1592407032487453,0.4677478438714442,-1.1637468934837376,-0.0802827042481665,0.69496457328007,-1.2424656698324898,-0.0881095741978719,0.6012395183395685,-1.137640608885178,-0.0860595377390018,0.4948263862981877,-1.0597482891714087,-0.088486633324762,0.5718873768435253,-0.814469078267791,-0.0979027515070258,0.775815270417839,-0.9411080966554658,-0.0624685755488074,0.6680453252160784,-0.8742078375921007,-0.0297233499261483,0.5622585011280111,-0.7808396020241632,-0.0292657300178606,0.6223923104719453,-0.4600035141698501,-0.1103361977403284,0.8262381205981587,-0.6175568832393314,-0.0731018900676276,0.7250820773378525,-0.5713056713117823,-0.0130284573866636,0.6138305195817354,-0.4784906556954251,0.0029054508068908,0.6412032880667381,-0.1277203460030604,-0.1248425497150946,0.8267538595232092,-0.2894007509037418,-0.0895860396790379,0.7340632809149311,-0.2800728478312622,-0.0177682626144457,0.6326827263057111,-0.2149930422264512,0.0248394348292668,THUMBS_UP_INVERTED
0.0,0.0,0.0,-0.1694816640763953,-0.2469525213423547,-0.0628787289987442,-0.2558175935181315,-0.6237195976072349,-0.1168250774606427,-0.1958113327953424,-0.7594534545857219,-0.1800307743559995,-0.0813351813956822,-0.745016706575867,-0.2451900581962123,-0.0794754414603799,-1.1228702656635698,-0.1112390680800895,-0.0306194728598295,-1.6871225438954844,-0.2329931908621267,-0.0044666348405558,-2.013280734265612,-0.3116657839805274,0.023265609120852,-2.30359208281611,-0.3697757919443615,0.0774759871668031,-0.9865638212232566,-0.1438377490990995,0.0365345502915668,-1.2131726646135943,-0.3297926280907127,-0.0476748843709911,-0.7806625769859694,-0.3591455435201597,-0.0685122398395021,-0.5311067818448392,-0.3400763818888053,0.2168173714739514,-0.8211821549565242,-0.1867766694052723,0.170921355660255,-1.022297201706576,-0.342503503945372,0.0740573608927418,-0.6339350407404153,-0.2840268400907156,0.0525497989669362,-0.4433076236271365,-0.2064258681706343,0.3451590413365692,-0.6314974325630062,-0.2368728292546626,0.3158860165687921,-0.8136200775950644,-0.3178900510976791,0.2166821834987745,-0.5745998917515402,-0.2584815369827664,0.1930091998991527,-0.4636748387712599,-0.1937510902211771,POINT
0.0,0.0,0.0,0.1464108904082271,-0.2168121615552617,-0.0734574620777575,0.2343863134187091,-0.5876183521324474,-0.128854843495735,0.2441875094073123,-0.9369447076291292,-0.1912405269877838,0.1720242300652585,-1.185836697624954,-0.2513464980603858,0.104012542811769,-1.0332670093682883,-0.0544979452430713,0.1110402525446137,-1.4187614791019698,-0.1339120813765777,0.1153269928972711,-1.6805790287526177,-0.1611691363918332,0.0961192744973111,-1.8955636402855367,-0.1774198260157201,-0.0289467258640331,-0.997018822325195,-0.0715231080912583,0.0894541279270863,-1.169423194988929,-0.1869018612494485,0.1275370796742898,-0.7683688922182058,-0.177841668966735,0.0711365589958903,-0.6752972618838137,-0.1392168793765159,-0.132425991916433,-0.8990290145606455,-0.1011031128089467,-0.0013640829302155,-0.9917663307680704,-0.2469633248486123,0.0363589476505082,-0.6206672850802708,-0.1929401815335141,-0.0333216682416776,-0.5382632222379844,-0.1195183974916153,-0.2385902373538959,-0.7552288227998482,-0.135156817211923,-0.114420991451666,-0.8296719415803939,-0.2366744265340578,-0.0578790223645314,-0.582248799823266,-0.1926788144442054,-0.106397045943506,-0.5014868391973297,-0.1357025164339127,POINT
0.0,0.0,0.0,-0.1380006818312757,-0.1561969592841366,-0.1138103887908065,-0.1872411251452514,-0.4441332628953131,-0.1766523835880863,-0.0291950044290714,-0.6428004473832054,-0.2369539242003787,0.1185150605908755,-0.7732254691826624,-0.2903991680051443,-0.1738591325013617,-0.9827233863754924,-0.1095021147877226,-0.1985418010084583,-1.4180543371911645,-0.192488583358051,-0.2110382728288454,-1.6864602047636277,-0.2405949122849294,-0.2232820185734983,-1.9157205908990065,-0.2703644430406018,-0.0324505668814068,-0.9929695675854904,-0.1138349619324363,-0.0021388658386262,-1.4596331642208191,-0.19886313638931,0.0247291975326678,-1.7436059295221529,-0.2431662837829608,0.0511008696679996,-1.993521407222223,-0.2617460430567713,0.0882322565218707,-0.8808620435949879,-0.1320443333265395,0.1031499518992189,-0.9915940226558404,-0.2489669992396422,0.0502192670782292,-0.715047534725281,-0.2608710524864243,0.0164071139748435,-0.5542704050976789,-0.2340975777263242,0.1892453016993295,-0.7064176249298619,-0.1605460093577982,0.1925701679108052,-0.7709930555136773,-0.2476083057761612,0.1266701294358599,-0.5827645354678829,-0.2421586701841352,0.0772670794219931,-0.4674119792782003,-0.217015823491899,PEACE
0.0,0.0,0.0,-0.2124435769827401,-0.2383155591449168,-0.06411324422734,-0.3415633112291278,-0.6885310307880075,-0.1038256913376571,-0.2310501454641493,-1.0362067920206974,-0.1547682896376594,-0.0268826404988706,-1.0942303425189484,-0.186804597908396,-0.1803352810869438,-1.047133518819482,-0.020206333592053,-0.2159627299697769,-1.4436538456683694,-0.1671957024871417,-0.242950792588251,-1.0889547350433126,-0.2222671976710091,-0.2129188477781423,-0.9087871709648287,-0.2334078544115372,-0.0317390280581221,-0.9984584127261183,-0.0455349553021191,-0.0695968953391762,-1.3304617092634965,-0.2016303095252818,-0.119736294344497,-0.9275404010726834,-0.2059592416138798,-0.0931220010591623,-0.791756711023486,-0.1619721707796089,0.1071498226048486,-0.9088353805291652,-0.0962907506159131,0.0464690828963732,-1.1125008961453131,-0.2482050142043637,-0.0102215893155971,-0.6937844212053799,-0.1968665656468939,0.0154174767586403,-0.556579420265441,-0.1126692331271951,0.2564167984579791,-0.7771297549523402,-0.1541295310613916,0.1609212024028974,-0.950708872184204,-0.2252935821141421,0.1080684180988034,-0.6693096451517762,-0.1775011866093516,0.1352612261561766,-0.5489681174815119,-0.1163311996881024,FIST
0.0,0.0,0.0,0.0633619270131399,-0.374724926861933,0.0490071620370126,0.0308883515732196,-0.7266140083066489,0.040458630466447,-0.0567983849927481,-0.9175058727430576,0.015781502911488,-0.1645012671685387,-0.9696879545504372,-0.0154226100102617,0.074680895697931,-1.020823671036657,-0.0237817029505309,0.0102601116428029,-1.4727768249027149,-0.0678196707356057,-0.0399847736933566,-1.7404321508477192,-0.0847978788270897,-0.0818158727122987,-1.9399595908799765,-0.098686177105857,-0.0079530622607799,-0.9973230701228044,-0.0726872932602399,-0.2579236630803854,-1.148308050419257,-0.1301910471507975,-0.2875641897171239,-0.9548235415716888,-0.117940978355604,-0.2325729403375581,-0.8602550915077575,-0.1023468483393678,-0.1167767702112957,-0.9087109664727212,-0.1159747187324322,-0.3347029229417935,-0.993269384246121,-0.1507860064426345,-0.333793109274788,-0.812181316238723,-0.1052721460515107,-0.2687434528034434,-0.7595789247658216,-0.0744651207857679,-0.2274210852386325,-0.7924965686344081,-0.1579515698028543,-0.388929483058096,-0.837539019649072,-0.1737938426484639,-0.3826549651666762,-0.6740030440841592,-0.135917337706055,-0.3309620199572264,-0.606254073703208,-0.1030092310213852,POINT_INVERTED
0.0,0.0,0.0,0.2300407330774644,-0.2013455426542751,-0.0423558688260156,0.3683374657407225,-0.5232639510538167,-0.0624072423947437,0.4510928088832716,-0.870751458186615,-0.0681484014545865,0.5686532957269009,-1.0756200773016642,-0.0727240489927033,0.1426873295705789,-0.9962490263599842,-0.052187012204529,0.1665421812852997,-1.4803494376054291,-0.0178007109783229,0.1767974825728711,-1.7322574844563203,0.0045185836509583,0.1919021530515761,-1.906197532198544,0.0180950788696918,-0.0150585674882571,-0.9998837956326684,-0.0023737683985517,0.133179419545681,-1.1532305405900798,0.0709906465087009,0.2011279793153315,-1.0207363683276798,0.1169039968206388,0.2262187001116209,-0.8919961439447144,0.1347569862732498,-0.1131961496293212,-0.90432560451388,0.0531073722630734,0.0134411605140899,-1.0301309220307031,0.1130825505391131,0.0788891083405028,-0.9047536018633476,0.144367736860603,0.0964593382310481,-0.7684988276816545,0.1501593804773183,-0.1781148636427059,-0.8064598874298903,0.107637102654632,-0.091881952919129,-0.9752286768028272,0.1656689373991966,-0.0297321512418462,-0.9397690607528112,0.2062563377679062,-0.0048311894036632,-0.8699591521548969,0.2291431157998262,ROCK_INVERTED
0.0,0.0,0.0,0.2085341936241185,-0.2107086597518725,-0.069585810756413,0.3301401516193539,-0.5072279735034924,-0.118866065357249,0.4186367965285247,-0.8064053872043732,-0.1588247024140692,0.5340982845541817,-0.9773408519211824,-0.1984909773390422,0.1233363405974505,-0.9812657044135632,-0.113456890828718,0.129975875109914,-1.454543978195274,-0.1595583404005167,0.1303315991592001,-1.7413816995540794,-0.1908667290450615,0.1310371032826559,-1.96848224237656,-0.2146791649546929,-0.0165019609174792,-0.994142183431554,-0.1068129412001223,-0.0286693922883869,-1.4719310198690587,-0.1440275764365252,-0.0404055425416992,-1.7901696186967595,-0.1728830608689474,-0.0480076581014115,-2.026209671480189,-0.1973073118519393,-0.1329958716980053,-0.930406309942746,-0.1022247710903717,-0.1561960067286176,-1.3662777766290854,-0.1372417572672256,-0.1626161856978355,-1.640197754065725,-0.1753533112007612,-0.1633822726445951,-1.8425664451929296,-0.20609363585802,-0.221689810858162,-0.8179149805599718,-0.1017483100465295,-0.2942984388950708,-1.090561918556734,-0.1429607614987098,-0.3455590516862591,-1.2689983369490594,-0.1735311113290764,-0.3849577762889762,-1.4152821936346665,-0.1931674332020348,OPEN_PALM_INVERTED
0.0,0.0,0.0,0.2232929195666856,-0.224562189635364,0.0504201300179951,0.3363719458948503,-0.5584683343314086,0.096881543488959,0.3394164854268938,-0.8494597257342417,0.1440960635571928,0.2372392685366878,-0.931352908520176,0.1919364390332692,0.1776018820886377,-0.968180657517682,0.0763908792351053,0.2571819422196044,-1.026459192721053,0.1331687771839614,0.2604381081265602,-0.8503970328618811,0.1416941072530677,0.2325012298245499,-0.7497736954442149,0.1398516671633517,0.0339855604052577,-0.9962512973576992,0.0795508277583694,0.1298485248393851,-0.968051289606836,0.178600194012625,0.142146653398089,-0.8083619813624228,0.1896236825138984,0.1198662039300248,-0.7025719824940418,0.1749396313390763,-0.0816803359590327,-0.9316703480825445,0.0928985297720614,0.0066995491490417,-0.9207132521694787,0.184121320487928,0.0232708462572301,-0.7867973269859738,0.1895310654635745,0.0065667639726261,-0.6642644354597351,0.1687770047869953,-0.1816027677993508,-0.8490862674255728,0.1111724641946127,-0.1040091153258659,-0.8668828983308315,0.1856856195693249,-0.090216543306492,-0.7507700724481275,0.2157870610079279,-0.1034319635802139,-0.6474312293546829,0.2278142644806984,FIST_INVERTED
0.0,0.0,0.0,-0.2387802893325785,-0.1259787889729248,-0.068927533613047,-0.4168672415549421,-0.5283544970602463,-0.0778160912932361,-0.2981629301140693,-0.8738770179505035,-0.0943999141016893,-0.1001761687777502,-0.9394636106015136,-0.0916458348127599,-0.4874599973802826,-0.8029432810718867,0.025634837382218,-0.5671008483638935,-1.196100564770919,-0.0948991876247664,-0.4663591736387514,-0.904649993470516,-0.1517796944367306,-0.4139097067427977,-0.7253860598168578,-0.1698412866284238,-0.3359534376515317,-0.9418319288632236,0.0093757935076417,-0.414207460302092,-1.3695121731852102,-0.10999907145429,-0.3258249777369489,-0.995297080571136,-0.1289454965755055,-0.3010240095478507,-0.8521203621547523,-0.1009088980404503,-0.1737396857380206,-0.9958079069645728,-0.0333493629456178,-0.2176491418266121,-1.3389458186345673,-0.1460506804628461,-0.1622202037782845,-0.9560116759656678,-0.1234190812365456,-0.1559744760843572,-0.8067253642020765,-0.0697011172399017,-0.0145592780477417,-0.9881961582014892,-0.0854386066056604,-0.0486235110853045,-1.176223982370148,-0.1466681844078964,-0.0331541975112693,-0.9291746605506916,-0.1241253184843082,-0.0228260523819486,-0.8153482814717773,-0.0880941639032916,FIST
0.0,0.0,0.0,0.1927155183807871,-0.2046152659869429,-0.0014484011146711,0.3277820117687796,-0.5264672796152176,-0.0069135475571301,0.3835255259919627,-0.8567679693830771,-0.0150099473317078,0.4769092903993797,-1.0673986927814043,-0.0303847799808947,0.1633839029704865,-0.9492808515478468,-0.023829435449184,0.1160632933855703,-1.3703035472662548,-0.0155257410994053,0.0753800610268605,-1.6337209913662816,-0.0217906357967616,0.0469779215555997,-1.8346816882771908,-0.0326529741066484,0.0265969187421552,-0.9992425537631028,-0.0284063841841186,-0.0522705612932292,-0.989211361566178,-0.0156963386370575,-0.0456607790236227,-0.8039040557411096,-0.0216100605397387,-0.0057762200783959,-0.6913509137732444,-0.0321258701676215,-0.1086403716239108,-0.9194534994282336,-0.025708073046578,-0.1736030326251349,-0.8912084202385891,-0.0270217111254351,-0.1585484642538782,-0.7111453718043365,-0.0180506131481461,-0.1139592691176,-0.605108043377216,-0.0132898449253327,-0.2434017401613945,-0.7959960948744581,-0.0205134915161666,-0.3111003134676187,-1.0846342352335288,-0.0208830508182678,-0.3735458767976737,-1.2498003833965683,-0.0022507693993908,-0.4131637250169976,-1.3939977683269569,0.0152022982092679,ROCK_INVERTED
0.0,0.0,0.0,-0.2321783182846759,-0.0153757313931476,-0.215988648396815,-0.4818025350062033,-0.2855368406816438,-0.3194453624466728,-0.6557598917742826,-0.5992682690309018,-0.3997243035939207,-0.8430778493634992,-0.7487101931095832,-0.470613599950352,-0.4328243852840299,-0.8921864620471873,-0.202949169639622,-0.4809318978094118,-1.430563671821827,-0.2949095811822738,-0.4967051516697921,-1.789759038557618,-0.318922122255884,-0.4882391498342732,-2.0733936397432253,-0.3249477248791185,-0.2956565890280524,-0.945402088544758,-0.1371206488443914,-0.1524374332458603,-1.1765582535629795,-0.305803031253116,-0.1200269192285121,-0.7622972391726888,-0.321096477319044,-0.1539492784923833,-0.547560840784742,-0.2848243342384894,-0.172749869840922,-0.989750875289475,-0.0931208443052572,-0.0421092002007996,-1.1786824624433467,-0.2756254107147918,-0.0449034615467857,-0.8308153256161522,-0.2685077195495136,-0.1052151458977188,-0.6341925573156048,-0.2100083223890363,-0.0514256149874877,-1.0323849112414252,-0.0623983243622744,-0.0456123047785984,-1.4223307461284806,-0.1768423830659419,-0.0346630308166634,-1.6550458357846742,-0.1880752108978526,-0.0318054443737287,-1.8994085989667944,-0.1654149590346055,ROCK
0.0,0.0,0.0,-0.2369597640335806,-0.2874804408528363,-0.0662246168166103,-0.3494412855243375,-0.6831051122030476,-0.1254137448088157,-0.3825870281696255,-1.084522813772562,-0.1707396393381321,-0.4607226915516005,-1.3699808480887303,-0.2225715482915953,-0.1553050827969208,-0.9702441671747886,-0.2278599467229846,-0.183727674189553,-1.6279875227600258,-0.3308408716369386,-0.191387104248238,-2.0171006463668424,-0.3827642232371238,-0.1882892767663333,-2.3324019582869875,-0.4117566339408255,0.0318322937196447,-0.9694633023915684,-0.2431616959814605,0.0453843710627741,-1.6714486887028783,-0.3376265048589358,0.0620527029666173,-2.107519689643411,-0.3894882712220484,0.0809203690735892,-2.4497568186501675,-0.4243196066552452,0.2000047424049978,-0.8995803378762538,-0.2543199329916628,0.2773084162512674,-1.5330295990188922,-0.3516142163565434,0.3284883114237099,-1.946151959368822,-0.4137131255696482,0.3666559179676122,-2.2648952556412616,-0.4522948564636295,0.3392469544589469,-0.7872516364450944,-0.2629368091263666,0.4791361925131865,-1.195160103338294,-0.3543781742658142,0.5607310203810828,-1.459581756776067,-0.397292935757137,0.6238732763383392,-1.7009733025379756,-0.4204463870939774,OPEN_PALM_INVERTED
0.0,0.0,0.0,-0.249375126684867,-0.0881157775226205,-0.0850965508480034,-0.478758821520743,-0.4568039672033375,-0.125284719185019,-0.6270493314764225,-0.7873020579629053,-0.1680694310562974,-0.7779367876297517,-0.930902487953382,-0.209084240483062,-0.3839955546710877,-0.9188284562739834,-0.1034916013281492,-0.4177844890814063,-1.42763262384978,-0.1842672011208032,-0.4233954333689689,-1.7313794056079097,-0.2131129324126334,-0.4319463572677968,-2.0018376293249136,-0.2319050358368097,-0.2436165749476226,-0.964062480049004,-0.1059929194453706,-0.2135511852039605,-1.0895922362360089,-0.2651976563041089,-0.1904448209759921,-0.7383553703807586,-0.2943167870877902,-0.2005992399635063,-0.5499538602892067,-0.2806974764974231,-0.0982999757046388,-0.9720971357969568,-0.1191402190651563,-0.0588199222523233,-1.1126815633286598,-0.287062976180346,-0.0539687769322301,-0.8066771463871826,-0.2770284614014724,-0.0806973220301772,-0.6256018908204745,-0.2259731061931012,0.0471805522773223,-0.9588199101242264,-0.1359386376303493,0.0737092331660009,-1.35069707266382,-0.2522266874556271,0.098343785481169,-1.583085459591326,-0.2672345782628051,0.1064334182035909,-1.833835440145537,-0.2520892987079056,ROCK
0.0,0.0,0.0,0.1913520817907009,-0.0841680816730723,-0.090233344632283,0.3363114507603007,-0.3736217504959743,-0.118679208378812,0.4190498826468232,-0.646760286741306,-0.1409715951127527,0.5211030178407311,-0.8056742306059199,-0.160067581725421,0.2431140627771829,-0.904918864011876,-0.0443476295444109,0.3280246772263381,-1.2261467398606645,-0.0925344277773277,0.3731875641240565,-1.4392977098267523,-0.1361958576974171,0.406291941940578,-1.6247711986896234,-0.1714264667657167,0.121260374247486,-0.9917236201163202,-0.0421922142194539,0.1561091941857924,-1.3913122747838256,-0.082118079766144,0.1772657020364961,-1.6355208951398494,-0.1196609741899205,0.1920538224059831,-1.8395406746018168,-0.1477911135869275,0.0069762291603164,-0.9758976086366514,-0.0541783118035338,0.0075885926119577,-1.3617654736703348,-0.1023997929939238,0.0105033079506733,-1.6000038149446538,-0.141869587871934,0.0178727389062542,-1.8128680852900203,-0.1698391562397517,-0.1039163941048171,-0.8687192847866814,-0.0759309359923053,-0.1693145017498744,-1.1274672318144792,-0.1305995508516839,-0.2057444027509102,-1.3083621854591867,-0.1612635304327142,-0.2286555507635989,-1.4890860814107254,-0.1803179792731521,OPEN_PALM
0.0,0.0,0.0,0.1965689339620078,-0.1033654983982708,-0.0956115873960538,0.3449567140318482,-0.3718252699571005,-0.1313927398095144,0.4304382823209756,-0.631744985741103,-0.1604594476055485,0.5239142078857729,-0.803127544964365,-0.185915314865531,0.2354062135198591,-0.9167986259801932,-0.0575639809872873,0.3276450668122092,-1.2439964283872342,-0.110940137889123,0.3747583544840051,-1.46233636142539,-0.1579474360215315,0.4089198349531275,-1.6557738158663131,-0.1948692249333331,0.112811399311758,-0.9920394560092995,-0.0559580727518029,0.1472414180482404,-1.3915198565222675,-0.1016661710711466,0.1656631431891404,-1.6418622762472486,-0.1432061221375372,0.1769487557643679,-1.8566601087080088,-0.173907870978579,-0.002183871742183,-0.966351570339136,-0.0681302545373854,-0.0027390903270725,-1.3433880993013536,-0.1197116170687729,0.0018202224296275,-1.5801053902884108,-0.1595845988781,0.0100761126265526,-1.7979522547353268,-0.1876620934262175,-0.1114881073949409,-0.8533864126615852,-0.0904609796446748,-0.1674616310834163,-1.1125784705719586,-0.1459307414852357,-0.198121875494089,-1.2910705579705457,-0.1746004684421344,-0.2160686740939188,-1.4703179653786638,-0.1920419390950406,OPEN_PALM
0.0,0.0,0.0,-0.0365533525361819,-0.5641320728766018,0.003852920334485,-0.142649972916931,-1.081370517462923,-0.0330242689034833,-0.2897668268827102,-1.4830010902014352,-0.0689574141508073,-0.3347241490093167,-1.8575333199682935,-0.1056433361922225,-0.4771980940931864,-1.1348015677828178,-0.0939095779683922,-0.7722000788424748,-1.0197613973489592,-0.1072589605825709,-0.6973396207431067,-0.8311394175942803,-0.0960499455239344,-0.5772547691622933,-0.7921880159819281,-0.0883717897264175,-0.5566657272689882,-0.8229044844401935,-0.1138045586622423,-0.7933030660771451,-0.6785231309657735,-0.1038231648963448,-0.6918526172301098,-0.5232933048776401,-0.0721351010643833,-0.5756336973086645,-0.5157283028940389,-0.0646092411921607,-0.5971774532656604,-0.4797894164476693,-0.12386334330576,-0.7889202371533509,-0.3860030920533378,-0.1165967574389748,-0.6823309563501505,-0.2504703610009589,-0.0657645306596309,-0.5673684681021091,-0.2386489966920735,-0.0479107999073571,-0.6129219233226751,-0.1344933434061476,-0.1314286948591974,-0.7668299093369467,-0.093790363867994,-0.1342694450020654,-0.6501433426568831,0.0127075626846855,-0.0876295655717559,-0.5446627420096627,0.0317415625823062,-0.0516112685109349,THUMBS_UP_INVERTED
0.0,0.0,0.0,-0.2062135281503399,-0.2585136179652695,-0.0268082986637003,-0.3141963563750964,-0.6156545169766621,-0.0611213454044726,-0.3489584224964346,-0.989664113586358,-0.087942597653916,-0.4331902925024846,-1.2304885081240178,-0.1213984263003834,-0.1278565569004215,-0.9648228118311744,-0.1533453360103434,-0.161535024927962,-1.5455226993888806,-0.2232678948248585,-0.173283422442688,-1.887028934994765,-0.2570694830903585,-0.1721170972216917,-2.162915376944236,-0.2760415338067481,0.0415287633086702,-0.9843464138500344,-0.1712819294573396,0.038153496518969,-1.6171587915526846,-0.2436512862403184,0.0412233093005525,-2.008853920687392,-0.2835844341740836,0.0492458042787587,-2.312717786147892,-0.3103486007284942,0.1897149389918727,-0.9205301988390518,-0.1823405736399846,0.2385514348997536,-1.4979495103495732,-0.2542220153721841,0.2682031281927783,-1.8693403479296729,-0.3018502656782671,0.2836066647321434,-2.14072261598444,-0.3312872502580857,0.3096631643496221,-0.8110501368845048,-0.188648898906385,0.4161205043488372,-1.1976080386926848,-0.2477634608246037,0.4793713748997951,-1.432018917239899,-0.2741551007616141,0.5229260619173065,-1.6313450938697005,-0.2882720077461607,OPEN_PALM_INVERTED
0.0,0.0,0.0,-0.1748202774558283,-0.2033672391231933,-0.0500344625634993,-0.3159360153328132,-0.5877759473121199,-0.0879310281236962,-0.2828232294394558,-0.9451934027640436,-0.1383453135725475,-0.1351214336600617,-1.1178010854928837,-0.1872403213896102,-0.151996847481209,-1.0235719941389392,-0.0069602315859753,-0.1791765406951032,-1.4737106377193208,-0.0836656020471912,-0.2055062282410873,-1.7474793654792105,-0.1246913229022626,-0.2248226418236294,-1.980627029337635,-0.1585587797071633,-0.0271700814848715,-0.9988278624713348,-0.0400585549296237,-0.1163783091256727,-1.2701846785971351,-0.1889627179364439,-0.164365372151687,-0.9446430048073784,-0.2132482215272786,-0.1530293495304307,-0.7251677725434247,-0.1886320934285828,0.0834948135575528,-0.9182072088317892,-0.0863748765479187,-0.0315158477042928,-1.0993545333868904,-0.2285071891435491,-0.0739093903196045,-0.7629861321439588,-0.188213777702155,-0.0520472597173682,-0.5818108576926209,-0.1199022710123489,0.1910353907871438,-0.7852049084809826,-0.1386470396582813,0.0512257098261697,-0.8874410759912624,-0.2230724835844277,0.022666480557289,-0.6634523781304659,-0.1913001544793728,0.0666391290749257,-0.5606870596434659,-0.1453482169862544,POINT
0.0,0.0,0.0,0.1516991115271147,-0.3032076167232042,-0.1218086948940723,0.1440461184252547,-0.82117674741562,-0.16360330248485,0.0876766786036742,-1.197609955715666,-0.191567875806086,0.1424223907428333,-1.496740086066891,-0.2021578444288921,-0.1485879099067158,-1.103459362860958,-0.0714122274063247,-0.1333139396101602,-0.9503458927931576,-0.192114435737521,-0.0316181653595787,-0.7053577885920478,-0.2476539934631611,0.0232617157672786,-0.6461346146081486,-0.2676661691088514,-0.3033956915638955,-0.9515333106709666,-0.05035288496219,-0.2530098014245468,-0.7249798169039209,-0.1740475242744601,-0.0939574550333485,-0.4855660544181229,-0.183809863083167,-0.0148891837657983,-0.4676276160895088,-0.1608441269320634,-0.4066058926789511,-0.7298262806926301,-0.0534083100326946,-0.3316390824859545,-0.5059823750500653,-0.1848036219504303,-0.1618695973104691,-0.3083078251900908,-0.1610877642628045,-0.0749589178996026,-0.3062742938959651,-0.111742651700892,-0.4732557147466178,-0.4937210271620814,-0.0681008146827512,-0.4017198185120756,-0.3108542066436313,-0.1531954150270917,-0.2573271837334648,-0.1653411640254626,-0.1477927213861498,-0.1797314952842808,-0.1739905219405179,-0.1183432428450692,THUMBS_UP
0.0,0.0,0.0,0.1686587557888492,-0.2556117096013949,0.0440484677961403,0.2422654334767097,-0.5156800176540595,0.0858390466184085,0.2720022485591076,-0.6579637898802511,0.1291543902130897,0.2860428737848113,-0.7125555844762511,0.1786120936892326,0.0886111185593186,-1.006032071096257,0.0076111312587284,0.0881766628494727,-1.523788872138078,0.0167419946010617,0.0956134667358547,-1.7920484904023843,0.030934767226853,0.1024543713597115,-1.9890033607559436,0.0497478181777671,-0.0622812824616123,-0.9978778716280564,0.0189946089719441,-0.0665454723449742,-1.5060196808802149,0.0703261132175354,-0.043276681645801,-1.7186632953043637,0.1130504549268612,-0.029747570106771,-1.8375584351312235,0.1433821794549808,-0.1688478551184883,-0.9113441273919044,0.0376971753155049,-0.0818167796453854,-1.0639565050029842,0.1010415542642784,-0.0202034905657232,-0.961117198320376,0.1191314757132713,0.0041650309223823,-0.8309910947450068,0.132229765795197,-0.2497792953399197,-0.7965532703277807,0.0587416186695651,-0.1637609649641153,-0.8458956675329992,0.1086805097660602,-0.1238522605662678,-0.7468830221598004,0.123772889212493,-0.1090074904412737,-0.6263863291979785,0.1400561143006355,PEACE_INVERTED
0.0,0.0,0.0,-0.1697634805604736,-0.3848539472599916,0.0616153946097338,-0.1704871209374595,-0.736111295093148,0.0543707997594109,-0.0737038964385828,-0.9676152136347296,0.0323526172491999,0.0505286905852675,-1.0489365946529494,0.0023211535532714,-0.1660476996289077,-0.9658259809041264,-0.0586355906051943,-0.171637897489946,-1.5197215911193365,-0.1027718700985322,-0.1589949097313618,-1.8392918751904697,-0.1232176043985065,-0.1536912515863491,-2.0939587262557144,-0.1373450118850703,-0.0291159834771754,-0.9944588083546192,-0.1010145434680942,0.0546719722466801,-1.363747743254011,-0.1181314484902289,0.0635668552550118,-1.194822008580849,-0.0815927056184031,0.0321203973614071,-1.0211128348145428,-0.0520105938404601,0.1170761421738999,-0.9287979529356744,-0.1320430549936727,0.1726660622640312,-1.1107241816628182,-0.1085840815563385,0.1612508935430735,-0.9676759726924108,-0.0442606241355486,0.1280460685201681,-0.8384348950257643,-0.0105555109304147,0.238473225493873,-0.8170229170263643,-0.1616379109839644,0.2661205410287728,-0.8919913309734132,-0.1131840434850492,0.2396415006549717,-0.7691044355590914,-0.0493801519562576,0.2081892098918296,-0.6704557864712791,-0.0080383751951854,POINT_INVERTED
0.0,0.0,0.0,0.1173763945871344,-0.3665803369204929,0.0322892311961623,0.1169933651584573,-0.7472095271467256,0.0177035010339051,0.0274339475394242,-0.9995236208596469,-0.0075159786285944,-0.0861640163730207,-1.0954265767931188,-0.0405167305012504,0.1673588801517689,-1.0021360718884067,-0.0627906501057216,0.1448574476090916,-1.4913902669291728,-0.1153504062787646,0.1246991559627131,-1.7954894635862853,-0.1392660738765792,0.105092569437516,-2.034988368032228,-0.1572849915245858,0.0608320915150106,-0.9929788136652944,-0.1014521180349342,-0.1313280630968403,-1.1754787757607263,-0.154177353032191,-0.1554854436757332,-1.0049807196391471,-0.138665939918084,-0.1039309910614191,-0.9021028216001126,-0.1236307858335006,-0.0683563596769802,-0.9198827621915314,-0.1337146154404645,-0.2295557221746095,-0.9934403522315264,-0.1598346947199211,-0.2309922014853874,-0.8394413482268333,-0.1125758740276719,-0.1749022997851724,-0.7740701200755213,-0.082798592292936,-0.1962465552215854,-0.8235874984767622,-0.1662174876031374,-0.3040012981416462,-0.8709263672640922,-0.1717200413889836,-0.3020374991236243,-0.7206972293009009,-0.1310186889764331,-0.2643523993778222,-0.6439507408373109,-0.0978310773642256,POINT_INVERTED
0.0,0.0,0.0,0.1235619214571089,-0.3641730352224523,0.1027415451677624,0.1397510579270113,-0.7190490338098169,0.141280063588773,0.097552803310744,-1.003205904575381,0.1590599959552806,0.0148753382322339,-1.131379322866516,0.1737242686060792,0.1422953228910609,-1.0047512529518972,0.0864341705055408,-0.0318039755180666,-1.2147895213930016,0.1223509475514303,-0.0751796194649906,-1.048234776705631,0.1418644457156988,-0.0553526909856264,-0.9222385931871112,0.1509113882968075,0.0284165761229347,-0.9988231713169272,0.0393035703447649,-0.1516768852788397,-1.1145199515821036,0.0992344230718996,-0.1757744210181899,-0.9551120782290248,0.1266137010155178,-0.1345937927714489,-0.8409853273293765,0.1301050242928094,-0.1011044772456429,-0.9201391167992324,0.0035192265845472,-0.244697675155655,-0.9606257580968766,0.0664364655054333,-0.2480672936232192,-0.8098801157260216,0.0960252144462263,-0.1976249252095472,-0.7180623250233001,0.0933465226841615,-0.2310213552928355,-0.8077495890616438,-0.0253554147201644,-0.3149418929792114,-0.8366669504132385,0.0267944203405894,-0.3067021580669539,-0.6912173705877651,0.0655730662905303,-0.2694188702947671,-0.6007087338505861,0.0857182393706493,FIST_INVERTED
0.0,0.0,0.0,-0.1454004626456015,-0.5237337755207334,0.0620401687966583,-0.3418397818602748,-0.9402668408969376,0.0421345439713154,-0.5157233761422085,-1.3006536177766044,0.004877806653272,-0.5476630785520343,-1.690942194980615,-0.0345811592908022,-0.6215837243875229,-1.0155536834533547,-0.014107134539731,-0.9258972242233214,-0.752062892613848,-0.0356487537124316,-0.8369546725821315,-0.5469167570875006,-0.034106657559036,-0.7187905306119017,-0.538865599667266,-0.0313532557737063,-0.6546591961643599,-0.7526903097126065,-0.0698472228665856,-0.913283573102574,-0.3815405214564336,-0.066990980739425,-0.7934693723020283,-0.2475059361822323,-0.0339759515137379,-0.6783752415679751,-0.3140054091319431,-0.0241422089460954,-0.6623849311098419,-0.4190722592817685,-0.1179347017810219,-0.8715486221097494,-0.1101683448822385,-0.108769899068582,-0.7496527123521203,-0.0213591394326262,-0.0521314752706832,-0.6420174637156628,-0.1015905422144014,-0.0309720542540525,-0.6581570063737566,-0.0638405723547156,-0.1616988697057556,-0.840569942974723,0.1191014164648204,-0.156206041610274,-0.717876042109133,0.1743596931392269,-0.1059350990411199,-0.6136434480965062,0.1292344433068696,-0.0689986602957014,THUMBS_UP_INVERTED
0.0,0.0,0.0,0.1472443796697078,-0.3419648365612001,0.0598871220377832,0.1614161777843259,-0.6759220721010877,0.0844696786837819,0.0717628563186529,-0.8685237092501592,0.0997658043543165,-0.0455658797309251,-0.90392269845275,0.1095727415432456,0.1445463133573561,-0.9763809212738066,0.0528015920056833,-0.0056572794643642,-1.0506457685103603,0.0811657344822404,-0.0308613322227265,-0.893851139436774,0.0847136043470167,-0.0033935558231584,-0.7791460496157063,0.0821729119103086,-0.0082261869535204,-0.9996195457683432,0.026326670243254,-0.1304928493264656,-1.0165154879767582,0.0811805569948072,-0.14985880026799,-0.8635440830781606,0.0914033164021989,-0.1139462509826935,-0.7426944775082741,0.0865188910461305,-0.1554736418333043,-0.9175821665686928,0.0100300682196076,-0.2525526115654919,-0.9244430832568356,0.0628549265579459,-0.2492094891875812,-0.7749044738619674,0.0775867511795194,-0.2030283214246335,-0.6718726354729024,0.0710597254253872,-0.2877230511552281,-0.7846745392820842,-0.0012075967629238,-0.345368110048199,-0.811445596086815,0.0389110718246866,-0.3258176465021096,-0.6710169890213332,0.0743825283527201,-0.2855583492784722,-0.5723578533436514,0.0979450339724696,FIST_INVERTED
0.0,0.0,0.0,-0.1669959267543859,-0.1537862015226077,-0.0974259046402519,-0.2395532142421307,-0.4414115366642771,-0.1551320402548736,-0.1198625502734625,-0.6300986644091408,-0.214538852620817,-0.0061063422923041,-0.7606614499040639,-0.2687765346478359,-0.2016799309588008,-0.990764920556994,-0.0941490873941025,-0.230398454573385,-1.426443160752036,-0.1714003784481303,-0.2441428537983884,-1.6976517274961993,-0.2207606145652033,-0.2557155308609236,-1.9285253088422256,-0.2540852439186279,-0.0593312993595885,-0.992465268922908,-0.1072030172060603,-0.0431039311552839,-1.4368955744525378,-0.1900674782197314,-0.0342619194938061,-1.7115711405060698,-0.2395181766979066,-0.0256053048510367,-1.949264629997783,-0.2656261926958257,0.0651949491982527,-0.8805392622802812,-0.1319560211876906,0.0697675752629151,-1.086852867714763,-0.2502962705357767,0.0249630455433113,-0.8011825829161268,-0.2573480969662527,-0.0008821995789012,-0.5913066525796606,-0.2280731477345378,0.1727877696505814,-0.7057323914947783,-0.1645986878738672,0.1615801320621293,-0.8519515924319379,-0.2556090303970389,0.1115724762952111,-0.6713110956164684,-0.2447302629756293,0.0806231836943865,-0.5254514297884639,-0.2143803832055343,PEACE
0.0,0.0,0.0,-0.1835596882255727,-0.4085464601379142,0.0419230980982283,-0.1951317885498596,-0.8265405768429865,0.0193818909111059,-0.1151152139550191,-1.1823098281352065,-0.008311367165868,-0.0123713338975187,-1.3854128002132613,-0.0410898184119217,-0.1945063227930575,-0.9971717181659148,-0.1193904281333984,-0.1711103863198328,-1.5963221653920407,-0.1716087407135369,-0.1474456200895555,-1.9326021201434649,-0.1899349734723909,-0.1358127686673802,-2.2057554123143936,-0.2019756812025557,-0.0342235284035517,-0.9869726664406634,-0.1572059343746862,0.0550800935806287,-1.422755540857381,-0.1829644152515965,0.0595788722505728,-1.2478336995236732,-0.1373871799568803,0.0176133911821132,-1.0554566166270514,-0.1042705451653098,0.1404607195675643,-0.8981631697830323,-0.1817310234653938,0.1840386872666156,-1.2096143721877552,-0.1722357744389586,0.1783000450968526,-1.0653543724214796,-0.0901816399952042,0.1453181018841531,-0.9105158110350472,-0.0435766550731925,0.2912786404795792,-0.7718987766082569,-0.2038920770450029,0.2858169446103114,-0.9876382230029546,-0.1619065966905229,0.2628886932084823,-0.8596922296003945,-0.0803224377821281,0.24118185861683,-0.7340673216665492,-0.0268717114746438,POINT_INVERTED
0.0,0.0,0.0,-0.2056394440312984,-0.1591584520570666,-0.108741557574554,-0.3392620913837019,-0.4721646560075188,-0.1526657111181582,-0.395302367663321,-0.7785350058832962,-0.1857136126142804,-0.4795761777229736,-0.9964156161929558,-0.2164997004047386,-0.193256374154206,-0.9644491293681284,-0.0695017084549274,-0.2109573474233416,-1.3669159480140882,-0.1340983995712361,-0.2094612368925568,-1.61566371244673,-0.1935117826187906,-0.2009861585094546,-1.8378861887053837,-0.2379538557849846,-0.0687848281666772,-0.9954715130623114,-0.0656133682683122,-0.0734736496151068,-1.433064274546472,-0.1175070161009988,-0.0682815626117863,-1.7093564639125172,-0.1706181971109332,-0.0616303416499393,-1.94290769752368,-0.212548639607834,0.0418012946150606,-0.94132160401249,-0.0786164860401142,0.0519343160594803,-1.3379499659634466,-0.1373711413573278,0.0539970805547414,-1.5844467215329674,-0.1818124041603311,0.0543579622956769,-1.7979877469159478,-0.2151316272580881,0.1561866401425227,-0.8279116956590469,-0.10294889390319,0.1933845916190494,-1.1279041870893145,-0.1591493219600573,0.2116906360705919,-1.319327699786813,-0.1884771461820826,0.2248763856948217,-1.5051001597805262,-0.2101986013614614,OPEN_PALM
0.0,0.0,0.0,-0.2305729284074118,-0.1550930719560166,-0.0383051410416492,-0.4080787175477417,-0.5208253111841405,-0.0492452859922618,-0.4836783431244867,-0.8082697406584427,-0.0713199248412098,-0.5578554528487972,-1.0067604342160168,-0.0908370091526383,-0.213123714508786,-1.004110211260488,-0.0522292191677885,-0.2557694685052606,-1.5085515769336348,-0.1208567302785184,-0.2984283176518041,-1.7882966467134611,-0.1467022619675304,-0.3385402336781944,-2.026074556116116,-0.1641288168424415,-0.0923784855010543,-0.9925520492546812,-0.0794143874676645,-0.2004655598971867,-1.1745203418381729,-0.2339796715389145,-0.2286298435556069,-0.8025814428869162,-0.2571357408023528,-0.2084683150910131,-0.5640025222822901,-0.2349023646409643,0.0302230178130812,-0.9537359645390472,-0.1149363430424973,-0.0562508792355323,-1.137170766793744,-0.2718480315524373,-0.0804930918800411,-0.797842175654095,-0.2451856255056477,-0.0595738103496594,-0.5800430511611385,-0.1797399094025257,0.1644647853098606,-0.9117867548170268,-0.1534639482232556,0.2070681639892581,-1.3298984172288362,-0.2637723518220612,0.2160181840835783,-1.5824514814587327,-0.2732035083290273,0.232861489802609,-1.839395246511188,-0.2542027030678771,ROCK
0.0,0.0,0.0,-0.2413329554098938,-0.0713850100991879,-0.0883731617093176,-0.4485240086946885,-0.4956108561836468,-0.1048479327536988,-0.3278407146152786,-0.8109991287584483,-0.1229917289635334,-0.0834908017274672,-0.7722332231522937,-0.1205007098406498,-0.4491840097676722,-0.8365710068601828,-0.020413530539114,-0.5573342764081882,-1.1853198028932033,-0.1372189228801967,-0.476682944483613,-0.8470737484554937,-0.1803782936259131,-0.4222475078530783,-0.7496280199038446,-0.1976489391352109,-0.2972249231671847,-0.954410668667774,-0.0275249083811992,-0.404524714156641,-1.3359585543502093,-0.1464651816053583,-0.3446980477725209,-0.9284307021124868,-0.1387674757887451,-0.3001929300105266,-0.8648784595404043,-0.0965310076534092,-0.1327244841899502,-0.9860745697915574,-0.062179249454295,-0.2183834327318458,-1.3276962200298903,-0.1680832345355464,-0.179082067122988,-0.913092337115898,-0.1159223166128564,-0.1355110073880974,-0.8319882950708781,-0.0484953253726583,0.0370812711822269,-0.9813674834307292,-0.1101814915003077,-0.0387176209666073,-1.1254904725289705,-0.1680651902327501,-0.0378671453155475,-0.8583287314351992,-0.1388444398391959,0.0003666302630449,-0.7966699127283968,-0.1019960067625443,FIST
0.0,0.0,0.0,-0.2542791275951699,-0.227380893130414,0.0502003021962894,-0.4100297562564319,-0.567551952588774,0.0234671438283091,-0.4978222200756436,-0.953653840783494,-0.0113929968361903,-0.612895193842036,-1.1489468950137276,-0.0549665319644035,-0.3086694120914822,-0.9166001789381628,-0.1342462825255804,-0.3232444165242041,-1.545174036597292,-0.2031847128436478,-0.3061474677150131,-1.9006669336288975,-0.2300436727978147,-0.2802524916301154,-2.1759609042051,-0.2389255107516203,-0.1387609532248075,-0.9767688365412855,-0.1633035144200088,-0.0699418095012733,-1.399421415131989,-0.1789378568310992,-0.0634663205428047,-1.2286710911579517,-0.1078435766816959,-0.0750474421874684,-1.0311200344433271,-0.06075047880345,0.038708399256614,-0.9302927283387028,-0.1802105737892467,0.0712488480327552,-1.2904833185739946,-0.1912274498421024,0.0771932317844616,-1.1603835895449472,-0.1070767103193491,0.072605174330089,-0.9836094200616208,-0.0526739428104436,0.1991672444354041,-0.8512658628076436,-0.1877067570774216,0.2141820804344216,-1.2150417890212173,-0.1662642568230211,0.2118903603934353,-1.1147030653449723,-0.081556425951161,0.2035722177050761,-0.9634327912423328,-0.0211810100628414,ROCK_INVERTED
0.0,0.0,0.0,-0.2596881305703157,-0.0343054203193394,-0.1794090538766894,-0.5220379678847809,-0.2888732066818881,-0.2648065859256907,-0.7045337067524753,-0.6055818964884597,-0.3380526276986184,-0.8718246332403645,-0.8491527657976554,-0.4023761425980532,-0.4332834042019576,-0.8949031503245409,-0.1510534293183204,-0.494405554040629,-1.4203282184069137,-0.2556867181311947,-0.5099631822593444,-1.7435790781052432,-0.3002789518725314,-0.5143898199987182,-2.030906948005502,-0.3229160445527502,-0.2876984031931749,-0.9507935404273682,-0.1149837913868204,-0.1979888005953682,-1.211050503487361,-0.3165484512089997,-0.1546444122504862,-0.8241554825166437,-0.3630776370915483,-0.1607306984218559,-0.5629407547795127,-0.3423720663232485,-0.1562018446016775,-0.9750920064359464,-0.0995296250073943,-0.0665218846673041,-1.1954245608546412,-0.3072462980704024,-0.0459355659932763,-0.8381909429320453,-0.3064024404383106,-0.0733308385299617,-0.601899732537612,-0.243112756016146,-0.0221168341239406,-0.9797123436484448,-0.0951252299131038,-0.0043080670856406,-1.3562448687073358,-0.2290399867312507,0.0131995032345554,-1.579280527382906,-0.2459363048882358,0.0180534041916921,-1.811861294044136,-0.2222838871003758,ROCK
0.0,0.0,0.0,0.1942893394349268,-0.14563274298809,-0.1015426819098562,0.361674668432524,-0.5207335564753556,-0.1417900466521946,0.3753963772116958,-0.922222373735752,-0.1756748554399297,0.262862915602704,-1.179760355841636,-0.1863430372797419,0.2922693123906867,-0.9669728223373184,-0.0319145374811851,0.345433687745793,-1.2421959655954131,-0.141032822494947,0.3234407152253683,-0.890924528659985,-0.1817670014992146,0.2775226370115903,-0.7807115680327661,-0.1918553572471509,0.1458497290421926,-0.9889054323157318,-0.0281762750333393,0.186432237187871,-1.231934599367758,-0.1510791139274013,0.1918887982542755,-0.7915052946529623,-0.1699302094882759,0.1554299558365341,-0.72826263505335,-0.1492431087674115,0.0004341050653462,-0.9424068632243728,-0.0434223582085635,0.0298745388814235,-1.1355507768896342,-0.1861884247444082,0.0653927095266304,-0.7110146369807284,-0.1440699790863216,0.0427151406872262,-0.6345818312516396,-0.0759333998017073,-0.1588288721889114,-0.8578211256095158,-0.063773733838596,-0.1153343367411768,-1.000141640301157,-0.1532393018364203,-0.055624747249205,-0.7142808621063935,-0.1071399614903605,-0.0555469673217234,-0.6249948236431073,-0.045850151448208,FIST
0.0,0.0,0.0,-0.1917423511599652,-0.3438752456580491,-0.011622475129546,-0.2047602720882716,-0.7436962612233053,-0.0490788437315618,-0.0743663659102214,-0.982364197064192,-0.0909584508585027,0.0531957942461124,-1.065830000511318,-0.1346556055285948,-0.1732761651990032,-0.9734859503407028,-0.1387187359831584,-0.2040088329558182,-1.563704015719622,-0.2114029533777712,-0.2169285499340103,-1.9292375395686636,-0.2432348990559312,-0.2234783955784742,-2.205564503550741,-0.2551997449672227,-0.004791849155576,-0.9862552469634568,-0.1651593957930383,0.0324269178219444,-1.599446807808583,-0.2285395261065939,0.0517145181996518,-1.989916249514273,-0.2499452869542003,0.0799201239851052,-2.272723680236786,-0.2534431069000469,0.1490220425128849,-0.9160182180001456,-0.182027083853456,0.1332166402313348,-1.2270016342883407,-0.2232488545586611,0.0840171238688201,-1.1043349609245456,-0.1924986267162992,0.063891277898032,-0.943295723566098,-0.1502237975601978,0.2728313804622202,-0.8053768237477122,-0.2007544346716299,0.2234699137258327,-1.0393489939199767,-0.20093276893664,0.17144302479687,-0.9500407843502626,-0.143284681264623,0.1604243030419427,-0.8191946894032652,-0.0865649423038836,PEACE_INVERTED
0.0,0.0,0.0,-0.2097309172311455,-0.1624834201697148,-0.0956582697559055,-0.3417840603951162,-0.4954870433778811,-0.1347741404631036,-0.3890915196085559,-0.8142421344579989,-0.1649758503997211,-0.4687051851469453,-1.039049514837027,-0.1952138389837203,-0.1736695553797014,-0.9667019845779816,-0.0759334455411929,-0.1992216743556921,-1.3543154680478444,-0.1381310550904204,-0.2131291846226592,-1.5997675494913737,-0.1910784724147521,-0.2176586967376393,-1.8244301758780088,-0.2329771677941175,-0.0258317362965269,-0.9962229386393436,-0.0829010128327584,-0.010489873657966,-1.4279689780987532,-0.135247282538416,0.0009301345504058,-1.7102001127182862,-0.1893912513028888,0.0133134522455182,-1.9671003289466449,-0.2326372277244383,0.1012546449704606,-0.9284879608638682,-0.103174453390792,0.137725851221718,-1.3181943500998967,-0.1715514035319063,0.1550328652132298,-1.5675232628457318,-0.222732886541394,0.1669647152964816,-1.802526372649074,-0.2605156103262168,0.2170172459499979,-0.789764800997054,-0.1316321030922878,0.2989414118680286,-1.0362821894023904,-0.201320564327733,0.3586122013925777,-1.196012708022831,-0.2338915648553148,0.4099284704593946,-1.3542818810004993,-0.2559040108493585,OPEN_PALM
0.0,0.0,0.0,-0.2747468395743155,-0.2992358374524024,-0.029049225915012,-0.4085270797171432,-0.6754686909107657,-0.0502348052043609,-0.3956961203893935,-1.1431890762883326,-0.0611630524469922,-0.3482730205954978,-1.4440593517766565,-0.0568434964989118,-0.1886781294670168,-0.9880303519893754,-0.0615444772613392,-0.214489315825143,-1.3757527764845694,-0.0521691139707292,-0.2512257720116194,-1.2147922446724797,-0.0211250182551517,-0.25440586700308,-1.0396062409529725,-0.0014961915827248,-0.0059001163192148,-0.9987123760934252,-0.0503862924339975,-0.062852241048029,-1.3547074740089653,-0.0204676299936652,-0.1049405362475526,-1.2214021765563143,0.0134182486322548,-0.1076136407442104,-1.0617388590341728,0.0237892919649172,0.1497618451280572,-0.950264468348902,-0.0354846880888235,0.0830622795706353,-1.2327580707143904,-0.0110176452576346,0.0386871858437284,-1.11300379767721,0.0278334754374806,0.0269920469069549,-0.9528649600269704,0.0385959258169909,0.2878431316268509,-0.8695790676213551,-0.0214315656115621,0.2233814267329916,-1.064301817247364,-0.0017184972877229,0.1808011544246162,-0.9613255804482114,0.0323867268279928,0.1692249676996073,-0.8414439823494093,0.0529703000171011,FIST_INVERTED
0.0,0.0,0.0,-0.027976744944861,-0.7056985060551452,-0.0368615861300688,0.0799164397589225,-1.2605845218746694,-0.0937452933309675,0.1944050085010114,-1.7203862902100528,-0.1479617676909224,0.1637727592977097,-2.0859857372485044,-0.1894800744393997,0.4855921766361726,-1.165368393941714,-0.0899214958211535,0.7142845457175994,-1.2126975249235297,-0.1150468609737146,0.6450737639850502,-1.0610789689358593,-0.1247721687611091,0.5473557978033354,-0.9780257974400768,-0.1335331615521488,0.5869922916321476,-0.8023906057367857,-0.1077467651012961,0.7825040844307364,-0.8604899733718284,-0.079269973454678,0.6833432138695085,-0.7555341436201918,-0.0517799449283765,0.5768168785961425,-0.6815748876745567,-0.0556577322126362,0.6341300209006391,-0.4282045354940711,-0.1239272123789197,0.8027078579668997,-0.5072437174002566,-0.0925115461400273,0.707930553474249,-0.4341800036173713,-0.0348015163841812,0.5978656206716162,-0.363267613970023,-0.0215897757541727,0.6476242307178859,-0.0693473305158354,-0.144251997897707,0.7867211465698363,-0.1692987057142082,-0.1132404100472469,0.6947273365057149,-0.1320488978838625,-0.0445811908167731,0.6019690866719137,-0.0808220966463602,-0.0043336846444621,THUMBS_UP_INVERTED
0.0,0.0,0.0,0.1025859848876131,-0.395395893353792,0.1174670266031805,0.0689445229240309,-0.7065329288375466,0.1610506673236554,-0.0200712080912436,-0.8712867287415708,0.1812707488527058,-0.1260817853599005,-0.9184991766669304,0.1971491739633759,0.0838115512227681,-0.9942862955480972,0.0821696469618162,0.04821541045688,-1.4848721182164328,0.1082378953340063,0.00267773913829,-1.6968719201451072,0.1429317739959041,-0.0360566250230605,-1.837621361446506,0.1718230583822438,-0.0510018648768713,-0.9982612971724122,0.0295498282014338,-0.1355248850195051,-1.4768025403594225,0.060328250419877,-0.1914071021270027,-1.577138814400786,0.0949381485094027,-0.2231347602819601,-1.5954118888147777,0.1273364844757927,-0.1805705922350428,-0.910949138281844,-0.009812186358458,-0.2752647749844321,-1.0408054547746617,0.0381486247441235,-0.2605965089684012,-0.8864844174369527,0.0642593838723353,-0.2227899461561601,-0.7646481407491018,0.0822420933125571,-0.2967225604732665,-0.782937199115846,-0.040891457300216,-0.3387792685240047,-0.8211664215642412,0.0085454005366384,-0.3182994325108558,-0.6977144234843718,0.0421469121507528,-0.2767279777433118,-0.5970411442712249,0.0699883116480872,PEACE_INVERTED
0.0,0.0,0.0,0.1667573534211738,-0.1878612539804974,-0.0791189181006837,0.2489080433671834,-0.5396655021094743,-0.1096647605438426,0.2815538326769237,-0.8272758982015176,-0.1376944364125659,0.346969542732006,-1.0310440703332542,-0.1655569823389978,0.0821619746219734,-0.9903367419910342,-0.0624303598158898,0.1057220432738303,-1.3559368956125062,-0.1240996729729987,0.117390981910529,-1.588853969448858,-0.1757226635109119,0.1219569952815343,-1.79547784557126,-0.2167651880739746,-0.0277900710678713,-0.9968812703598984,-0.0738609826341203,-0.0691480193484177,-1.4053495732072785,-0.1293870057500604,-0.0919472479079226,-1.6750476864039647,-0.1786622486382131,-0.1172369849962989,-1.9063455065212012,-0.2158064770254988,-0.113402432647464,-0.898374026294506,-0.0967857410535113,-0.1749672470299017,-1.2738815417220528,-0.1592103370864685,-0.2050841988251694,-1.5179023475800202,-0.2078728877349275,-0.2334117512266611,-1.7461810304684953,-0.2429726076583462,-0.1801713310013081,-0.7151727597969193,-0.1276290040215198,-0.2697359557738408,-0.9131841906800916,-0.1986672187540842,-0.3288068567682801,-1.0705028854744456,-0.238824759628982,-0.3835933748823623,-1.2278281954236747,-0.2644629110877404,OPEN_PALM
0.0,0.0,0.0,0.1493703142417324,-0.3784069558075753,-0.1663024814254303,0.1086782634207254,-0.9470593926844098,-0.2273220509893455,0.0140009668933258,-1.3565348333953724,-0.2728485026577777,0.0544123188521271,-1.6602731263501984,-0.2863264432228804,-0.2955705684266898,-1.1462453596814874,-0.0893318743166373,-0.434299808067325,-1.357016426517158,-0.2393647926921289,-0.263530008153201,-1.0909948949656456,-0.2838674885964944,-0.189422545488718,-0.9604748624436203,-0.2892260516049774,-0.4166669416099498,-0.9072372910464808,-0.0575252770880214,-0.5212196626399883,-1.0224727668042353,-0.2186699925254101,-0.2740314246997032,-0.755873244492122,-0.2162311865858257,-0.2231455211101351,-0.7472176056855565,-0.1718540125556705,-0.49543309672078,-0.6319031154697567,-0.0596209318785216,-0.5556914977875291,-0.6739218190413432,-0.2289607367731493,-0.3187399779592947,-0.4831319283561523,-0.1745887399866434,-0.2633615098214195,-0.5031597230368786,-0.0927424346300875,-0.5508123550032357,-0.3336349934454025,-0.0760602170440736,-0.5751470302558628,-0.329690196627494,-0.1796239239795671,-0.3908590417870693,-0.2521620005380876,-0.1502294097539044,-0.3279022969780754,-0.2932799392879584,-0.0986022764718175,THUMBS_UP
0.0,0.0,0.0,0.1705107164085118,-0.3162534291406215,0.0792932475650139,0.2468389550129551,-0.6940162233160269,0.0983626052647548,0.2415911847504208,-1.0559194550995223,0.1057612305806888,0.2408501853157727,-1.3260763353241234,0.1025992810320645,0.1303885799771513,-1.0269056194480672,-0.0224114055541928,0.0692360543992334,-1.5951077773554685,-0.0390163385769784,0.0133703283994444,-1.8776667801719396,-0.0335107744578006,-0.0468542752002092,-2.06687811436683,-0.0236326158509447,0.0028759029976786,-0.9971376816631572,-0.0755524519084061,-0.0738193505637677,-1.5897641064889012,-0.0910696104630797,-0.1592688796131073,-1.8597082769435112,-0.0787433598152977,-0.2393171695553777,-2.010550587929308,-0.065120116223659,-0.1350761401704886,-0.8958170208176423,-0.1161434018576457,-0.2044950747913658,-1.4743054942404417,-0.1248731533447801,-0.2718769579190249,-1.7363105443414364,-0.1095856143595552,-0.3333514753505991,-1.891807240602315,-0.0976936084072683,-0.2781782409217906,-0.7371179692122176,-0.145747677874082,-0.3864319021210543,-1.16550373717974,-0.1560034843128703,-0.4552970386317251,-1.3504325797210013,-0.1365228377762485,-0.5176237890473925,-1.4717614798157308,-0.1141217268693438,OPEN_PALM_INVERTED
0.0,0.0,0.0,-0.2482440360917034,-0.0599673806624072,-0.045508525019969,-0.4692022423747841,-0.3547732313643254,-0.0563339984845019,-0.5617219966710385,-0.6381043153456779,-0.0766853005842618,-0.6589610063496422,-0.7951189403889503,-0.0938911186235634,-0.3848570911990422,-0.9100849513911388,-0.0358858960810506,-0.4758447236455556,-1.3303887575844555,-0.1042281451906826,-0.5226891848719603,-1.5748540742026886,-0.1344952948542691,-0.5616904168418282,-1.799571137532723,-0.1490677338095924,-0.2483509216674921,-0.9671444156534124,-0.0543461036075864,-0.3079473465080445,-1.15459370813643,-0.2032300613249728,-0.285495088205609,-0.7979576955341615,-0.2393720684187047,-0.2623820827073889,-0.5444471156172337,-0.2209641895444031,-0.1132869929333153,-0.993505713810494,-0.0814310362249844,-0.1525548672620357,-1.1979159466922258,-0.2297494193851551,-0.1471584317411002,-0.8667311330061325,-0.2236325958032012,-0.13326387846919,-0.6351743930917056,-0.1670651910064733,0.0280808984499172,-1.0091764538565398,-0.1108754581038758,0.017562957685877,-1.4202130805757611,-0.1991386336671217,-0.0049641776776724,-1.6647691356172905,-0.2061677535029872,-0.0276036286328929,-1.8998109454620784,-0.1848768934330645,ROCK
0.0,0.0,0.0,0.162497635016524,-0.3792576791715786,-0.0087958036673125,0.1482104538831539,-0.8253692983742484,-0.046685084360123,-0.0205926886280982,-1.104975163614032,-0.0877902315101375,-0.1558278016003878,-1.2758629710404177,-0.1300696207891262,0.192721739788922,-0.9878898872583484,-0.1184052693396875,0.216146428555555,-1.6112619480995196,-0.1904879369249862,0.220474300215358,-1.9551784114618984,-0.2179026617946294,0.2139554018238051,-2.2208618218478757,-0.2243337816606122,0.023706007097156,-0.9892265496864886,-0.1444605780926922,-0.0221352686008291,-1.6627909786584607,-0.2074795707612186,-0.0586951746350467,-2.0534388473509826,-0.2287933544719498,-0.0945277633536329,-2.3470728619975967,-0.2351836711692621,-0.1390630707487247,-0.9294055679184756,-0.1611444365969659,-0.1664199438649135,-1.3258119214127395,-0.2150179478323012,-0.1219827242178931,-1.146335630836854,-0.1874995135188214,-0.1025285207310153,-0.9700894298586824,-0.1466895721228451,-0.2765025557246106,-0.8365000558104967,-0.1771042640588003,-0.2488121842649791,-1.0459196666391313,-0.1956249824616088,-0.206774711401387,-0.909469600117941,-0.1497973356224969,-0.1959563667790641,-0.7789384285660872,-0.1010283575052482,PEACE_INVERTED
0.0,0.0,0.0,0.1348067190897589,-0.486931614507213,0.046994002086304,0.1818326969867,-1.0299565340519816,0.0131545126071528,0.1673395523786553,-1.483701591825499,-0.0240982160689319,0.1439472307297468,-1.7961840121716792,-0.0774127903393114,0.1691383809069035,-1.094525881941564,-0.1998453029303623,0.0781656919656233,-1.801701165055986,-0.2946408655125202,-0.0185277305506808,-2.1615221947021843,-0.3353014436974723,-0.1081345992516718,-2.413589794364281,-0.3558654893810147,0.0375773362814169,-0.9619178923944862,-0.2707432586221545,-0.1057738183175211,-1.746439317247422,-0.3529651179713254,-0.2433057887648973,-2.109343969966423,-0.3715124152110748,-0.3545013587443277,-2.3294338640005443,-0.3862615966614212,-0.1186773781742956,-0.8052208763810529,-0.3248965391442036,-0.2528730647772231,-1.533901511760739,-0.3805311704964506,-0.3664600544395499,-1.879458098359435,-0.3881206136321104,-0.451765446106936,-2.102842166109397,-0.4003796707101774,-0.2810547601222256,-0.6281721804188659,-0.3684254523694515,-0.434486353473143,-1.1103499970282915,-0.4222457543099024,-0.5309921681061329,-1.36034882771703,-0.4296825119275245,-0.6077521078129597,-1.5647749155678128,-0.433521793997825,OPEN_PALM_INVERTED
0.0,0.0,0.0,-0.1886482697845992,-0.2283235682855455,-0.0371917861851425,-0.2861579057197888,-0.6062971345786915,-0.0594267794711394,-0.1952324504548395,-0.8083116195119417,-0.0956336971231112,-0.0612991051593435,-0.8727843216468787,-0.1322262441275528,-0.1759495033747145,-1.0552164790489134,-0.0284673726570281,-0.1810493699985964,-1.5209996451992216,-0.1083222783719685,-0.1817627930662321,-1.8139352068899095,-0.1662747841983843,-0.1818191663504411,-2.0650334451675474,-0.2105605484875456,-0.0410704004567601,-0.997241892545946,-0.0618209507990719,-0.0750810048648563,-1.281142540815258,-0.1992338626619502,-0.1186255357222666,-0.9690575765235416,-0.2347922010611399,-0.1332918939450785,-0.7237235065562785,-0.2245391902708061,0.0882920566535727,-0.9008620483770526,-0.1034612370982241,0.0602354014907972,-1.1606092072732663,-0.2185373682031246,0.0059599696931488,-0.8552639974968043,-0.1883669885392297,-0.0070056120182106,-0.6358006128172591,-0.1337488957699532,0.215286288513687,-0.7688921900436919,-0.1508472498103907,0.1901424354728583,-1.0021278964435687,-0.209520892403222,0.1214064353054329,-0.8187258996277631,-0.1694361008286918,0.1025224797222826,-0.6664014545008667,-0.1210687636723093,POINT
0.0,0.0,0.0,-0.1670376721900394,-0.088560717584423,-0.1147221328537745,-0.3271837143056978,-0.3189643589115152,-0.2053686106141218,-0.2674743511914881,-0.5657326016398726,-0.2949435986358666,-0.102072243313819,-0.7460735874717416,-0.377439969505568,-0.3381261146156293,-0.9306029752580608,-0.1538204589221187,-0.447952968742257,-1.440768331304106,-0.2900794235843032,-0.5044127845367605,-1.721012707159556,-0.3715183783730485,-0.5553572874458816,-1.9875825437802856,-0.4318485433356983,-0.1694417481320066,-0.97142856073552,-0.1661807611526841,-0.2431843887778323,-1.1192575141299863,-0.3471955689416671,-0.2195114616640964,-0.7125563277067527,-0.3654840283150101,-0.1854431320975953,-0.5714903309453291,-0.3443670267344833,-0.0120991039671946,-0.9290825112392082,-0.1954819806409732,-0.0618227022298616,-1.0012639684227198,-0.3471266173507389,-0.076260731029485,-0.6404240053183513,-0.2789025980450769,-0.0605685433712473,-0.5517050248303412,-0.1997665313812969,0.1411246327600081,-0.834047945070319,-0.2394575204660058,0.1068904393271404,-0.9456213918584888,-0.3235154480595864,0.0596257525236353,-0.6876276129566641,-0.2688349362128723,0.0500789432726077,-0.593322739214605,-0.2094581661195692,POINT
0.0,0.0,0.0,-0.2543400625638418,-0.151923864288028,-0.0578088080297138,-0.4096432930052324,-0.578283323057287,-0.0799166749145842,-0.3686820764054676,-0.9836683130661164,-0.1149960102202592,-0.3002286523745915,-1.2568878684211326,-0.1349620702320659,-0.4338299405896257,-0.8763240997853468,0.0341704765244097,-0.5062541439179769,-1.276727805889642,-0.1018493721575435,-0.4177087178365509,-1.0410079513527628,-0.1810081502664368,-0.3502853731288439,-0.7927301141888117,-0.2041994756823933,-0.2794130276219401,-0.9601204109311836,0.0098568001134361,-0.3403443054177984,-1.370837906595079,-0.1256713002619557,-0.2643109736945305,-1.004202671611055,-0.1623635640966139,-0.2249542420218204,-0.7488808247203484,-0.1404727238541892,-0.1194131489020749,-0.9701824568057288,-0.0389099385760374,-0.1675733684725487,-1.3086448618525848,-0.1738633387741391,-0.1216812487949594,-0.899304174704595,-0.141986184345726,-0.1050870238853889,-0.6458623028029185,-0.0727526948414236,0.0433249437943017,-0.9223795560285102,-0.0942247695319024,-0.0093198111472899,-1.1492951204251622,-0.168481194366642,0.0055361147923095,-0.8733047800496152,-0.1230348507419426,0.0163631790800746,-0.7015366461837748,-0.0608060109435289,FIST
0.0,0.0,0.0,0.115456642000079,-0.1787201223112277,-0.0720323570691248,0.21100447823293,-0.5486102080194777,-0.1250296138301307,0.1923805370324522,-0.88876374820522,-0.185365791408025,0.123540387594783,-1.1279128511425236,-0.2432419911254673,0.0730047089558046,-1.030287584428106,-0.0328192776835725,0.1092643086019907,-1.367787793936225,-0.1050978831035151,0.1295585349450239,-1.6107876111517785,-0.1287494218622324,0.1354668946526348,-1.80804438766846,-0.1431773074872036,-0.0693803589513164,-0.9963719315549592,-0.049288333317594,0.0482677685371601,-1.119030914471102,-0.1659782102330265,0.0863805680732515,-0.710703127634172,-0.1653733962198678,0.032888575898367,-0.6151671236384243,-0.1307049051378343,-0.1766500627314633,-0.8958564954497538,-0.0782345829933158,-0.0588792485222033,-0.949604723447808,-0.2253216558440439,-0.0115787168754569,-0.5783661506519906,-0.1779923558585209,-0.0732099303796605,-0.4910262015178774,-0.1075940729437082,-0.2867800643529901,-0.738493561109849,-0.1112543560944811,-0.1793763265427066,-0.800697959214709,-0.2130270401310668,-0.1109881297681607,-0.5563750651256947,-0.1721371321091307,-0.1463311189810469,-0.4809527003788309,-0.115750363729832,POINT
0.0,0.0,0.0,0.2282922474922513,-0.1420493183383508,0.0296934148742079,0.3543542784692809,-0.3331141337362943,0.042365761043227,0.3610253798383356,-0.4930291632220405,0.0549862612985539,0.2855294488845357,-0.5340478745483614,0.067229019734097,0.1820877092499711,-0.9911635073430192,0.0080846343417492,0.2169714319340266,-0.9339579883145646,0.0185990480295652,0.2058471255828619,-0.7635750796356809,-0.0006470017586814,0.1789880743490028,-0.6726186788083743,-0.022464928492186,0.0262383649242844,-0.9996280661587864,-0.0074348876081034,0.0578995198989577,-0.9174029058626242,0.0438750018299116,0.0618526148404485,-0.7557817418089856,0.0467263736624501,0.0490957503200376,-0.6538881176797406,0.0264929029013192,-0.109484692319093,-0.9111764049380572,-0.0148881815981264,-0.0785168836206288,-0.8237309860660709,0.0238017859799887,-0.0652986610418038,-0.6844380333809126,0.0282692161143503,-0.0690686004998323,-0.5730279174054359,0.0138866554139407,-0.2279968945467967,-0.7936471415022299,-0.0194811383707919,-0.1979713088751221,-0.7319168048759013,0.0052672431126946,-0.1768988712002593,-0.6025626882754662,0.0273796817914066,-0.1745598748689238,-0.5065038558452564,0.0404916534882789,FIST_INVERTED
0.0,0.0,0.0,0.0424928031520202,-0.8216760187594029,-0.0495566338549235,0.2624307026308173,-1.418067796872638,-0.1020648975749187,0.4664870114792212,-1.8822326734940105,-0.1465083305623016,0.4874009570467977,-2.309939087370408,-0.1769378261764909,0.6645586724191944,-1.1136080144507703,-0.0884377124109408,0.9137700710268372,-1.202942374018568,-0.1108760262203947,0.7846869896464719,-1.1507045640584923,-0.1258643680776322,0.6588484326447089,-1.0995898925184429,-0.1398329624200791,0.7443441566336476,-0.6612418080757938,-0.0933329938338995,0.9649309170125028,-0.8035048352614041,-0.0602048492365691,0.8370285821700267,-0.798835499418086,-0.0368294278018217,0.7156821390917424,-0.7251397649454175,-0.0439272818146328,0.7583248992528576,-0.240335790647039,-0.0961743026146411,0.9547901292420264,-0.4159147797360008,-0.0627988017869948,0.8395039722116577,-0.4129947957465835,-0.007054478144527,0.7136869632845155,-0.3360013263436982,0.0051241564270868,0.7384738454476941,0.128548777081097,-0.1028668693636161,0.8958592234507865,-0.0509115039793401,-0.0705323136943206,0.7954478342580744,-0.0641881962420657,0.0008009628898468,0.6940395167966863,0.0035505949895414,0.0439123140647003,THUMBS_UP_INVERTED
0.0,0.0,0.0,-0.2507070128231957,-0.1493464103628032,-0.0682488561606275,-0.4161622693287403,-0.5718155589036371,-0.0887847092292152,-0.2928328062336327,-0.837455683451956,-0.1168188943787517,-0.0710943112114353,-0.7525654562918556,-0.1270820824380071,-0.3359743681146498,-0.9355689466012528,-0.0037816344377834,-0.427294278172763,-1.2577666680878177,-0.1163419404616151,-0.4023372964680893,-0.9135089390215712,-0.1616860736203304,-0.3471643378515285,-0.8075763079257582,-0.1802513949256361,-0.1938466122758338,-0.980860261175878,-0.0183477234329336,-0.2863781955637584,-1.3278244121969354,-0.1314552432738296,-0.281837670738175,-0.9229371423054114,-0.1255255591004529,-0.2206505430649997,-0.8487731977393412,-0.0864023387504096,-0.0466543896089944,-0.9656605905160632,-0.0587611770100664,-0.1354510891889231,-1.2856131302928135,-0.1552925015820159,-0.1435940593762929,-0.8879110230109353,-0.1048278045503938,-0.0760037058881235,-0.8000377215076947,-0.0395211570759069,0.1156327459033947,-0.9200227340332272,-0.110984648779776,0.0086629359808013,-1.0794523516484786,-0.1527595895361782,-0.0214427775966549,-0.8338957529403384,-0.1180687048055445,0.0365370787177419,-0.7631568536418251,-0.0780134601080673,FIST
0.0,0.0,0.0,-0.1744205839394124,-0.4166678138755226,0.04579878048124,-0.1807145981995833,-0.8312853483105164,0.0242520297625886,-0.0957953040250216,-1.1679798351154274,-0.0036938012708062,0.0143275857111766,-1.3490799726083562,-0.0375477526630667,-0.1907141276021814,-1.001520930028072,-0.1149824599143261,-0.17021303912297,-1.5811943672041564,-0.1781927480954744,-0.1438598930893287,-1.9160086797687632,-0.2097399363938875,-0.1283475417178488,-2.1879376830698427,-0.2300571199494321,-0.0319515080100858,-0.9872308746905838,-0.1560586466478108,0.0576498221339801,-1.427182386180223,-0.1861915460711836,0.0624393314463197,-1.2561642718008894,-0.1449601505276803,0.018339192732518,-1.0649294711897113,-0.1133320297452599,0.1414821976939265,-0.891632239571839,-0.1844867318926796,0.1850457008047275,-1.1961127494545698,-0.1752089006094439,0.1799756885046251,-1.0537827065004983,-0.0926025908754892,0.1469589515114712,-0.9043426073622562,-0.0440816551620392,0.2897876122874043,-0.7540865881518768,-0.2108429242228865,0.2895305048572655,-0.9735547090370006,-0.1666719895768997,0.2653143967903421,-0.8451503843511684,-0.0817862884377155,0.2432994207698773,-0.7234864172983027,-0.0253773333231652,POINT_INVERTED
0.0,0.0,0.0,0.1849429608818683,-0.1453451177567042,-0.1034303892452199,0.3096178420869327,-0.444898672794437,-0.1542536681318797,0.3730540920134326,-0.7153964488140259,-0.1984391107896574,0.4596906738772572,-0.9286651812078376,-0.2411887632705684,0.1723263743766243,-0.9516952819390738,-0.0900604164414917,0.2294338799330659,-1.3147635802397524,-0.1621909781012885,0.2582816418710012,-1.5488722934599248,-0.2211776857111536,0.2770246040699581,-1.7645224123997778,-0.2663373319559483,0.0496679733507743,-0.9941146001802528,-0.096276965737829,0.0468967495518887,-1.4234394548881637,-0.1598363240873246,0.0452275488239966,-1.702704917111494,-0.2144983264099055,0.0371746778677888,-1.9477621847443003,-0.2540721881652188,-0.0578979899384895,-0.9256783441994098,-0.1151691480543654,-0.0930745936327565,-1.3154487900601404,-0.1839147880528526,-0.1095449497531784,-1.5675228360853246,-0.2318711124337704,-0.121646362871576,-1.802598497615138,-0.2643141077772936,-0.1526509386088478,-0.761023865677038,-0.1438784510579437,-0.2400222999062748,-1.0027215990327094,-0.2154925428761279,-0.2951144939187842,-1.1687653901329171,-0.2485492421687172,-0.342804065123285,-1.3346573560327293,-0.2676258984338424,OPEN_PALM
0.0,0.0,0.0,-0.2038783828212692,-0.3617359044321772,0.0394089713271027,-0.2342600695804873,-0.7076059238867037,0.0322416282571791,-0.1466398902619972,-0.9919567763563908,0.0204094138867124,-0.0244901019784301,-1.1291493858554154,0.0144112812630044,-0.184459965903976,-0.9908466101252524,-0.041852630306625,-0.1941793543255847,-1.3513865064764488,-0.042090788992494,-0.1622713609573852,-1.2202022761981426,-0.0188088676309939,-0.1528337098891063,-1.056318078946598,0.0021692545997791,-0.014155513632949,-0.9975114593899598,-0.0690688773580407,-0.017493853649186,-1.308784186882418,-0.0366238350569689,-0.0128339068197463,-1.1695599869371172,-0.002538994928709,-0.0246902620609959,-1.0105341082257064,0.0120978513628407,0.1452140076119665,-0.9420947674997046,-0.0860701076390716,0.1248582086997568,-1.1433424552976703,-0.0436681974679156,0.1147032829438502,-1.013508033081313,-0.003717237512671,0.0962559519529022,-0.8712158124065396,0.0066321462783461,0.2804663711972395,-0.8479881634024782,-0.0998530208709007,0.2384041399084687,-0.9803513434454504,-0.0524109757856428,0.2189590349801668,-0.8575133071254044,-0.0008057313627409,0.2054837904938075,-0.7321789788065683,0.0305195422169235,FIST_INVERTED
0.0,0.0,0.0,0.2092725600001701,-0.1911740330546723,-0.0043951764251859,0.3413811386192519,-0.5042108192891507,-0.0087103244378653,0.4186860379346109,-0.8102242854509751,-0.016299479325488,0.5238934325204195,-0.9845298463455612,-0.0288713151360871,0.1612188001290198,-0.9632462763716017,-0.0095275686010715,0.1264211258300198,-1.3522657398603557,0.014548789802911,0.0968757457695347,-1.587794064869142,0.0276081758099404,0.0800457283274273,-1.762573611174686,0.032356366297645,0.0173276959212392,-0.99970308568017,-0.0171315917417998,0.0048766784770963,-0.931866730311006,-0.0156525358736291,0.0130043932406053,-0.7419805581661907,-0.0333433953216269,0.0339408783729372,-0.6305998168225366,-0.0451921893986168,-0.1147435444071598,-0.9187015715397538,-0.0160429946910094,-0.1272694865276227,-0.8615189097153954,-0.0413557536841669,-0.1092770201752599,-0.6733758527223151,-0.0485514764914365,-0.082445178681826,-0.5662762379169957,-0.0442287901717056,-0.2376678958981349,-0.8048500525422243,-0.0099657130131631,-0.2999675161632185,-1.0899682173341974,-0.0191064411489191,-0.3392418158248581,-1.2565982165202183,0.0004678753335543,-0.3624729311932271,-1.403601175744824,0.0234246591303462,ROCK_INVERTED
0.0,0.0,0.0,-0.1920304263817348,-0.4064647786968381,-0.0190374845528319,-0.213925825625142,-0.8632418580022131,-0.0760280942085921,-0.0914891241204804,-1.1718792681596508,-0.126870006555282,0.0417419128799691,-1.3360498213550087,-0.1806578469334403,-0.1145619944103395,-1.049332531421415,-0.2422263052123769,-0.0364819868794452,-1.7389365068399452,-0.3435085651209593,0.0190050598296326,-2.1232580047232363,-0.3958464410640275,0.074575942907148,-2.414427623845371,-0.4241131020140847,0.0800451911224566,-0.9601583121537832,-0.2677476105965604,0.1993104864140309,-1.6811577983737551,-0.337554604312333,0.2728124102037284,-2.0763971023018635,-0.3488173956697385,0.336064800539327,-2.339219549346078,-0.359140856947127,0.2627488215155228,-0.8103244497270056,-0.2773634002206601,0.344360033007382,-1.433754122404844,-0.3245117344220427,0.284400907196045,-1.3352731257685713,-0.2700039710623152,0.2340706032647988,-1.1233073783151188,-0.2243452606678306,0.4037527259191478,-0.6354947203093341,-0.2880245077695701,0.4207642536416087,-1.035048372736263,-0.3200707916633499,0.344701558726241,-0.9733192784669208,-0.2660336170215684,0.3047645461244593,-0.813685428241159,-0.213317385801151,PEACE_INVERTED
0.0,0.0,0.0,-0.2291151107153396,-0.1805696739263957,-0.0276509716482109,-0.3897883621920203,-0.5359684030825458,-0.0321870251728517,-0.4585564597448956,-0.8141315339357572,-0.0494701565700195,-0.5293835325322231,-1.005045607598329,-0.0634475671142807,-0.2065109102576296,-1.0074906315046035,-0.0226773757831481,-0.2401272703162899,-1.4812708111419468,-0.0881348157406085,-0.278331099498774,-1.756354516826509,-0.1172415464759231,-0.3126138968344482,-1.9913676341819695,-0.1362393899427738,-0.0874306925763924,-0.9947526418306104,-0.0531324342246207,-0.1811125227249159,-1.2144559241350066,-0.2052333101710892,-0.2052609178699163,-0.8721522833481407,-0.2345713743641787,-0.187390405960645,-0.6227777733199714,-0.2138364680129594,0.0335834423188474,-0.9575758755211252,-0.0917606441623841,-0.037642905017906,-1.1685123113790352,-0.2372980359863074,-0.0639859141198908,-0.844703884786906,-0.2116899264472082,-0.0524861604979633,-0.6178947793088102,-0.1472920170553354,0.1658818959852756,-0.9145711997228162,-0.1336575608650392,0.2146286600221819,-1.3060712843851028,-0.2323849347343241,0.234425447527285,-1.5512135135801963,-0.2389410022623105,0.2548476720888316,-1.8013295544793273,-0.2187701061137767,ROCK
0.0,0.0,0.0,-0.1679589902848717,-0.2169774535834985,-0.0571361369286864,-0.2725046783769462,-0.5665928058665204,-0.1013267671486907,-0.2178628509751201,-0.7836952665991203,-0.1561239271195972,-0.0895347625100509,-0.8237291556713949,-0.2112703275611686,-0.1549347555019892,-1.0683543033891956,-0.0723458556888845,-0.157092597028759,-1.568148126860244,-0.1669239540243205,-0.1572506038279587,-1.8696038457213515,-0.2295648057211186,-0.1602806988179212,-2.1365346594702457,-0.2776997418413442,-0.0119839068306295,-0.9944206847792408,-0.104804044102605,-0.0525206210798265,-1.27911118310013,-0.2625758344064416,-0.0943116016908122,-0.919373048320415,-0.2928965701132227,-0.1100054522350405,-0.6564441412910741,-0.2755095823309771,0.12513383419877,-0.8718764841390356,-0.146301016708133,0.0846572464306845,-1.1236624160991513,-0.2843173427541539,0.0287871608658759,-0.7730008630447912,-0.2436361326853791,0.0083147931925762,-0.5451049998075674,-0.1769657755150521,0.259549519132829,-0.7094032661959363,-0.194418360589045,0.2327177273643058,-0.9250215816482656,-0.2702929633853194,0.1606579575296387,-0.7193395167721583,-0.2270438282142412,0.1291961470574867,-0.5744475615640816,-0.1735750789460753,POINT
0.0,0.0,0.0,-0.2681428013750023,-0.0158912666036336,-0.1206854855161629,-0.5187255374181687,-0.2557359517585784,-0.1892597290719787,-0.7061056115825325,-0.5086316946753164,-0.2587453117932111,-0.87568951063899,-0.6606312582326008,-0.3259415772717988,-0.4177957993088166,-0.8959050618723778,-0.1193948688051601,-0.4786187862617941,-1.386662527383105,-0.2160448175915429,-0.5137933000782031,-1.693967640810201,-0.2595940560247353,-0.5429534566862737,-1.96932227746469,-0.2850608399919324,-0.268950608426126,-0.9561358267791588,-0.1160596871293006,-0.2434037104343391,-1.1471735050507432,-0.3096816513207889,-0.2062409905023027,-0.7601599185336982,-0.3583152089064046,-0.2055188781160979,-0.5049342395525915,-0.343873448083814,-0.1242584626591995,-0.9830163854477082,-0.1269955698444898,-0.0928546639150703,-1.149489658057118,-0.3227133828382212,-0.0780109097189768,-0.7885122680906451,-0.3201637043791501,-0.1033252935150397,-0.5605800402545154,-0.2611429271668055,0.0190610703105467,-0.9954741724523706,-0.1444218215338044,0.0223776935482649,-1.391818289967929,-0.266571541864363,0.0280739917118081,-1.624047835581216,-0.2775992429672482,0.0166265627844413,-1.8721443776308,-0.2544163079642525,ROCK
0.0,0.0,0.0,0.0264766270787264,-0.6698281717563834,-0.0763223452602885,-0.0465275723433903,-1.2047902795220242,-0.1483511741662216,-0.1914029860534964,-1.644836448145484,-0.2073974874332401,-0.2026196265058846,-2.0502667226261164,-0.2569486755176023,-0.5683593199869336,-1.031511024886324,-0.0964492719429284,-0.7087445024353828,-1.398104707007528,-0.0989165814681005,-0.5927429476137059,-1.4164336550675614,-0.0956046700802283,-0.4837911364873953,-1.3188753106891278,-0.0915547958790166,-0.6875363876671392,-0.7229857663108035,-0.0677148236769583,-0.710318939936543,-1.056323837446349,-0.026141145041586,-0.5799881462143361,-1.0474530808308409,-0.0114135123296784,-0.496675446937673,-0.9344763246812504,-0.0171349825183293,-0.7224084959269186,-0.4141527703964542,-0.0368406091060135,-0.7221479005836166,-0.7126713079884212,0.0092560956393791,-0.6167841385889571,-0.7045239794678361,0.0298370666074084,-0.5303208118194336,-0.5984681589589198,0.0227392074627858,-0.724122431675065,-0.1419114264597586,-0.0118179152668218,-0.7472758109427384,-0.3585423900822124,0.0266721371487816,-0.6532021187540942,-0.3681614601583121,0.0622789606378684,-0.5724436744395203,-0.3001746411522923,0.0854305216966066,THUMBS_UP_INVERTED
0.0,0.0,0.0,-0.1938854256566909,-0.1774476961243145,-0.0831691103585965,-0.2850362754910603,-0.5316205191763363,-0.1130976812732497,-0.2793751905303916,-0.8611998750622235,-0.1374541775120895,-0.3415338252607153,-1.0949366163559198,-0.1618118046930412,-0.1356143530296836,-0.9862352927639494,-0.0431520378054068,-0.1251946749136702,-1.3785448203983643,-0.1031121692636851,-0.1038221308823257,-1.617135976488162,-0.1602149529858339,-0.0761559968109832,-1.83405951546832,-0.2033566418845945,-0.0148085560136746,-0.99860029412541,-0.0507755772141955,0.0005675273143527,-1.4362937062084156,-0.097432205280716,0.0207439458429472,-1.7057815325122976,-0.1490471438111607,0.0426408357625523,-1.94472538832164,-0.1901920773016109,0.0862483185920511,-0.9283531614105284,-0.0731202591649561,0.1068509994839257,-1.3250267890290612,-0.1223669213775123,0.1204757675451625,-1.5718390717692712,-0.160664643843092,0.1337526166876003,-1.7939266980583617,-0.191364208839327,0.1910482003366042,-0.7957133917610719,-0.1056964298217233,0.207919183510771,-1.1017112680451673,-0.1519673905635554,0.2116813138525818,-1.2980211251510887,-0.1741077414759843,0.2126913479714589,-1.4887094802702592,-0.1920056457910177,OPEN_PALM
0.0,0.0,0.0,-0.1624603841741144,-0.2424450211373044,-0.0301134023607507,-0.2517571264637662,-0.6394606762191125,-0.0514038408742929,-0.2231775274174347,-0.8829782930032226,-0.0901838485248459,-0.1258733511302746,-0.981857895581842,-0.1299506921766592,-0.0566130247083177,-1.0717512863451002,-0.0023854008702374,-0.0341340534341886,-1.541912203795173,-0.0833451168700858,-0.0440057738807229,-1.8249087470524388,-0.1388408573038261,-0.0566582876959706,-2.062740509623929,-0.1811121586412103,0.051994005398621,-0.9976626335856942,-0.0443383913720977,-0.0432105169037179,-1.3295783166136923,-0.1952512015543639,-0.1454933475115625,-1.040517493134915,-0.235570493686538,-0.1794408625723936,-0.8042434631415281,-0.2231018779037014,0.157888822421169,-0.8909870986064174,-0.0966926147141233,0.0502046086200753,-1.197548101878071,-0.238207731375093,-0.0424522932802471,-0.8739577910457006,-0.2091115856272436,-0.0571463049992103,-0.6455810551131999,-0.148129705341367,0.2675503429798523,-0.7425587892469844,-0.1534053637283816,0.1615082155065793,-0.9634802996313424,-0.2425696774890064,0.0704824270885858,-0.7418738093671701,-0.2108294017340275,0.0622267324618295,-0.5642684295243868,-0.1621417032778129,POINT
0.0,0.0,0.0,0.2059747196447612,-0.2087357245087298,-0.0617301152736379,0.3497987727908114,-0.508756518460275,-0.1144144109160903,0.4583498712727196,-0.8044584274351472,-0.157172076583784,0.5834230111757945,-0.9691759545225213,-0.2024800070944769,0.1881097437186259,-0.9480879833387994,-0.1492355696478222,0.2437055202681561,-1.4242265058251729,-0.2087080055521364,0.2687783072041385,-1.7339819105359102,-0.242773778485554,0.2838815649512353,-1.9791912178573017,-0.2681777813856691,0.0432322431001494,-0.9867720106672968,-0.1562433106412875,0.0633788761632674,-1.4933755064748646,-0.2130197722388408,0.0595946208314992,-1.8439085182443131,-0.248712453378708,0.0532783347732065,-2.1106069175904114,-0.2784436335431838,-0.0945874804448528,-0.9477605717217064,-0.1626107621951163,-0.0957160637713106,-1.4087286659585656,-0.220885839311648,-0.086605603698298,-1.7198994066538684,-0.2690483824285059,-0.0731491526759556,-1.953216444015406,-0.3054260540857247,-0.2220459459417387,-0.8565934370371177,-0.1702974305278388,-0.3136342931751149,-1.1802467159126326,-0.2383550442598229,-0.3775384070015331,-1.3971069801819014,-0.2824051476698271,-0.4263603058754172,-1.5917341648085372,-0.3101542927481477,OPEN_PALM_INVERTED
0.0,0.0,0.0,0.1725021410821258,-0.2501237113204445,-0.0247240107645368,0.3180812012011824,-0.6425894784979033,-0.0483975127079866,0.3851996405908983,-1.014329511903329,-0.0671723632568111,0.4860696959663581,-1.2476640802267962,-0.0902950466525559,0.1786372228068812,-0.9943280308354489,-0.1149482463755573,0.1179381263284546,-1.5216167988261124,-0.1535861681605977,0.0683425491240354,-1.8451868275442027,-0.1697821892587492,0.0285951820607821,-2.0911790185142105,-0.1812706177789459,0.0390643135648415,-0.9928408595058986,-0.1128760696573736,-0.0836553205832588,-1.1944057736343483,-0.1565889269385442,-0.0871901857696523,-0.956589025053979,-0.1497255592540582,-0.0523777902341594,-0.8010616233908078,-0.1397600263747002,-0.1037707994534312,-0.9198547999018342,-0.1051206608367798,-0.2335009651155845,-1.05944490881229,-0.157013568752082,-0.2276642776382322,-0.8478001890074915,-0.1355064667103332,-0.1813026380883082,-0.6928586427165673,-0.1086455762149909,-0.2586488803012081,-0.8368217339890981,-0.0942892613167086,-0.358170295009786,-1.234619931698566,-0.1327348034772085,-0.435560003051396,-1.459537728951519,-0.1246918002010078,-0.4899877537653684,-1.6671249269792985,-0.1090536266817185,ROCK_INVERTED
0.0,0.0,0.0,0.1327410851968187,-0.3589227818722381,0.096033356685605,0.1440827076729493,-0.7189035271459006,0.1357598150306876,0.0705541287677748,-0.9879856642503132,0.1593859441381698,-0.0434878575792746,-1.065891021576364,0.1773887637802711,0.1250655827705982,-1.0121574818392938,0.0789823335235803,-0.0414650354759491,-1.1740469533207925,0.125290030779936,-0.0689587307389711,-1.0418041007726069,0.1494265589314082,-0.0451587194171655,-0.93742956739684,0.1615750836989824,-0.0243668474332449,-0.9989367370131808,0.0391363282849117,-0.1625650930839599,-1.1319746546928215,0.1090966887224501,-0.1827608499785648,-0.9900557737405018,0.137184852897946,-0.1455002267231903,-0.8675030378075618,0.1426293492751144,-0.1712434311289923,-0.89898786202554,0.0126800431397793,-0.2723215681169026,-1.0280769153835607,0.0823567280671966,-0.2790010952705919,-0.885869409862719,0.1160185713904493,-0.2386114190741358,-0.776991794190802,0.1184054359315651,-0.3024214599294732,-0.7522242290310565,-0.0057980875740505,-0.3549913134286867,-0.8984284987912993,0.0579964691696375,-0.3464109803305209,-0.7724980223646039,0.111220922975873,-0.3168951980012749,-0.6659193577338087,0.1421770105055064,FIST_INVERTED
0.0,0.0,0.0,-0.0430323661134021,-0.6680870878272563,-0.0284827493077874,0.0510702950451806,-1.2338498419904276,-0.0793326408581078,0.1480444704657018,-1.6991075132957445,-0.126990668565974,0.1088648471831964,-2.048912846160317,-0.1624193301711459,0.4451523358126318,-1.1769730605892077,-0.0949835265921156,0.6721790761567235,-1.2810177644971694,-0.1032938091992633,0.5837014308968319,-1.1680222860061145,-0.0958361997747801,0.4789490300904863,-1.0822913230338478,-0.0931246383190786,0.5582906417826434,-0.8225529226286958,-0.1082508603795589,0.7566253495238403,-0.9672841365500634,-0.072624887537294,0.6481120776734599,-0.8954669189150812,-0.0361920412555959,0.5453399400833095,-0.7984900915254548,-0.0326672368989494,0.6154746727473478,-0.462580319067159,-0.1156837023068623,0.8130376574789044,-0.6321013824793471,-0.0788910939216504,0.7123230690617322,-0.5858199753592317,-0.0177119010976915,0.6033517642615946,-0.4908749351569891,-0.0008219703904306,0.640118285084648,-0.1277495191819881,-0.1247571778176666,0.8127857204139016,-0.2947822778679527,-0.0903607182322693,0.720137664309572,-0.2829685132093309,-0.0192684619329381,0.622456928548855,-0.2157592813211601,0.0234477885751769,THUMBS_UP_INVERTED
0.0,0.0,0.0,0.1484925739848609,-0.148382573119822,-0.1031919976840902,0.215801453991469,-0.4583096284193225,-0.1449488918124935,0.128614310024742,-0.6750300479708037,-0.1874743000139499,0.0278560003075715,-0.8195606810770258,-0.223567283499339,0.1788151909119493,-0.9828172426925952,-0.0650276057651977,0.2564549854934557,-1.3830316139077952,-0.1464571664772758,0.2984428504052105,-1.6497324351820957,-0.1940762139100899,0.326624269938522,-1.8775847131070396,-0.2180326501316326,0.0409426657201617,-0.9962068879183524,-0.0767823846188589,0.0277790378967891,-1.468640073584863,-0.1775496820369164,0.0140874632133472,-1.7848198950695535,-0.2355215940870339,0.0028650832946966,-2.0461603703710365,-0.25507217100844,-0.0763427010479233,-0.8989585797619135,-0.1018811898499505,-0.0881194776874208,-1.0457020254084224,-0.2581826316667943,-0.0286312581402541,-0.7308698100073199,-0.2808597349110884,0.0126547783357059,-0.5068423538271646,-0.242001451901806,-0.1780815653511043,-0.7315922636053094,-0.1335609257392548,-0.1838674007810511,-0.8734983448222454,-0.2507199514530391,-0.1192363543327324,-0.6609877500431884,-0.2421158451624974,-0.0669072622649819,-0.487735814685834,-0.2003911897858812,PEACE
0.0,0.0,0.0,0.1888713467276358,-0.1122610330182298,-0.0842970545345462,0.3263576495350394,-0.4117283268205763,-0.1087001797578022,0.4012978708680222,-0.6839234349807122,-0.1275957761961794,0.4884981311782099,-0.8511842458764527,-0.1432798800275196,0.2068880683397445,-0.9252971541720488,-0.0420407101987762,0.2855242887641082,-1.2588191879938928,-0.0875053007827471,0.325090485606801,-1.4784706206188698,-0.1293194642248517,0.3515940049970719,-1.669716178750642,-0.1626603070273705,0.0859657275964129,-0.9954320939230638,-0.0415311939000594,0.1170661357990227,-1.3937601666725483,-0.0789350587311603,0.1315521600061702,-1.643019285889454,-0.115693350744334,0.1382103581661451,-1.85343215119538,-0.1433439243734411,-0.0258223763135637,-0.9698919552644631,-0.0540434654600238,-0.028789313613299,-1.345999511973052,-0.0969597593457098,-0.0260562482506507,-1.5787290883521008,-0.1339089216133486,-0.0206094280522697,-1.7899647966660348,-0.1610062061810492,-0.132856603979426,-0.8584673541435522,-0.0760949361648952,-0.1933136619240635,-1.1100100325687965,-0.1235275018830774,-0.2262754797604994,-1.283969093087744,-0.1495979089517848,-0.2464829627710477,-1.4586111740957377,-0.166302654591135,OPEN_PALM
0.0,0.0,0.0,-0.1802138766281054,-0.3687907900612075,0.0762563927302347,-0.2165940360791114,-0.7113921982451307,0.0736379079176387,-0.1318719163679965,-0.9640004074603014,0.0548093489693724,-0.0080369718439915,-1.087719604400165,0.0274633204098886,-0.2287443679164326,-0.944206475169048,-0.0477172077539402,-0.2539539726619172,-1.505385815984671,-0.0782726872434632,-0.2512176559566847,-1.818963669584342,-0.0892804985331638,-0.2551472316681488,-2.0609646046611925,-0.0980118265635959,-0.0879861772416248,-0.9914699503155074,-0.0961549282968414,0.0193891200253694,-1.39896059825691,-0.0984344315213376,0.058394473632374,-1.2376965850493709,-0.0566198180187524,0.0373352291594821,-1.0628240151826358,-0.0265372521520423,0.0738065504827512,-0.9506722739702564,-0.1310227241538684,0.1470599224482317,-1.1849341868203385,-0.0930583381076092,0.1563168081048976,-1.032216264430992,-0.0220663742978961,0.1299390169108398,-0.8910154092309226,0.0120629982226552,0.2150895609081578,-0.854527778574031,-0.16249203979641,0.2477242940639001,-0.9826539035124288,-0.1033994749576286,0.2384912638504433,-0.8541918549859853,-0.0299249647071327,0.2182837560692699,-0.7395019433007425,0.0167783449244195,POINT_INVERTED
0.0,0.0,0.0,0.1707025267787215,-0.2934475945374506,-0.1272646108398234,0.154235453332452,-0.8729033324063934,-0.1621366290669612,0.0615086316403439,-1.272077981399705,-0.1837972782907269,0.1054770241460543,-1.5463461186129102,-0.1770934770426346,-0.1460277760234946,-1.1197102830276149,-0.0591523989236629,-0.1743411478554169,-1.366206920678707,-0.1720294712032207,-0.0543895685009475,-1.054339699006316,-0.194146711203449,-0.0587315992269243,-0.9272242223333242,-0.1942859784218479,-0.2906173320312112,-0.9560369831117642,-0.0391772031367327,-0.2888520072179158,-1.139956525145817,-0.1693438178154679,-0.106961757523697,-0.7883077852086274,-0.1635482130465451,-0.132214650895891,-0.7428633910755161,-0.1252053555829939,-0.3968612389340733,-0.7391668381943323,-0.0448683837290866,-0.3695285098216075,-0.8604820818509772,-0.192079091517602,-0.1804051804800282,-0.5734795265015705,-0.1397482115493095,-0.1949777999603889,-0.5298698074288668,-0.0683669142028019,-0.4861679012238032,-0.4894404604634413,-0.0595575332440736,-0.4289259050044641,-0.5632610278629059,-0.1522305843564179,-0.2679272073549665,-0.4062215072749396,-0.1194307196085219,-0.2598362332463555,-0.3809011107566461,-0.0712834709594772,THUMBS_UP
0.0,0.0,0.0,-0.2092930318495335,-0.3056752442936612,-0.026758132883382,-0.3181651818304268,-0.6833785480884111,-0.0604662952236274,-0.3475083861326047,-1.0690160499878711,-0.0873747535830344,-0.4308917593901157,-1.3112283412744978,-0.1212265185687736,-0.1232908571847122,-0.9665757685787392,-0.151851636402691,-0.1626274636687812,-1.5729622295058836,-0.2237874939456267,-0.1778497816817153,-1.9304918939617088,-0.2591793671186398,-0.1788503406707346,-2.221853452793304,-0.2798121686436133,0.0540089217457499,-0.9833424248213232,-0.1735531962205875,0.0456110720996723,-1.6512166520717235,-0.2447491691100518,0.0454064741879615,-2.057606968767404,-0.2874694853538631,0.0585621977048507,-2.3716705977847377,-0.3175149739328355,0.2119196126451216,-0.9175980365453004,-0.1881356757547169,0.2681223218852614,-1.5379417572949083,-0.2595316437511609,0.3019027596047269,-1.9207208526280968,-0.3063146320737339,0.3324710879042151,-2.2066514908463635,-0.3366505511484175,0.3418255429955415,-0.8018096214158703,-0.1983445994060257,0.446140916292609,-1.20294833239803,-0.2623431795030579,0.5047129678892784,-1.4590050823770897,-0.2900923709400191,0.5537609737301616,-1.6960234650799242,-0.3051462327826172,OPEN_PALM_INVERTED
0.0,0.0,0.0,-0.1828049152049531,-0.1623815471817215,-0.1105854682792288,-0.2875675431333684,-0.4884907669319275,-0.1618447770981209,-0.3339494011153193,-0.7938209937543366,-0.2020927852779131,-0.4355842323432078,-0.9765695149833994,-0.2427251178122653,-0.1662130272040482,-0.9633259158529066,-0.0913967529592853,-0.1784388155621326,-1.3690221685588566,-0.1619078656419037,-0.1807830079184241,-1.6231510396484463,-0.2220845088441737,-0.1750840242416703,-1.853495485397021,-0.2682141308773578,-0.032209354305191,-0.9953114676500052,-0.0912010957151033,-0.0154812695323249,-1.4361221328908615,-0.1506706418092971,-0.000763742314991,-1.7159698490982285,-0.2079590001473224,0.0127509498694142,-1.9662882844583809,-0.2530026834655264,0.0847718501730711,-0.9356556263618722,-0.1058162610681806,0.1155407344525887,-1.332190990984324,-0.1721822244050264,0.1274056959460675,-1.586779999084741,-0.221869927992516,0.1354098572788112,-1.8195798881986485,-0.2593622569542015,0.1947873937047942,-0.809460450162429,-0.1307617949245859,0.2535352565131855,-1.0922335595342134,-0.1932888521455817,0.2905107884788332,-1.282942380114772,-0.2252121282051537,0.322091414977349,-1.472024878824585,-0.2492531343138326,OPEN_PALM
0.0,0.0,0.0,0.1716241880582139,-0.400265593051945,0.0767375906812359,0.2628651411908931,-0.8337632268978655,0.0717065494715169,0.2658683273882647,-1.2131970696105572,0.0535016723418189,0.2420055835720346,-1.5010426609037102,0.023212529001834,0.230898770681268,-0.996809893676569,-0.0993987584081148,0.2158658626184406,-1.7017365790612968,-0.1583317597014648,0.1709456904358448,-2.048298997490263,-0.1738923840718543,0.116599728591674,-2.287921497200124,-0.1756309976406494,0.1013467039576551,-0.9801354779924102,-0.1704795893281916,0.0779865401317649,-1.7351897609051858,-0.2229414616250006,-0.0095700948073161,-2.098557435586559,-0.227459357907556,-0.0956105012373929,-2.3277612793988327,-0.2273286271048853,-0.0519840993269591,-0.9306347150883068,-0.2274854638207118,-0.062262255285488,-1.6111188016999825,-0.2579383133722414,-0.1213960452612774,-1.9544384522646616,-0.266918601143719,-0.1759460247252891,-2.18171715420363,-0.2774998564499455,-0.216153009368891,-0.8465446234372833,-0.2726659816586121,-0.2869583927196408,-1.3006369139752962,-0.3043672500045791,-0.3583619252901107,-1.5349507113003005,-0.3082101062804531,-0.4310964020749518,-1.71886922944253,-0.3076985986898189,OPEN_PALM_INVERTED
0.0,0.0,0.0,-0.03283453101888,-0.6674740427792241,-0.0316248699767247,0.0761685401151556,-1.19721950367983,-0.0812592560618924,0.1715643302335296,-1.656877850493817,-0.1277191293976802,0.1093943973479477,-1.9993916783712675,-0.1631181870155997,0.4274158416116861,-1.1879956844405974,-0.0863607748329482,0.6485510731395187,-1.2524848760869218,-0.1036186184101511,0.5703816188038355,-1.110364850061314,-0.1079921497374899,0.4737926543430914,-1.0206623907170775,-0.1140136129586015,0.5429659770569615,-0.8336529336745255,-0.1010481763043569,0.7286378168612847,-0.9181493669617056,-0.0661144956415323,0.6303231399079124,-0.8251079960458291,-0.0365175404751664,0.5307126581335336,-0.739194501927698,-0.0393530400462725,0.6058944252022438,-0.464787970181392,-0.1120231162067967,0.7755642728227209,-0.5762306058039052,-0.0779497141497926,0.6817965061858284,-0.5109154288609989,-0.021065917596352,0.5755815630547504,-0.4263859257529249,-0.0073428602840184,0.6332724357736177,-0.1194538947622998,-0.125499317670172,0.7776222039758242,-0.2419171432259515,-0.0942578991400985,0.6872663305842689,-0.2062207423046491,-0.0260793259039708,0.5949597178728528,-0.1479513377765791,0.0146931752240966,THUMBS_UP_INVERTED
0.0,0.0,0.0,0.2429444271178328,-0.1492764363220297,-0.0838888940784115,0.4133465912328766,-0.5590020594625604,-0.1092724635371207,0.3254139877110625,-0.91026279495414,-0.1294502963310781,0.2049786444671721,-1.094139945659033,-0.1318106260121008,0.3138735403247208,-0.9460051052848492,-0.0390469260897404,0.398330724188783,-1.220103821414566,-0.1494664967950429,0.375084230206076,-0.893906266709733,-0.1924202704592963,0.3294512618313946,-0.6398655385188537,-0.1960623892347169,0.1562266986368018,-0.9869597517261802,-0.0387771466929012,0.2521037367342615,-1.2792844784713022,-0.1566779601285871,0.238448148915362,-0.8504901351465874,-0.1683198334248136,0.1962705494230028,-0.6007795089474235,-0.1383775074031445,0.0015349661967433,-0.9797873441296692,-0.057580924369193,0.082197071997642,-1.2371862165795642,-0.1857682093352222,0.0919179475762851,-0.8157919076400515,-0.1519212382208047,0.058651980136234,-0.591498452176587,-0.0876508667245885,-0.1638770070894177,-0.921966677797761,-0.0809760952123366,-0.0631921103943208,-1.1331071130797148,-0.16266154787361,-0.0238682122712102,-0.8268619551798017,-0.1240935567716896,-0.0395548426660093,-0.6489893625902774,-0.0697465971266109,FIST
0.0,0.0,0.0,-0.2272419776493531,-0.3165871236326617,-0.0082947018121027,-0.3826170092481457,-0.831357815357447,-0.0541835967670101,-0.4501025727127295,-1.273973188187209,-0.0889520402881898,-0.5777662910719087,-1.516068669597522,-0.1251971431119457,-0.2760415590375966,-0.9858224325768776,-0.2519855433412144,-0.2724042918976543,-1.747774162016923,-0.3444510965955419,-0.243435617373347,-2.1616702551811797,-0.3780303903069339,-0.2271495655569761,-2.5139871276146173,-0.4047766503837143,-0.0890637334934281,-0.9589948702044572,-0.2690659590095851,0.0019157037457993,-1.6267903494915452,-0.3641922416559611,0.0273889952812647,-1.38987615603228,-0.3134924566961612,-0.0027785735492454,-1.1614668733782896,-0.2663904522493464,0.0928863602300153,-0.8677823146279126,-0.2728726037012275,0.1687103214017902,-1.4786868538660478,-0.333750622249071,0.1940892733620711,-1.2840684864733451,-0.2352714564886279,0.1776842530235324,-1.0657568579178114,-0.1602274030477972,0.2575623530335389,-0.7662103956206178,-0.2748849760639369,0.3475151915130694,-1.327642661970727,-0.3440440229348568,0.3902618343918073,-1.606544498412127,-0.3322573852558214,0.4011114209499062,-1.861298508995284,-0.3157355648132731,ROCK_INVERTED
0.0,0.0,0.0,-0.0382501245328979,-0.6866997453983468,-0.0265590458381794,0.0604552587004294,-1.219407106714045,-0.0764544244809384,0.1431874777924324,-1.67371899473486,-0.1245099568183379,0.0871081082810605,-2.019511339084393,-0.1609085134051472,0.4495743974974927,-1.1811366504193153,-0.0884625862882657,0.6740488291436645,-1.2568874745443128,-0.0941602359508837,0.5809833246293618,-1.1230774993516104,-0.0876877169551047,0.4763492376491158,-1.0350998757234169,-0.0876724028155706,0.56216447389742,-0.8205359428633185,-0.1034015026827073,0.7498258755409315,-0.9292941472155436,-0.0609665327029891,0.6409053971269819,-0.8557106508985441,-0.0251752034224597,0.5407477180461593,-0.7665990090029356,-0.0254247811431606,0.6177663320304384,-0.4500927624159759,-0.1127876272795693,0.7952835146350411,-0.590639201351371,-0.0724003103625333,0.697253639937347,-0.5425562947668788,-0.013511787895086,0.5921889756457804,-0.4504382123506542,-0.0002085292943464,0.6394445505385293,-0.1087171607956295,-0.1239792764576702,0.7966280711464733,-0.253054808255063,-0.0873740888404199,0.7075331506998481,-0.2385280494507964,-0.0166953445448038,0.6139378802791191,-0.1733828043434748,0.0246625052229533,THUMBS_UP_INVERTED
0.0,0.0,0.0,0.1552735981814753,-0.2987225095791661,-0.0946368649427869,0.1919684650046828,-0.6986350812460999,-0.1502834883289824,0.1503431152693433,-1.042420782674021,-0.2070798330848181,0.0757817480011178,-1.3240875508505123,-0.2550162440537563,-0.0165626292506172,-1.0818482550210622,-0.0576049392533939,-0.0975506325761227,-1.465790613202186,-0.1408671270238598,-0.1609069761189013,-1.702700402277919,-0.1663941557590313,-0.2429835939687416,-1.8961935449381648,-0.1811131889589592,-0.1379078123801511,-0.9882523116575112,-0.0658695968418372,-0.0406494496010389,-1.2379746083422491,-0.1913144266481331,0.0580827150277471,-0.8659011073621568,-0.1835046578356178,0.0219879272706522,-0.7622468681657266,-0.1411839300285217,-0.2288886541732185,-0.8586901537032123,-0.0914546790757003,-0.0997548960488421,-1.0056524758799696,-0.250033554901481,-0.0142812005911415,-0.6518721265939006,-0.2010992384156741,-0.0754810698596194,-0.5712754838086747,-0.1260631189881022,-0.3131295160334054,-0.6876078035370431,-0.1233592375398213,-0.1885102938558597,-0.8105101269179477,-0.2347885079103839,-0.1054079644132335,-0.5830695173872374,-0.199031011845469,-0.156241409275509,-0.4972441615474092,-0.1458853387707281,POINT
0.0,0.0,0.0,0.1900041656165521,-0.1330788680296663,0.0530027303649085,0.2639854680917596,-0.2801973498764668,0.0701647421198601,0.2601203441859069,-0.3943269693591428,0.0798342419261549,0.2156174582992402,-0.449523617801942,0.0887427336049616,0.1808779827783749,-0.9509772116954972,0.0486066061160899,0.1582829792914246,-0.8885039672085309,0.0632461713452362,0.143501198775096,-0.7191481427721998,0.044392816220006,0.1362381607634315,-0.6209595155848282,0.0251017315416578,0.0280645849591654,-0.9993240709573123,0.0237440577065969,0.0048152708236377,-0.8799690501677937,0.0838368103865031,-0.0008248706974606,-0.7167339995047797,0.0864429353941606,0.0067975907558487,-0.6167199188212525,0.067312737955882,-0.1155968697601118,-0.9272183866985204,0.0069128158685837,-0.1303650922439378,-0.7990277317073559,0.0543360103336775,-0.1212033873606036,-0.6553920372498337,0.0561426774810466,-0.1060223227870722,-0.5496670421155444,0.0396403487450516,-0.2428376489941411,-0.810002009955968,-0.0058300722360847,-0.2519711531698699,-0.7115244610959651,0.0267227447367715,-0.2336558782227031,-0.5748367159747461,0.0488097266274052,-0.2171181969169574,-0.4802179187453196,0.0625107158721305,FIST_INVERTED
0.0,0.0,0.0,0.2166070619771713,-0.2178758312827523,0.0050244557101822,0.3477762938423401,-0.5305765606624396,-0.0006303520861789,0.4361512144437194,-0.8349961931816279,-0.0110064359867614,0.5469843602381899,-1.0168319167957247,-0.02830959648236,0.149889461947618,-0.9965981198476944,0.0439204376779755,0.134106082239234,-1.3894791144803758,0.1086259689446147,0.1195435688318012,-1.6012298442839332,0.1409850113422471,0.1128676428281926,-1.7446167434827933,0.1569067875132549,-0.0024544587134081,-0.9989822247748544,0.0450387634855422,0.0496788974730281,-1.016366573322179,0.1077996346111487,0.0712230036755163,-0.8500663103574176,0.1076968727614613,0.0809108160880111,-0.72349720762857,0.099850579708336,-0.1236369346033552,-0.8959917252822169,0.0557324977254418,-0.0737912770465409,-0.9165054966833712,0.0971004264925088,-0.0408180421930884,-0.7414093296304113,0.0997750484356852,-0.0292063058477836,-0.62210635634066,0.094844513127237,-0.2264238163119025,-0.7617929585327721,0.0708184850225962,-0.2701510956182421,-1.032095566912525,0.1209004760746827,-0.2834112235764941,-1.1748597270511982,0.1585069309558123,-0.294263835364722,-1.292983013815908,0.1823854832376159,ROCK_INVERTED
0.0,0.0,0.0,0.1588950945696791,-0.326502776405754,0.0520444730644072,0.1758542091837934,-0.6486896683168608,0.0701077887426433,0.0968747246029238,-0.8377099523923888,0.0782185022127076,-0.0119671133668661,-0.891502880377155,0.0814685294094508,0.1634715767741631,-0.966784752064292,0.0497115853128209,0.0722032372597165,-1.0378013979435945,0.0668030899253209,0.0533451287555214,-0.8946294638406983,0.059630618777798,0.0673817083841382,-0.7855696757067139,0.0495357010029523,0.0098240152928876,-0.9997253864479342,0.0212753475894917,-0.053615504770022,-1.0824067251149208,0.065239128144058,-0.0650370358610048,-0.9393602596200606,0.0742581415602212,-0.0459971451387816,-0.8053244429674947,0.0703008587174859,-0.1371244650064494,-0.928536618844368,0.0004794384689788,-0.1773328537842279,-1.0101160721677274,0.0421205946261856,-0.1719261581705126,-0.8715749310940143,0.059284512444421,-0.1443351989251965,-0.7543292882255871,0.0574378707728342,-0.2641789255617205,-0.8133831797413074,-0.0160871771680668,-0.2771375354593218,-0.8922375491468395,0.0182416340899161,-0.2603802309161615,-0.7639787077653202,0.0563169626505181,-0.240189798948791,-0.6546570260016038,0.0825488406320952,FIST_INVERTED
0.0,0.0,0.0,0.1872730476477741,-0.1135085476799572,-0.0888004949293294,0.3260903074972205,-0.4057734458994964,-0.1170911724491112,0.3970080061352056,-0.6839507095021652,-0.1397434904040844,0.4805102871959176,-0.8634550839858988,-0.1589030506379578,0.2129652006625848,-0.9227028907047736,-0.0446281039358689,0.2915075352009345,-1.2590185867398769,-0.094364400070045,0.3309954767559656,-1.4811434438672118,-0.1392604851472289,0.3586644603958132,-1.675059177615915,-0.1745755329243768,0.0910133214881654,-0.9948795684180298,-0.0439456443353214,0.1211427022523604,-1.3925328686784064,-0.0865243705402636,0.134257546546662,-1.6479609551032015,-0.1274873807406267,0.1413065721850804,-1.8679792223498812,-0.1578558395658435,-0.022374536614248,-0.9700660067921244,-0.0568377427240446,-0.0259749294133862,-1.3471320358116563,-0.1049991251801271,-0.0239417949452541,-1.581511015804158,-0.1441441475950947,-0.0174283293071864,-1.7957527961054058,-0.1721588004630358,-0.1308292980333509,-0.8582591462360177,-0.0795139527703312,-0.1904011885954964,-1.1101361393989304,-0.1319613810956689,-0.2228559988984374,-1.2855920251073774,-0.1599792442704531,-0.2421500777239481,-1.4619410496091656,-0.1773748980419039,OPEN_PALM
0.0,0.0,0.0,-0.2311578949721817,-0.139399343354337,-0.1101685875250909,-0.4105991816170981,-0.5327568415159017,-0.1804755900645439,-0.283792997179058,-0.8490158958866164,-0.2547898492828235,-0.0188500607895725,-0.8725918102957309,-0.3027883935412202,-0.3146496639919554,-0.9795517733027088,-0.1045786067592533,-0.3689407566347183,-1.4230271263823413,-0.2803074538440077,-0.3322904870672314,-1.095106745397089,-0.3479120435143957,-0.2865704281201607,-0.922557539664988,-0.3672550138756206,-0.1267183872289596,-0.9854476935740344,-0.1132929546252005,-0.1451325011072903,-1.2416217148658233,-0.2940267597024498,-0.1406889492830994,-0.8134431682198054,-0.2951786759696639,-0.1308813256656664,-0.7462995772123848,-0.253259877389105,0.0487112423241269,-0.9377231568073422,-0.1527792112291251,0.051667306817551,-1.0630293596964002,-0.3127799269855588,0.0129278013555228,-0.687163767036248,-0.2623856796996743,0.0017637108577968,-0.6347214810077754,-0.1842337960304489,0.2244468113827015,-0.8657189772325986,-0.2056646304548232,0.226165610591238,-1.049245535552343,-0.2815245004446888,0.1685014167119189,-0.8203477433508359,-0.2422838755277552,0.1442281898537617,-0.7223292507255552,-0.1905669928342114,FIST
0.0,0.0,0.0,-0.2068258664341575,-0.3631670357390071,0.03563858303727,-0.2523358409730198,-0.6916701935463344,0.0251719408529796,-0.1809659096093725,-0.9350545372565792,0.0100578944203374,-0.0725480832833934,-1.028629833684687,0.0001232164506359,-0.1987895870705688,-0.9893221532382817,-0.05291673502271,-0.1796100110152916,-1.3668861235256755,-0.0525897910390713,-0.1538359241276468,-1.223054115333958,-0.029802873446482,-0.1639628429465068,-1.0624522135360293,-0.0103692605166062,-0.0245754572404408,-0.9965090164669156,-0.0797861328901471,-0.0053771781940854,-1.322615188016201,-0.043395790555069,0.0008043651345473,-1.1880713309266666,-0.0090555396417989,-0.0207898080243854,-1.037345973599879,0.0038688804541015,0.1372622071504823,-0.9351836834577472,-0.095860210382111,0.1268595216018556,-1.1627693239160186,-0.044590956053378,0.1207754522559225,-1.0481797835705866,-0.0028437748670299,0.0947055304656022,-0.9122783896687748,0.0059695550623754,0.2735739747105508,-0.8344324452556497,-0.1093231899106876,0.2375277136572778,-0.9920587967357588,-0.0547137281324278,0.2193549592020154,-0.8906500869640789,0.000811080064089,0.1986861062878147,-0.7717064356883594,0.0332658287567201,FIST_INVERTED
0.0,0.0,0.0,-0.129338255408651,-0.5168111949753305,-0.1148339477095486,-0.0876051338302406,-1.1603013873202823,-0.1579065340293874,-0.0021506815513151,-1.6383844449718772,-0.2028930479268425,-0.004520511960635,-1.989804185732484,-0.2226666037867491,0.2643354633109857,-1.1870379258397152,-0.0171098854595465,0.4631340827928048,-1.4257968282072584,-0.1671768141051305,0.2908634325724556,-1.1703002428881764,-0.2377885598292553,0.1796125148063655,-1.0278478175422368,-0.2620971037543183,0.3791857121483737,-0.9250964748810018,-0.0203643773603477,0.5497402001048309,-1.0967417951703202,-0.1950396785709574,0.3062159436042613,-0.7956599803291072,-0.2324419653037643,0.2043185258035273,-0.7068208117225848,-0.2150977501034116,0.460240940024284,-0.6618212386313285,-0.0527064213203524,0.6108294556450778,-0.8166684211117275,-0.2301570078465639,0.3634572474722324,-0.5616792787517839,-0.187628491627972,0.2497949365823733,-0.483794530302628,-0.109640084352069,0.5246000476631046,-0.3872832624516477,-0.0931487372329721,0.6421892793826929,-0.5334529058407775,-0.1877335791730281,0.4600040325519238,-0.3892367100307586,-0.1386354501335104,0.360629849361113,-0.3517785025548746,-0.0752784880240774,THUMBS_UP
0.0,0.0,0.0,-0.178205854916771,-0.1496929291650354,-0.0961422722693079,-0.3176787671750405,-0.4783614008560272,-0.1448335656348219,-0.2757600350861192,-0.8493985546325644,-0.196304096814784,-0.1903225034769952,-1.1326453879917566,-0.2451331373646569,-0.3980291878474704,-0.9354243868963792,-0.0540615980108666,-0.5092862903235716,-1.388921843365077,-0.1497206681426058,-0.5707593637280718,-1.6688421917093748,-0.2069315446849247,-0.6193110650038912,-1.9196199325929888,-0.2469326787195641,-0.2451584695891715,-0.9668439178991456,-0.0714854055743244,-0.2934920927090552,-1.3572676817846718,-0.2330051262566178,-0.2823975561889856,-1.031491607849416,-0.268818307937256,-0.2641253378711446,-0.7867476384870548,-0.2438484108089221,-0.0902454583664287,-0.9209177065791024,-0.1043552735603843,-0.1339002636182902,-1.1465576984330514,-0.2572355094611624,-0.1314096758993925,-0.785792839628492,-0.2242961213039502,-0.1189752208424724,-0.6110867184071059,-0.1525673053491754,0.0591597345346711,-0.8148078555052157,-0.1468130456073245,0.0018916659269474,-1.0013786146663992,-0.2339630631784618,-0.0137669250040042,-0.7570205926034108,-0.1929682665784697,-0.0066424868293772,-0.6328465319777498,-0.1358085818486882,POINT
0.0,0.0,0.0,-0.2059179846038087,-0.1693436832950227,-0.0675872304377454,-0.3424618192844735,-0.4965854905892902,-0.0954865845637785,-0.3911906704603035,-0.7903132427925224,-0.120029794623783,-0.4515105674364197,-1.0115971915968858,-0.1448558161979531,-0.1976528236325779,-0.9652871234143832,-0.0459376021178958,-0.2395367303677426,-1.3303751678084523,-0.103798444188145,-0.2741365320548433,-1.5512078476535691,-0.1565154721111608,-0.3051412709371977,-1.7551923147496389,-0.198029852904697,-0.0692729986146318,-0.9955313646595348,-0.0641759584428719,-0.0841398192955576,-1.4160031966872586,-0.1141198128707412,-0.1033736567821036,-1.6779498783723636,-0.1664393492164187,-0.1259650470948451,-1.9104703776913805,-0.2072676405233853,0.0478017239889694,-0.9380511556152054,-0.0943777680646496,0.0562205678874979,-1.3253783304244162,-0.1530720314853689,0.0415344410726068,-1.5739108210856456,-0.1986879418276187,0.0176521141705659,-1.798706191925838,-0.2334994999603018,0.1609304278665778,-0.8115369481934837,-0.1314313330750069,0.2121711100626264,-1.0846084109915708,-0.188253895616963,0.2349115262442624,-1.2738599012652154,-0.2158671084320724,0.2453004921295775,-1.454940582570873,-0.2360566907293652,OPEN_PALM
0.0,0.0,0.0,-0.1462116132200555,-0.1689916774502136,-0.0830060711361082,-0.2686181405119069,-0.4732417506383635,-0.144938184104998,-0.1981816872637175,-0.749151460319384,-0.2128601895523152,-0.071223394108254,-0.9473709956911333,-0.2781087351805281,-0.2352855740820243,-1.0070425976186284,-0.0852394217880965,-0.2852525713587027,-1.4617873657967952,-0.1949372055027873,-0.3157573969647528,-1.7415237315489398,-0.2563368452438922,-0.3354033130806437,-2.000347331311737,-0.3008005183864242,-0.0893844902235753,-0.9897452627806638,-0.1114213970057211,-0.1455728170996792,-1.231253790308333,-0.27079711775617,-0.1674147978601411,-0.8621304361076605,-0.2903417620780455,-0.1486788601832298,-0.6929608850408228,-0.2654617211805553,0.048953467413414,-0.8934861571325615,-0.1523763990788284,-0.0108617824488546,-1.0475787956992937,-0.2995600247862174,-0.0527567650812314,-0.6822305092244741,-0.2448190601503003,-0.0375553160672391,-0.5651491982415556,-0.1690716460893137,0.1799211617952833,-0.742869923498601,-0.202901312443043,0.1112172275517126,-0.8754799509643005,-0.2829485776089854,0.0566025325732427,-0.6332438154191906,-0.2311231664039841,0.062719186547155,-0.5476256491341345,-0.1719640440977002,POINT
0.0,0.0,0.0,-0.1375789336580751,-0.2222966218261053,-0.0427782573746176,-0.2163015830681595,-0.601412063519416,-0.0744857625638634,-0.1182718815604281,-0.8660700662706494,-0.1221370989700816,0.0358416992646139,-0.9814571970796772,-0.1669783477849199,-0.0588619619400057,-1.0190969126836482,-0.0247919085433049,-0.0594821591911652,-1.4581178036281286,-0.0876361277838319,-0.0535493334414678,-1.7041553926096449,-0.1195495738856368,-0.0445355745609615,-1.911171653996245,-0.1365191911518996,0.0649769570420109,-0.9960524896167036,-0.0604767143777425,0.1183301081040703,-1.5037468775107683,-0.1363902501622314,0.130116513519172,-1.7887699159057444,-0.177262867759878,0.1398690971733619,-2.01862366660564,-0.1897361682070696,0.1710439752056435,-0.8772384488698314,-0.1051557790141605,0.0870361193414336,-1.124935615147107,-0.2222281499848503,-0.0086124547768147,-0.8626141638629417,-0.2347408469705177,-0.0435085163160534,-0.6545117720740868,-0.2033019562595432,0.2514408189483768,-0.7078477692581437,-0.1528181990000035,0.1562909153117775,-0.8966503570668174,-0.2325692958775103,0.0426691843135103,-0.7630496734818208,-0.2226652416685293,-0.0197474960356539,-0.6335093853011823,-0.1942265128793538,PEACE
0.0,0.0,0.0,-0.2046166199099885,-0.1761125369614032,-0.1154716996818678,-0.3313996247867201,-0.4806257486643607,-0.1591243237291969,-0.3666818534230666,-0.7990996991415061,-0.1902236706841397,-0.4212198729964153,-1.0605230993582109,-0.2155144441935931,-0.1859464276191891,-0.9743036063490688,-0.0527483346479806,-0.1879107153700796,-1.3610545755105394,-0.1154528646814526,-0.1816572258400901,-1.6013681682217584,-0.1773346337055277,-0.1721047003057097,-1.8193614847476487,-0.2229614755973313,-0.0680656955171715,-0.9968419105725768,-0.0409055793233434,-0.0708419910412266,-1.4153166178032712,-0.0889928394894893,-0.0712672714320082,-1.6811779242600406,-0.1404537872151083,-0.0735950589763708,-1.914429731293137,-0.1802910927059422,0.0355923289212914,-0.938467268014373,-0.0480651244156189,0.0418755114515382,-1.3206110329423764,-0.1015189603575979,0.0410723636865148,-1.5602163039216514,-0.1386315439528478,0.0363135814759277,-1.773948674910623,-0.1655630203550452,0.1467756132475373,-0.8255640645401604,-0.0683189982629827,0.1748082000871986,-1.1161483856063026,-0.1186041989622854,0.1852414583227584,-1.3031070092907135,-0.141812047415889,0.1906259486758637,-1.4873726694195333,-0.157581574811596,OPEN_PALM
0.0,0.0,0.0,0.2041281093193153,-0.2439971810620872,0.0906400164327576,0.2905634261397353,-0.5400481945240845,0.1524381307257435,0.3147940862940291,-0.7807731992924805,0.2036351628290081,0.2504852054893359,-0.8491328095259331,0.25273698636064,0.1661230098668873,-0.967496152035466,0.1175801758887312,0.2028656238171839,-1.0085488498561817,0.1658464522895726,0.1912708394111874,-0.8555523829933668,0.1692994450386068,0.169271509113328,-0.744890936761968,0.1666363322829285,0.0160556073310349,-0.995109073300756,0.0974687114295769,0.062516175882171,-0.9504832108871988,0.1836827795025362,0.0621360832537892,-0.7984298733490605,0.1929729768307936,0.0559888441953507,-0.6802857208539617,0.1815930047615687,-0.1206119381715735,-0.9252646037851652,0.0877456138228122,-0.0685510035253858,-0.8975826192974499,0.1616258352930616,-0.0593250631580637,-0.7657543974654752,0.1658161452903702,-0.0573001882537722,-0.6350782089607608,0.1507710773973895,-0.242014062467808,-0.8245105462061866,0.0864231265848859,-0.205306225033768,-0.8352192641627725,0.1437324911245278,-0.1904364479260735,-0.7154851881216335,0.170816264428995,-0.1829658644620545,-0.6038437543564271,0.1865146777532678,FIST_INVERTED
0.0,0.0,0.0,-0.2056948918722251,-0.3561066354107092,0.0416841162704614,-0.2453582072169798,-0.6911838398803586,0.0422266584492892,-0.1568491783570211,-0.9083972915086088,0.0335907169930641,-0.0397382093129713,-0.9979863841792388,0.0285454815102569,-0.151502411804832,-0.9945767865677896,-0.0293100281609788,-0.1954130767594946,-1.362066509813254,-0.034339000716838,-0.2032488416146997,-1.230951959381042,-0.0147244288863774,-0.1920864590137156,-1.0697231408295462,0.0055251665394438,0.0170339371534735,-0.9981051540828176,-0.0591265285499361,-0.0220540864708204,-1.4054877791384373,-0.058602448894136,-0.0542925596178419,-1.306340890566403,-0.0318096868416058,-0.0574530850765845,-1.157889115548364,-0.0082792193655949,0.1632330606743909,-0.9331647930757032,-0.0788830519968979,0.1290967876283291,-1.2964156502758013,-0.0698383791945496,0.0788865457789265,-1.213409273466479,-0.031776202030097,0.0606118873112798,-1.0879201216593613,-0.0039332260526792,0.2815270893048719,-0.823003056392287,-0.0933211012480267,0.2476548672051598,-1.143826281764108,-0.0575393812091059,0.192563129296383,-1.088248064451163,0.0022041091426534,0.1722900611564633,-0.9677623599437012,0.0475882712394257,FIST_INVERTED
0.0,0.0,0.0,-0.1671799807569337,-0.1537085304341724,-0.1048482167412199,-0.2454025658651679,-0.4291832272951434,-0.1723994967286146,-0.1308304874977647,-0.5890385970387194,-0.2414212991452281,-0.0070173329045186,-0.6891933806635516,-0.3047874155305212,-0.1786082743111133,-0.9982604968794448,-0.119356028258371,-0.1938505967274583,-1.4369343521147584,-0.2098891022435484,-0.1992646173383919,-1.7071321924083924,-0.2639834752559142,-0.2052129902383457,-1.9420464343291293,-0.2982418234882321,-0.0278930873162468,-0.9904329510395664,-0.1351463842469488,0.0011787934100518,-1.4497273895887444,-0.230523877693674,0.0241503224543856,-1.741101365886787,-0.2811065350996456,0.0409803761463281,-1.995418189739843,-0.3040545329754202,0.1009808330047038,-0.8628890366311055,-0.162439378872461,0.1121838403643729,-1.020798822538416,-0.294485968016996,0.0594551212288066,-0.7043572871369095,-0.2981895887639947,0.0204627297217923,-0.4765015017911175,-0.2607455289911909,0.2050773587538956,-0.667813414292681,-0.1980369762646198,0.2085171877578323,-0.7757630491622698,-0.2957666127536477,0.1499586136296284,-0.5782662387991689,-0.2796561275092225,0.1045499078299809,-0.424476482730241,-0.2421176876356572,PEACE
0.0,0.0,0.0,-0.2210796776284737,-0.2003865137669794,-0.0516643278382793,-0.3830462914354102,-0.6159457884206698,-0.0690742847541454,-0.332063183667946,-1.0488392969119713,-0.0999770057125089,-0.1894628651497631,-1.2944929795658202,-0.130858277291689,-0.3036938499538401,-0.9789297130196072,0.0383395297328479,-0.368063508143626,-1.4222226786554568,-0.0290351459511824,-0.4067393754459506,-1.6878922663676137,-0.0699990932653407,-0.4278536882475576,-1.934850869392248,-0.1034617548730057,-0.1594026647603623,-0.98717938653889,0.0082249170206364,-0.2156447897495378,-1.3652234832196222,-0.1438072532526297,-0.2335770408300296,-1.0308152624414857,-0.1826142842212647,-0.2075650010142192,-0.7694902785501049,-0.1590335956702493,-0.022821854409556,-0.9427166050015962,-0.0364680907110646,-0.0909556292346432,-1.2246798822495832,-0.1902936429765954,-0.1151910048584251,-0.8385447376909713,-0.1606969202025064,-0.087513182026697,-0.6070026087279224,-0.0879297409869236,0.1210047130022745,-0.8458158634529567,-0.0865620758374968,0.0191077625722174,-1.032390687275328,-0.1792398194310626,-0.0042120594842941,-0.7734782953495066,-0.1472744456330723,0.0335813190744847,-0.6219764132098159,-0.0954382084051971,POINT
0.0,0.0,0.0,-0.2054142841415831,-0.3672132887717919,0.0346230084644171,-0.2434564897897018,-0.7143792979452344,0.029635369267542,-0.1637488271660648,-0.9794426320352762,0.0184363414878777,-0.0571532397700743,-1.1183330884935938,0.0128210977457298,-0.1660146425499775,-1.0016637290997497,-0.0416912788789795,-0.1859255252354316,-1.3731475878813524,-0.0523969282420648,-0.1795527361389931,-1.2232088481481995,-0.0362960259910581,-0.1728947534974098,-1.0499973018208395,-0.0172708670088028,0.0091057939063386,-0.9975784882286725,-0.068951028569062,-0.0086603373217998,-1.389613615201727,-0.0615248466476543,-0.0264816673006115,-1.27056510965568,-0.0343571052917913,-0.0335237745815412,-1.115941409291721,-0.0146700956643636,0.1634836331682655,-0.9322746329334736,-0.0866009290945451,0.1371242297670918,-1.2635738012250075,-0.0703407304489327,0.1010619793061629,-1.1611259866181274,-0.0291307069154778,0.0824157346645133,-1.0299814881769802,-0.0046103202247224,0.2888295961824171,-0.8270714140236662,-0.099797980402454,0.2545255725937759,-1.1254425275839195,-0.063979478591369,0.2118614715541464,-1.0435947800640142,-0.0033758554563322,0.1944511989384394,-0.9144867688638862,0.0407191517389148,FIST_INVERTED
0.0,0.0,0.0,-0.2053615902192605,-0.2751091528102009,-0.0135998239200797,-0.2992885517589045,-0.6443591637619822,-0.0355652257321307,-0.3142624652517741,-1.0232493615173133,-0.053393154100818,-0.3728563178947197,-1.2848390209706595,-0.0754812324342727,-0.1188543589521772,-0.9743128381089338,-0.1177115312879302,-0.1461891165652148,-1.5516752877437574,-0.1777247996065412,-0.1570920864774465,-1.8822202480321863,-0.2024906711835362,-0.156803735436319,-2.14245309686344,-0.2137721498104687,0.0466100140765499,-0.988860621469596,-0.1413583315356694,0.0478555268256257,-1.6272265866624835,-0.2016145202549995,0.0511931837302466,-2.012502595828622,-0.2306207128653621,0.0593550277515119,-2.30538141353045,-0.2480880025442187,0.1923383318617554,-0.926663532169864,-0.1602743165461532,0.2397898602011875,-1.5108519954925663,-0.2241251866978349,0.2676166311701152,-1.8705526489394677,-0.2633933790129363,0.2808137444809886,-2.137031227375834,-0.2855879978749797,0.3133905039845492,-0.814030852247941,-0.1746759095109643,0.4229375463235112,-1.2068972484252662,-0.2261739310793327,0.4841790090583708,-1.451087084539736,-0.2475518858070382,0.5233880983650423,-1.6608697588895749,-0.2573547657945071,OPEN_PALM_INVERTED
0.0,0.0,0.0,0.213723879786079,-0.2253429475435621,-0.038279098184398,0.3477451416985639,-0.5352117020719899,-0.0676688533185915,0.4453776480560744,-0.8357212519721716,-0.0911977973457237,0.5651678897758902,-0.9925954989319776,-0.1159159854458553,0.1311180334030835,-0.9927914526786744,-0.0705477987667104,0.1425789143613553,-1.4486567286629377,-0.0875247128391115,0.1437606699002388,-1.713050941228597,-0.0978140718343259,0.14313878220906,-1.9073796232328015,-0.1081771246416062,-0.0138266845983462,-0.9973896087002972,-0.0708716533579258,-0.0251644911590622,-1.4625970760872615,-0.0766182850583578,-0.0417770009444356,-1.736528830496449,-0.0831848094366245,-0.0531590901560368,-1.91731076182616,-0.0942660224693482,-0.1365767449182041,-0.9185578025199972,-0.0718638351096919,-0.1566377510586205,-1.3567866379956923,-0.0864485056622494,-0.1603459102602714,-1.6017107221903777,-0.1124526326837544,-0.1623803783163379,-1.7632412838577105,-0.136988049270457,-0.2367472384111931,-0.7922574078141775,-0.0738972549218086,-0.3284984778219749,-1.0711686075550626,-0.1046231704204222,-0.3948527119912532,-1.249268602968624,-0.1299305017856183,-0.448783189033147,-1.3980870273025348,-0.1467081665530058,OPEN_PALM_INVERTED
0.0,0.0,0.0,0.1508881666174999,-0.296983852250433,-0.0794559973617424,0.1567780900406772,-0.7952584262349676,-0.0952459909015557,0.1036540515531831,-1.1068016711544857,-0.1054531642320767,0.1587106071542467,-1.2680348900197211,-0.0970924719589012,-0.1596152325736529,-1.0979081802026909,-0.0228105861502508,-0.12198175944541,-1.107484448328769,-0.1180977961857979,-0.0307277672923017,-0.8484951741877936,-0.166990950722467,-0.0206828078771922,-0.7645955522711901,-0.1928204748769548,-0.30927337564594,-0.9507763747741312,-0.0193459114007699,-0.233884560339474,-0.8517541233561781,-0.1118226947628547,-0.0926878552685426,-0.5989321993801819,-0.1233018763025427,-0.0871000428915579,-0.6018039620381839,-0.1143760454189341,-0.4075288611558018,-0.7271548961621513,-0.0358319860719648,-0.3175491379991731,-0.607952061550682,-0.1237014243710204,-0.1817672999272929,-0.4101767573551141,-0.0958584022836053,-0.1806211098686904,-0.420922347372211,-0.0632664266446019,-0.4730784195837488,-0.4861780228554291,-0.0628880746700479,-0.38117828859495,-0.3455100897389336,-0.1077261772614026,-0.2738052904274067,-0.2205183976298118,-0.0920541667401587,-0.2707214600977198,-0.2428156211130458,-0.0710265160256821,THUMBS_UP
0.0,0.0,0.0,-0.1475257257087406,-0.1189916660532982,-0.1432661288945511,-0.2044148925436097,-0.3789215101836021,-0.2295741499622751,-0.0628080761357177,-0.5648164437623852,-0.3073060857642414,0.0776805992783813,-0.7283730167995468,-0.3746758589337046,-0.2194671169174186,-0.9557387515809316,-0.1465406066667618,-0.2591127026986792,-1.4029407395587126,-0.2403769237905188,-0.2811328423101474,-1.6737839392904883,-0.2938649952409197,-0.2994301714163886,-1.906026565817122,-0.3268859076152607,-0.0765954035102982,-0.9869818072958894,-0.1414215550332923,-0.0506073608811243,-1.4482179622560325,-0.2411963114875328,-0.0197848559640551,-1.7223906264648614,-0.2872283729500542,0.008720002241326,-1.977113752215252,-0.3045910060692965,0.0509440511044785,-0.8986556571674514,-0.1523574200858529,0.0790311039474469,-0.9822718879445796,-0.2795843318302106,0.0238815448640816,-0.6649030411291105,-0.2819443144048612,-0.0167301846196281,-0.4966335537201199,-0.2466705850338183,0.1621359349709407,-0.7502236881666432,-0.1766278808435903,0.1752755891582683,-0.8147726199790811,-0.2680245197685718,0.116222769583401,-0.5966862075209622,-0.2563936539649306,0.0649520116572985,-0.4788855612940881,-0.2260142716930996,PEACE
0.0,0.0,0.0,0.1594967076264913,-0.1920715289695672,-0.0743437302701485,0.2559046898844057,-0.5347158842216723,-0.1291754768987736,0.2808995507855529,-0.8667715186990415,-0.1906787225687806,0.2339609410178159,-1.1340177159442262,-0.2490514343363055,0.1591572975096461,-1.0084190717976618,-0.0560689398969712,0.1967019816942836,-1.3875654242673647,-0.137422874311833,0.2263825712501313,-1.6477524080512989,-0.1689495780265829,0.2279014663190126,-1.867386842072051,-0.188549704510128,0.0267008590279964,-0.9970467451234024,-0.0720059175762377,0.1571335622025282,-1.1316798224738889,-0.1890838479504561,0.1789858473000795,-0.7441563829316582,-0.1842098853678172,0.1219249819797033,-0.6538559932684326,-0.1492334441674978,-0.0807510750899008,-0.9179520590073617,-0.1006882285588856,0.0560110203192381,-0.9606049946928016,-0.2434694104535975,0.0761654594954414,-0.6053338672906456,-0.1943395972059757,0.0091286806528878,-0.5367257011291539,-0.1259015710528951,-0.188772768838624,-0.7921052696787101,-0.1347321742650006,-0.0579086946925073,-0.8033628689731102,-0.2356616853433348,-0.0154828277554195,-0.5579200435924693,-0.1986777511111872,-0.0647987001810366,-0.4943141502602635,-0.1472763804800662,POINT
0.0,0.0,0.0,0.2293759019766951,-0.2319685769179637,-0.0383043889355043,0.5095819858799386,-0.6445502314994099,-0.0912362572013256,0.6755618516882748,-1.0453328130194477,-0.121736768435891,0.8277663460120043,-1.3114985117950626,-0.1569043869746394,0.3939735520781807,-0.9101284415000324,-0.2977310354906494,0.4292819100527207,-1.7068324567741815,-0.4107861617510129,0.4273746910151447,-2.1719872917802965,-0.4792298600264766,0.4143519708366082,-2.540681399688788,-0.5346482083967922,0.2186406514538619,-0.9330141279593236,-0.2857987098643623,0.1074273935622902,-1.5569394528925191,-0.3522274488104705,0.0668159367524485,-1.278756766993579,-0.3061328746413757,0.0998548799107091,-1.0888324161426943,-0.2887479286346016,0.0274011232999006,-0.9257350446980313,-0.2653853785414402,-0.079051465932104,-1.5241559464624554,-0.2957086187276188,-0.1065693961931469,-1.301229233127969,-0.2020976321599735,-0.0683857657907036,-1.0627835218163404,-0.1535293291167276,-0.1777250883486806,-0.9526128916518468,-0.2475959452570948,-0.2362681406785053,-1.5631462356906367,-0.3089709776498563,-0.3041486849625478,-1.8957268967848864,-0.3110401799967853,-0.3387579281548746,-2.1931731543574804,-0.3145323588130468,ROCK_INVERTED
0.0,0.0,0.0,-0.2439848853699031,-0.2559479152433782,0.052411483898838,-0.4255457202309104,-0.638169058119299,0.0322730183118419,-0.5181836156473524,-1.0244373147911507,0.0143279000983969,-0.6562346203484503,-1.202020790137195,-0.010423118879445,-0.3336727322804824,-0.920204164111492,-0.2131911549418489,-0.3737956677931981,-1.6597349544341935,-0.3055433053031593,-0.3667477544158553,-2.0928446331716306,-0.3466136416393152,-0.3606638838906501,-2.441449105661922,-0.3725642539611615,-0.1544557778099767,-0.9583268700143311,-0.2403185862759061,-0.0903174561056781,-1.532085189221114,-0.285612128985151,-0.0596086175240528,-1.3256217346796055,-0.2067421554622295,-0.0770012159397549,-1.113970177475501,-0.1539069005138794,0.028355627275888,-0.9085990089747936,-0.2521668572711493,0.0873875487217263,-1.4193412197218227,-0.2863446342790512,0.1105839764139189,-1.2671765229771126,-0.1829411242898528,0.0994056537534208,-1.0758461060728717,-0.1139676958427752,0.2059323889146288,-0.845745053615169,-0.2545262702217687,0.2568857860161966,-1.4084761654716096,-0.3073125663130446,0.2985947495356516,-1.6671077429700414,-0.2776440109885301,0.3132736447009077,-1.8868253074370027,-0.2495811980739809,ROCK_INVERTED
0.0,0.0,0.0,-0.0473887923211772,-0.8231343010418881,-0.1060910974724023,-0.1540198242470107,-1.4521594680056444,-0.2265425069282751,-0.3161010173095241,-2.017552252658112,-0.3272186421517311,-0.4147820298584166,-2.4954404922489366,-0.4060828891160712,-0.7002268320744929,-1.021515204490297,-0.2590673370665291,-1.099237938947304,-1.419525612512658,-0.3510647235168911,-0.9011115485013218,-1.4226305885081731,-0.3834401150649418,-0.7117606920083336,-1.2710842092108836,-0.3833182556028424,-0.8186346681637562,-0.5276385076674742,-0.2267926041714268,-1.0956532720494874,-1.0014351202079217,-0.2315657558930759,-0.9202444395076204,-1.0421175362321982,-0.2004681714573513,-0.7754633132975656,-0.9036608102301747,-0.1978906721099762,-0.8633469422548671,-0.1074838157521466,-0.19164769230542,-1.0584214491092494,-0.5852447988417587,-0.1612010966617692,-0.9073270782935424,-0.606053715812902,-0.0801284600526147,-0.7690913984868084,-0.4723203544922802,-0.0511834226919249,-0.874978930172598,0.2262099996796728,-0.1670194792623478,-1.0093409303458047,-0.181877635825139,-0.1307981808825264,-0.8813487791310627,-0.2193968188192536,-0.052140725732658,-0.7696419481227398,-0.1172387702769797,0.0004107001861319,THUMBS_UP_INVERTED
0.0,0.0,0.0,-0.16033604937491,-0.3099615731129076,0.0265573818318711,-0.231920145819124,-0.6337893962643686,-0.0163808344154355,-0.274288815150116,-0.8660070221676607,-0.0711835289922212,-0.2833289043745519,-1.0287974686279862,-0.1314877140337861,-0.0714116226109537,-1.048845190791442,-0.1415306180657642,0.0089852902615628,-1.6004266989340614,-0.2239844802170082,0.07498287474921,-1.9113638426989328,-0.270678275740407,0.1240842366116914,-2.1507856061793844,-0.2981918284873953,0.0760100135861908,-0.9784982337448788,-0.1917385834744266,0.2585646193227245,-1.5414843877208024,-0.2394627486126626,0.3736767373056525,-1.824802978458351,-0.2496829105143422,0.4509258784604826,-2.012105833558387,-0.2610838906573863,0.2076458206552975,-0.8165207006975134,-0.229934221693639,0.3639009005547512,-1.2097217741538753,-0.2484053708609,0.3754723042297236,-1.081040761955875,-0.2003944586553173,0.3527263855133764,-0.9141401447586982,-0.1662638379458949,0.3112814701279583,-0.6043488087866887,-0.2674329283184211,0.4028578684693213,-0.8280051218917349,-0.2695382460694803,0.3827442881418683,-0.7605606459671407,-0.2205649659099046,0.34828033814014,-0.6589412503982844,-0.1791594411621981,PEACE_INVERTED
0.0,0.0,0.0,0.2348242426710289,-0.0725594380717513,-0.1064211010765792,0.4291879171610991,-0.4172745794047166,-0.1378239686411385,0.5043248984944046,-0.7649475850391432,-0.1682523870676279,0.6021012873576912,-1.0014849664701109,-0.1946472707533191,0.3041172114698128,-0.9593893283989494,-0.0494283556354644,0.377790789722317,-1.4196881842566054,-0.1141149699497645,0.4121206222685122,-1.6888021662387391,-0.1415952209201633,0.4451896355098033,-1.9254355455565428,-0.1550712242782026,0.1610460549565457,-0.9860349536239892,-0.0424174305524355,0.2419162277344222,-1.219099187978565,-0.2088733281889484,0.240345815244471,-0.8694009092786191,-0.2619459893331015,0.2264369920021608,-0.5831973270125455,-0.2450985190133675,0.0219113764970182,-0.9580648399073348,-0.0475595379494835,0.0854127080789514,-1.1622802975339783,-0.2089385855759927,0.1007787227740912,-0.7993803329669614,-0.2081242093848883,0.1097909479209361,-0.5511552088136766,-0.1514438982427507,-0.1189226057328744,-0.902059672727048,-0.0597364375512417,-0.1059631733567024,-1.211083929121188,-0.1473812376724997,-0.0754681740428906,-1.3754340054652576,-0.1517544090546572,-0.0380312569505488,-1.566336250268065,-0.1290238476488577,ROCK
0.0,0.0,0.0,0.132557368563644,-0.3002548435786336,-0.1415511333592404,0.1177208934304248,-0.8292340708502861,-0.1920245818982442,0.0465170827926986,-1.2077554603729266,-0.2227048827367425,0.0880919383578901,-1.5195255939504602,-0.23426234107432,-0.1790355788904961,-1.0929373457293183,-0.0898569406075401,-0.1866716077337767,-0.9452322209687386,-0.2150634863291372,-0.0710614289314279,-0.6791697791508519,-0.2703679310959925,0.0069120668340076,-0.5749481781622211,-0.2851606370380163,-0.3292326095140032,-0.9425563489011656,-0.0565103351494582,-0.3052210270932321,-0.7335861086078924,-0.1850541875319078,-0.1439706560068149,-0.4654426338509675,-0.1976066604603778,-0.0549130834101255,-0.3984927968594043,-0.1723050922471213,-0.4279359777056261,-0.7246873272984897,-0.0481101958574336,-0.3835862608865781,-0.5387090958741145,-0.1823868282330183,-0.2220833694406309,-0.3139596478166084,-0.158136888289111,-0.1345718060379373,-0.2697426699216331,-0.1051431799640539,-0.4899304793125943,-0.4873522404150545,-0.0518553055720526,-0.4516680701103302,-0.3539521830859862,-0.1437536992547259,-0.3122524233572801,-0.1830510443450505,-0.135707795666185,-0.2332863236965084,-0.1536547213937058,-0.1000567535918018,THUMBS_UP
0.0,0.0,0.0,-0.1691397148481609,-0.3169554547742688,0.0599498894538,-0.239193284121559,-0.6858111740335293,0.0905053871021635,-0.241774808235202,-1.0311601129228594,0.1096292394748851,-0.3054404937335378,-1.221169669302654,0.1271309731306326,-0.0440437689830841,-1.0028038150046052,0.0767436156951537,-0.0500013379774463,-1.4301771189277497,0.0935124713888265,-0.0448042631648464,-1.653397959332476,0.1036549078301238,-0.0351266162075391,-1.827140134414879,0.111845372747842,0.1064375893317993,-0.993301161914626,0.0449871238943935,0.136855169178953,-1.505213395526271,0.0494442837736479,0.1608665151996788,-1.790015063937752,0.0516196724892575,0.1844386752228193,-1.992156556264127,0.0574339082905956,0.237280990026926,-0.900439937075976,0.0177279972696195,0.2914197177314868,-1.356396666374344,0.018166093353144,0.3163303377926476,-1.580322221665622,0.0210353262967717,0.3274021025596669,-1.7304753449557466,0.0277944967019956,0.3456187211014606,-0.7549488205443925,-0.0029712518246391,0.4378519123940336,-1.0919811758889657,0.0135668819742296,0.4900384862897368,-1.2800745494215198,0.0364603958044441,0.5314187027838679,-1.4319157559137634,0.0561247809919685,OPEN_PALM_INVERTED
0.0,0.0,0.0,-0.1696397154563741,-0.2263541812054631,-0.0390757825575976,-0.3022234914205463,-0.5853876015304122,-0.0785868582522164,-0.2888403363366327,-0.9102179370658328,-0.1327924370095256,-0.1548098065125434,-1.0811255590829851,-0.1849634816220577,-0.1156109464767764,-1.033143958876516,-0.0061433896855794,-0.1441376751576942,-1.4576426341876412,-0.0909789336905308,-0.1835814923511776,-1.7165755978420167,-0.1371229493333642,-0.2150440702330619,-1.936766106260316,-0.172518057216335,0.0042616830641528,-0.998895675205288,-0.0467896154465127,-0.1129475893844468,-1.2285627526047456,-0.1972798846510325,-0.1613267579152904,-0.8829232675567592,-0.2182972834651645,-0.134872683700353,-0.6817300569277259,-0.1915870984891602,0.1096340437812325,-0.9116988498507124,-0.1004412806097756,-0.0357164680353992,-1.0380123200338256,-0.2411856951825225,-0.0727091550695905,-0.6974244594249822,-0.193388575900174,-0.0328512745575493,-0.545623755473401,-0.1211478153479945,0.2118793692230305,-0.7687140059400442,-0.1598372382036577,0.0535479463932422,-0.8557132810099503,-0.2362489187639048,0.0189840498411811,-0.62353935414014,-0.1933415749078895,0.0663493606980402,-0.5291469447481045,-0.1402832018902397,POINT
0.0,0.0,0.0,-0.1428812750406911,-0.2348534459039787,-0.074569097177782,-0.2382333332366581,-0.6085548688237334,-0.135099917416943,-0.1742221650530895,-0.8884677519896567,-0.2030397558536715,-0.0178339062719162,-0.967893052782686,-0.2671228716578603,-0.0338811907648659,-1.0776777171263665,-0.0718296382311003,-0.0103360955106961,-1.556142312447096,-0.1752435483254822,-0.0073277906321178,-1.8419583303971323,-0.2281928299419574,-0.0017976487254994,-2.087056707172447,-0.2672444886204949,0.0975197507318652,-0.9900497785361634,-0.1014462135207055,0.0295752963640299,-1.298798383326553,-0.2727567277665357,-0.0618829675026955,-0.9507087105937498,-0.2939341388585877,-0.0761025997179514,-0.7155021459600974,-0.2617666445722154,0.2074045551365025,-0.8466197205749917,-0.1448544056081766,0.0988317009286776,-0.997806337879984,-0.2988747237866151,0.0129594830230869,-0.6670882089865612,-0.2495957004190094,0.0157731494733265,-0.4977268758295973,-0.1714824780431011,0.3033182182838024,-0.6547008449801061,-0.197237354149442,0.1855642771044611,-0.7636368191016695,-0.2799191783108125,0.1162140152739741,-0.5593954589764416,-0.2387634564244816,0.1318674069791397,-0.4595246606674895,-0.1847256484987962,POINT
0.0,0.0,0.0,-0.2572707314952598,-0.0819694758671187,-0.0875408258070433,-0.4879181848191261,-0.4483925270708234,-0.123132967326458,-0.607038176266685,-0.7954202047812937,-0.1609170404316295,-0.7276963564053666,-1.0132165176155363,-0.1970450785737518,-0.3712970060843799,-0.9105879643064324,-0.1146334750651906,-0.4545759091651079,-1.404859941102204,-0.2030264073833291,-0.4967327593644798,-1.6949428486855689,-0.2432912760576607,-0.5405828218958273,-1.9659476877184945,-0.2720610256401669,-0.2250388779878007,-0.9665895287984604,-0.1227280987026293,-0.2523395862452062,-1.0882645072556578,-0.3008114517000247,-0.2316639613359388,-0.7290515068838341,-0.34140521943074,-0.2164339046946865,-0.5080574685739444,-0.3326488876156225,-0.0788312632123984,-0.9701306867968208,-0.1415052101918767,-0.0877277041748317,-1.096399474416673,-0.3219168027223494,-0.0883640558990821,-0.7502653599394338,-0.3109510574303281,-0.0938946839550559,-0.5273744593274217,-0.2560002933990164,0.0727098615438107,-0.9573098833305478,-0.1658071617523797,0.092159522341988,-1.365687876602139,-0.2937612145653152,0.1096229064534312,-1.6181319731670212,-0.3147081308460752,0.1231927005440502,-1.8800207544129717,-0.3034916696517475,ROCK
0.0,0.0,0.0,-0.2216412651662283,-0.1680313874880369,-0.1017020932531189,-0.3775954651419114,-0.5388123690084711,-0.1625978721068336,-0.2987486067711822,-0.9289275687492434,-0.2298164097454493,-0.1125360502501192,-1.0930013112336503,-0.2730952734211281,-0.3941658706361582,-0.9425346277205884,-0.0537271388938808,-0.4583308165253587,-1.4246188979002057,-0.2267094165839865,-0.3929582192949893,-1.058967316864164,-0.3041558729546768,-0.3541276616444046,-0.8567222871794445,-0.3260094370818509,-0.2162700310683027,-0.9740656863213004,-0.0665079874385732,-0.2445485539608705,-1.367635146394188,-0.2301479198130598,-0.2150718171364424,-0.9343628424103346,-0.2510900366443514,-0.2153242678354476,-0.8130789878318041,-0.2219430193076426,-0.0437285730817503,-0.961679760704422,-0.1083992096291432,-0.0446008593421313,-1.2003970068635723,-0.2623235239776452,-0.0469662785752665,-0.7784554924308621,-0.2196512666377936,-0.0575173021822861,-0.6666548860061491,-0.1440414712583844,0.1285017874479505,-0.9068366158597956,-0.1609112933088988,0.1017292054407699,-1.128710108705082,-0.2237087417367659,0.0876219637760688,-0.8476613630921871,-0.1666531247801762,0.0898626743861974,-0.7183226796687628,-0.1012585455484374,FIST
0.0,0.0,0.0,-0.2251244501465116,-0.2941730513596087,0.0441408333305394,-0.3430155844197623,-0.6706741187743614,0.018659034082672,-0.3909304037134937,-1.0526873532647605,-0.0146652704622951,-0.4739841022496168,-1.2794867122492528,-0.055151956537992,-0.1898637107636941,-0.995788689078995,-0.1234314200041624,-0.1144802529085008,-1.6029245030558552,-0.1817016454579505,-0.055630891145896,-1.939494594653398,-0.2014845936907448,-0.0032141948223079,-2.202396890899112,-0.2084998862238511,-0.031808837115534,-0.988038010015898,-0.1508942962645761,0.0980694867606637,-1.3586275244342445,-0.1673645727852666,0.0859041835972037,-1.195978443320883,-0.1055066885919661,0.0473941077068457,-1.0239338384858254,-0.0656928127534467,0.1216760140295049,-0.8862762411714746,-0.1671764378316266,0.2217704902947239,-1.2088831916785503,-0.1802863408089279,0.2178755088326463,-1.101747283746485,-0.1062638215450426,0.1907565500820338,-0.9488534275587966,-0.0580873729058252,0.2580861483273907,-0.767603571852883,-0.175387616611237,0.3464278019702623,-1.11998354686636,-0.1667608673609664,0.371368510710762,-1.1250712077291412,-0.1029633675813929,0.3695855044455831,-1.0803660402261668,-0.0551637024458531,ROCK_INVERTED
0.0,0.0,0.0,-0.2607963875597205,-0.2779676736801206,-0.0374161597492562,-0.4048491928494708,-0.7402744135957716,-0.0419498418199491,-0.3010651698469339,-1.1814595330895912,-0.0667224892776403,-0.1155235404089469,-1.3451462257729143,-0.0762853084349132,-0.3205193892276741,-0.9849649258806886,0.0921219309924517,-0.3582803776740698,-1.437269778996072,-0.0167790615703191,-0.3450532847047937,-1.1771649794401735,-0.0801160969786824,-0.3100581758775091,-0.9695355219320282,-0.1009062625909065,-0.1643913503147221,-0.984006591501986,0.0686040219108605,-0.176013241072941,-1.373297731177131,-0.0588633275680797,-0.1791320006366253,-1.013146192244086,-0.0929993544218665,-0.1588693539308344,-0.7921617798679615,-0.0731225865019627,-0.0109913993266833,-0.94711843372617,0.0197392838104372,-0.0253692493842864,-1.2747982467466048,-0.1115458842307642,-0.0546921398432464,-0.8636312274195947,-0.0841451246100113,-0.0469287810626363,-0.5986475201427435,-0.0162835561162985,0.1541762553730212,-0.871775652450034,-0.0352796004128239,0.1073186486677909,-1.1276131398694158,-0.1053793032627129,0.0655985078579845,-0.8552789480710669,-0.0704781619083976,0.0747393738921091,-0.6573594365255099,-0.0169954510047601,FIST
0.0,0.0,0.0,0.2022324890292798,-0.2012082042254598,-0.0183696712203849,0.3404465705843348,-0.5211989547188995,-0.0310207866990633,0.4070904213700345,-0.8421304344144248,-0.0425765423588653,0.496943783690999,-1.0493558564357186,-0.0593982668527951,0.1727530282923535,-0.962872165227724,-0.0535367935713315,0.1362088685605244,-1.3795471913781083,-0.0545125640557032,0.1055970351047439,-1.6422683494967156,-0.0568759624872111,0.0837402013196506,-1.842407940728482,-0.0620871700669137,0.0349241769243647,-0.9978593731946762,-0.055289901371621,-0.025495145873407,-1.017514614031744,-0.0629454480767899,-0.0217349009011668,-0.8240918973132418,-0.0672237863586217,0.0110859337754674,-0.7020030753161661,-0.0712912089877105,-0.1007996319365561,-0.9168442018048468,-0.0508924310795038,-0.1553252486346624,-0.9266240935148318,-0.080012036481889,-0.1437027615910805,-0.7399817681405635,-0.0712898047556683,-0.1052086472931934,-0.6253111776335198,-0.0583752268817045,-0.2363268179497908,-0.8023256630614245,-0.043823063961866,-0.2991478785090451,-1.1230894243180032,-0.0627538425122385,-0.3517683546193492,-1.2985631104447384,-0.045498548091994,-0.383597573760865,-1.450464279667627,-0.02487469835397,ROCK_INVERTED
0.0,0.0,0.0,-0.1738897446945644,-0.1707771077383125,-0.0331925100490346,-0.312796856421195,-0.4542594625114806,-0.072703592525776,-0.3389363787312048,-0.6598689838838867,-0.1280660638439243,-0.2719431737927061,-0.8135248905855329,-0.1833779583768659,-0.1515024459981783,-1.0356264846452858,-0.0345156133509291,-0.186748981466701,-1.4950709589735365,-0.131573035040393,-0.2541962399612825,-1.7475419855727596,-0.1964552746407721,-0.3256992846473653,-1.9487603757850829,-0.2409534569143928,-0.0340682780353733,-0.996672003594633,-0.0740558551524751,-0.2087725483583639,-1.1878610122071156,-0.2277093000770636,-0.2805631286047899,-0.8477018263669027,-0.2628527804646178,-0.2825315994956987,-0.5916503912149127,-0.2508700721472165,0.074650859587601,-0.9160635756162272,-0.1238605676517672,-0.1086099365882478,-1.073689836356585,-0.2632529126142498,-0.1673423005651811,-0.7270634772968438,-0.226810394917762,-0.1569209361466581,-0.4898622595646892,-0.1643102047539909,0.1862597499653518,-0.7919832207973645,-0.1784151176951132,0.0176810600729132,-0.9013441182326306,-0.2639085772224745,-0.0564631827739791,-0.656242803255619,-0.2279085851743302,-0.0534992711075599,-0.4761368847347781,-0.1761738819062076,POINT
0.0,0.0,0.0,-0.1745858137410272,-0.0756254764454171,-0.104327640124719,-0.3621100950398907,-0.276824982976171,-0.194664364470311,-0.3552606323795413,-0.5532433655848089,-0.2882190608453031,-0.2488249034885218,-0.8113230852556292,-0.3783444708152484,-0.420483413774884,-0.8796618118529729,-0.1399210636728874,-0.5914370861599803,-1.3411096646778784,-0.2806270524834305,-0.696455604538153,-1.614129481950344,-0.3596433883112891,-0.783364926156277,-1.8548166243094195,-0.4158154756764977,-0.2586216708345537,-0.9516059658333132,-0.166014810077868,-0.3896030200259875,-1.1512237311768918,-0.3585174970981589,-0.3281117011679983,-0.734030930888579,-0.3802676371257338,-0.2653470162668084,-0.5674757483957952,-0.3522624888329638,-0.0926226869577349,-0.9437317825701516,-0.2084831088093566,-0.2059324005663101,-1.0291641639718423,-0.3797566810203409,-0.1687884706300895,-0.6295554596320035,-0.3136207954808946,-0.1228620823509417,-0.5268595499570502,-0.2269260589876677,0.077412435742621,-0.8804314482629461,-0.262475198988395,-0.0343163586471768,-0.9389449126097946,-0.3590149592223517,-0.0405712641663222,-0.6503981122995277,-0.3011929072929356,-0.0157423387580715,-0.5682500426266903,-0.2355689539463549,POINT
0.0,0.0,0.0,-0.2069985264057889,-0.3145696675569336,-0.0089158771791577,-0.3112862194213355,-0.6863751660637795,-0.0320955757870475,-0.329723560081679,-1.0662293865164936,-0.0486610614928149,-0.4028681497911861,-1.330971597259171,-0.0695405963386148,-0.1160580752027054,-0.9848634801333168,-0.1347692099380575,-0.1362163348897081,-1.575157059394867,-0.195785814509267,-0.1395758353270687,-1.909115287062453,-0.2224775483092326,-0.133821881593886,-2.185281684886415,-0.237293369496701,0.0490551174059439,-0.9866409669877332,-0.1553486328159983,0.0517721330262662,-1.6384290546853286,-0.2299577321595694,0.057684602383453,-2.0213001002454782,-0.2693944803923803,0.0708075841854296,-2.322299774454869,-0.2945776916456297,0.1951104831368949,-0.9145848679905592,-0.1662035904171902,0.2340384508988859,-1.5361643528966649,-0.2338159879916085,0.2596770017390101,-1.895614306464774,-0.2727349677543003,0.282647562409535,-2.1689626208161545,-0.2957268984930891,0.3153498007548479,-0.7993187423764552,-0.170979093576313,0.4014933001641173,-1.222727424663999,-0.2227051709628136,0.4515990706909392,-1.4755667587962815,-0.2435159248297105,0.4972633867948302,-1.709227588018317,-0.2539942349777521,OPEN_PALM_INVERTED
0.0,0.0,0.0,0.2411047506751575,-0.1629799749002273,-0.0700195593563461,0.4133081261131013,-0.5734551268798359,-0.0863956215111986,0.3689692058971761,-0.9357356759846064,-0.1002286214742115,0.3019689242279848,-1.157800740711902,-0.095843937466669,0.300230176698613,-0.95209901239133,-0.036558029344489,0.3894159385253958,-1.2516138652667783,-0.1450847961943396,0.3769125758623072,-0.9245539674159068,-0.1812533480633377,0.3298232133757098,-0.6656004498394117,-0.1783655910815602,0.1504560150304728,-0.9877556378529884,-0.0412527263436794,0.2480587395395428,-1.3025802227997416,-0.1567576194094769,0.2344279658838161,-0.866357704270931,-0.1632265369050747,0.186303593762262,-0.6224287046678822,-0.1301619858685656,0.0005339539755795,-0.9793943162359302,-0.0632840626922713,0.0881250056834938,-1.2635756930379454,-0.1901214646655886,0.0948072258488164,-0.8297807841725519,-0.1488305734458093,0.056620719871199,-0.6045068462901125,-0.0796715006915172,-0.1640889342285606,-0.9215482056042732,-0.0886990221514322,-0.0647301548150731,-1.1519070788823331,-0.1701760380100216,-0.0239566968946934,-0.8437187994943769,-0.1268116588935117,-0.0384884553058918,-0.662973447772577,-0.0682197353877639,FIST
0.0,0.0,0.0,-0.2366176159507212,-0.0928497316069071,-0.048538783572934,-0.4198252178194208,-0.5457617263148522,-0.0684325662105242,-0.3435855210096156,-0.955165862637155,-0.0994698935563973,-0.275860277338202,-1.2524667634763924,-0.1217813182188476,-0.4796875485244811,-0.8220222209372839,-0.0026864561651539,-0.6242338215694029,-1.2233217876703406,-0.132178753403436,-0.5520936385854318,-0.981350078457882,-0.2060999986930013,-0.4648462706233602,-0.7311111689885605,-0.2315863992182012,-0.3309949565815017,-0.9428559590587868,-0.0382750465048073,-0.4778746998937966,-1.3907713427232813,-0.1687699964808446,-0.4235662319253983,-1.0602056022207564,-0.212253636209324,-0.3601012673278907,-0.7933252849892554,-0.2022761430008602,-0.1660019894859133,-0.9745326483547816,-0.0937206281223821,-0.2892431363222147,-1.358467363709335,-0.2269043869414483,-0.245445459572696,-0.937883937636613,-0.212253636209324,-0.2091705110979353,-0.6672849913336762,-0.164054682225621,0.0062749321826554,-0.9498404290029748,-0.1530385000966798,-0.1225780749798022,-1.086691846424201,-0.2452094945624985,-0.1052188198599346,-0.7661895356169125,-0.2202131906268851,-0.0706135914616678,-0.5844573110248225,-0.1783507382698018,FIST
0.0,0.0,0.0,0.1788730547995522,-0.343060041634316,-0.0736291198411926,0.1716778683654845,-0.9080098299997404,-0.0917389767724655,0.1026411044492265,-1.2883972656336586,-0.113186585768356,0.149190786250062,-1.5300757396581373,-0.1196443734174726,-0.1466804847373152,-1.1554561859435408,-0.011666125529683,-0.2138758248007458,-1.4217239551222545,-0.1335305980247896,-0.0888836068095886,-1.1620144765730132,-0.1941586696950748,-0.0163421798101954,-0.982488078157556,-0.2141355188302976,-0.2705507792437059,-0.9625697786617584,-0.016177053429985,-0.3089852936978959,-1.1968209693592469,-0.1452014966242681,-0.145416744568369,-0.902364575651404,-0.169155517910856,-0.0890897527113342,-0.7474711504668814,-0.1543156172219591,-0.36218117054198,-0.7340128202396172,-0.0430249029239177,-0.390114671242353,-0.945740378129884,-0.1807433664853127,-0.2148495352302678,-0.6733485405402688,-0.1461336306418689,-0.1539827646983536,-0.5231621134456055,-0.087277399444899,-0.4365634731338236,-0.4749111796949913,-0.0754205092235746,-0.433426692763644,-0.6552066046658968,-0.1641135784190248,-0.2971600483802056,-0.4673641928523593,-0.1364707128289088,-0.2435719826131195,-0.3602238809961502,-0.092553908712395,THUMBS_UP
0.0,0.0,0.0,0.2322492974275147,-0.2001987511636183,0.0060404274658831,0.36323668830635,-0.517721195737155,0.0103337185320579,0.4493003754166292,-0.8459659146420468,0.0158662270590314,0.5555411475638155,-1.0432334050652523,0.0164503599484935,0.1573884714998064,-1.0073825949373034,0.0518350975064741,0.1554383547538967,-1.4349412306583218,0.1340725165373221,0.1525341543500779,-1.645687013886181,0.176509313334986,0.1561637844759557,-1.7620043936435412,0.2017114674272048,0.0074133505527109,-0.9972225611365816,0.0741094177131324,0.102959026872545,-1.0704364878891253,0.1766529901330489,0.1382338890504505,-0.9226586899069568,0.1975252097226075,0.1529054363482387,-0.8041010924153085,0.197901439981008,-0.1010735476991987,-0.8863938211788949,0.1069397876344087,-0.0200489915658675,-0.9471507760402486,0.186996774254312,0.0247205037343245,-0.796322368234872,0.1996707310497421,0.0333052478095589,-0.6782483117796572,0.1929998558677962,-0.1844491625961861,-0.758190927118857,0.1441972182828403,-0.2140496258079288,-1.03806476260836,0.2211381451060372,-0.2179018833318127,-1.1890092108090882,0.2661251570638087,-0.2277362477541352,-1.3072899420621331,0.2902653701958201,ROCK_INVERTED
0.0,0.0,0.0,0.1605660936650957,-0.2205171639471709,-0.0700808191243847,0.2627301902832777,-0.5858452996084853,-0.1160277630426421,0.2826562142993375,-0.9175988706852092,-0.1690976776404376,0.2263787021825173,-1.197075956188128,-0.2212110275451256,0.1601264158432086,-1.022205344295048,-0.0462240718676039,0.1978556443915298,-1.4524918186148288,-0.1225383569262784,0.2346280740433582,-1.7087594527310423,-0.1592276703989456,0.2469061604918686,-1.9412476364660785,-0.1831711932627819,0.0382269888097473,-0.9971368384815196,-0.0652443305553792,0.1532957960449436,-1.229083335809098,-0.1963174456377717,0.1865893165672481,-0.8512934982452466,-0.2161336673000523,0.1440150965659074,-0.680910639574903,-0.1942036950295017,-0.0727924939398784,-0.9192004054786644,-0.0940190268725059,0.040397065332167,-1.0864651323231442,-0.245020976411581,0.0794651045209028,-0.7067183953626364,-0.203599843766161,0.0361907725332903,-0.5480086497741349,-0.1334838391240831,-0.193669961490554,-0.7967692847155157,-0.1266887792064767,-0.0974386009368307,-0.9615427120834226,-0.2330627076969124,-0.024329880381684,-0.6979454488227965,-0.1904723666958878,-0.0329514794894634,-0.5433587237184203,-0.1303841833430548,POINT
0.0,0.0,0.0,-0.2372247503884239,-0.1835904271624278,-0.0541005507964107,-0.4165769789895291,-0.5850825900773587,-0.0880571378052713,-0.3618377823694191,-0.9944981928825596,-0.1366564437362354,-0.1827364517917181,-1.1473249827354608,-0.1691458136454644,-0.2962821592844928,-0.9909704506684818,0.0138220277143149,-0.3790338896949048,-1.3785194058239605,-0.1294216255956638,-0.3552406664700912,-1.0936931878238678,-0.197076716343534,-0.3008978203137467,-0.8978484669231959,-0.2146473860116062,-0.1406299037240432,-0.9899628430166952,-0.0140285289630892,-0.2095806068790777,-1.2946858542978146,-0.1644701795113274,-0.205255107108663,-0.8915859808713248,-0.1784190202065454,-0.1677801335785432,-0.7259201130312017,-0.1405485606730994,0.0093925392827935,-0.9444279006185432,-0.0681650386373824,-0.0645716626090267,-1.1600846419055528,-0.2160210787165105,-0.0699034315118381,-0.7398264371452457,-0.1687034887587677,-0.0348205408557159,-0.575477077487206,-0.0863909321373222,0.1748983796936438,-0.8591340244380962,-0.1286869643561195,0.0710444449294774,-1.0353423684412508,-0.1980425324454826,0.0514514955499413,-0.745447623685013,-0.1477556788985204,0.0838546703876295,-0.6166035319127742,-0.0835690172242662,FIST
0.0,0.0,0.0,0.1562745520027574,-0.0951647818232588,-0.1276852785496921,0.2320763216302469,-0.3635151422859824,-0.1877553840198247,0.1268260045826416,-0.5780516041840348,-0.2457391429942997,-0.0077988694225745,-0.7584633557659907,-0.2955908823343712,0.2064876386160649,-0.9663583582141072,-0.0779331302004805,0.2801828259572524,-1.3674886379244162,-0.1705596507528152,0.317815130542253,-1.6273190223804554,-0.2277902542000972,0.3409825572149793,-1.8521179270935997,-0.2616718775210504,0.0678368937611976,-0.9940436665614002,-0.0852956318576738,0.0542848796177613,-1.4710673027013943,-0.1983939593252828,0.0512169363337174,-1.7792874496355593,-0.2680037701461332,0.0457765772803352,-2.038537154881802,-0.2962199729372685,-0.0447921264514868,-0.8923527886079344,-0.1093436158487447,-0.0945932870444226,-1.0818121488798889,-0.2832005055768893,-0.0442732490201163,-0.7719181179442091,-0.3234398580997396,-0.004064411125364,-0.5541971477411366,-0.2963649281502093,-0.1360998764503231,-0.7068719178221707,-0.1409848925133195,-0.1539742383082498,-0.7820898323151387,-0.2841782612130749,-0.1025280345437315,-0.558692197092007,-0.3010028297368379,-0.0590568352703027,-0.391249548712803,-0.2758396133410093,PEACE
0.0,0.0,0.0,0.2370262876393607,-0.06548572137543,-0.1102292247402609,0.4570125657332248,-0.4101345866931589,-0.1505563550992389,0.5789894444203639,-0.7347605395504538,-0.1913658765636808,0.7212496591715518,-0.8818384467694004,-0.2297660290724476,0.3281898340108614,-0.9442902187428056,-0.0614948262799637,0.4272801499916157,-1.377575396723866,-0.1352516467289229,0.4817098367400479,-1.6384563999348771,-0.1646943213841321,0.5340676705888467,-1.8740131543824117,-0.1790161956166777,0.1858347362413022,-0.9809199666040748,-0.0571092805381648,0.2632649029978113,-1.2021387145429532,-0.2368201236561604,0.243363982989569,-0.8208332803283672,-0.2852283437159167,0.2206586785720789,-0.5350280367018451,-0.2604303496265215,0.0430046465834222,-0.9617334090168224,-0.0656134053832563,0.0986864142566539,-1.152315324358127,-0.2434228930314768,0.1046176122986727,-0.7628894611214111,-0.2367540624361128,0.1067048945037253,-0.5175303391619556,-0.1696731383392048,-0.1029399997823631,-0.922908950609032,-0.0811114397059927,-0.0930700028850067,-1.2535684828807525,-0.1756792478220198,-0.0601229562489425,-1.4244109812238086,-0.175949152517516,-0.0203240002147793,-1.6325952826632664,-0.1481779348788494,ROCK
0.0,0.0,0.0,-0.2539199130827456,-0.3085459132794342,-0.0198767376660489,-0.3754889582644962,-0.6784520925533916,-0.0443978762403266,-0.369269243374327,-1.132966908924726,-0.0575048820779422,-0.3167799924001573,-1.4206857348918267,-0.0539622291128718,-0.1899141079048472,-0.989685417263739,-0.0849276519242105,-0.1856177061834713,-1.3589882427426352,-0.0688448667747499,-0.1998774546445314,-1.2057026561816082,-0.0218855495206577,-0.2062052224150924,-1.0309115956937729,0.0088002867919897,-0.0102135966486278,-0.9968323635683491,-0.0788728177906533,-0.0305945618605143,-1.3188071843702789,-0.0396389126434635,-0.0537827942991193,-1.183988664082496,0.0057586671471216,-0.0629783894933412,-1.031560475019714,0.0209832276502007,0.1495073890306585,-0.9443107950876906,-0.0652032370550911,0.1096197174128638,-1.18135267964017,-0.031244778437274,0.0817909720642232,-1.0589081110543608,0.0148648364857093,0.0653409397285904,-0.9074123523092376,0.0267640106460202,0.2894520278911996,-0.860366774536806,-0.0513178271895754,0.2452155439871575,-1.0196015925097783,-0.0247678737171005,0.2148606937182535,-0.9117887047314496,0.0136897910504667,0.1989540170243305,-0.7985307386424046,0.035549123011727,FIST_INVERTED
0.0,0.0,0.0,-0.1929157177227328,-0.3008156677284331,0.0227404700966798,-0.2784536301798297,-0.6659845700828769,-0.0168199524714326,-0.2960305971414115,-0.968738333046084,-0.0618022034437127,-0.3269089999314592,-1.1756715188316669,-0.1087837009234152,-0.1651797997769455,-1.0136084735210489,-0.1720717563811523,-0.1514456257741604,-1.648823670041582,-0.2692411154216987,-0.1307911496701679,-2.030603740525313,-0.3151945957736043,-0.0996277634518073,-2.3144218946012605,-0.33313526422629,0.0067730671608159,-0.9765426945466588,-0.2152173117776217,0.0737302680141563,-1.6653241195749175,-0.2882169117805525,0.1114372272143997,-2.055455257114587,-0.2903528580274587,0.148506384925286,-2.318422968369763,-0.2840467062601349,0.1758845466566887,-0.8583882792750339,-0.2418754127811257,0.2109126876210713,-1.3557320538462374,-0.2741481129132413,0.1497344256902459,-1.2374048032076923,-0.1982689847314361,0.1086094846698994,-1.0547069044550408,-0.1330991436065408,0.3140080743291951,-0.6763172660938286,-0.2678033006033169,0.3255708903275658,-1.0382677919842511,-0.2623194325868269,0.2637543071017688,-0.9412109871032344,-0.1756204530694517,0.2409657690462237,-0.7805338735130714,-0.0998863425322123,PEACE_INVERTED
0.0,0.0,0.0,-0.2514075072612721,-0.0791755295950809,-0.0958979205286854,-0.4758126874663814,-0.4479365391186318,-0.1387784018391858,-0.6161564337202928,-0.7961740777547752,-0.1834000530497972,-0.7701575593930938,-0.9406244645301354,-0.225843569245923,-0.3833196623989391,-0.9132940187409782,-0.1062695463349083,-0.4038766859323499,-1.4224558575915112,-0.1919439946928107,-0.4031248742625936,-1.721300124822327,-0.2229423728944445,-0.4059491065088727,-1.9981926823425684,-0.2422984368377351,-0.2420325203190873,-0.9645444508900274,-0.105234316481108,-0.1975759906123061,-1.097833426510233,-0.2671653231689562,-0.1837197645597427,-0.7440315228708645,-0.2991945555817027,-0.2034989767539833,-0.5706814141703256,-0.2874975003992792,-0.099268480816886,-0.9738250256248432,-0.1165120816037481,-0.0454305731877289,-1.1002361445629971,-0.2925822332328763,-0.047604377950011,-0.7761804772250323,-0.2869124896812726,-0.083465620297925,-0.597345455025008,-0.2370894974828666,0.0487608548655055,-0.9649348816798854,-0.1322016837862538,0.0780823814832985,-1.361597167723301,-0.2546088082441822,0.1100567458786087,-1.586071631963664,-0.2717316966717105,0.1268606662947799,-1.8286517430854912,-0.2567450659978414,ROCK
0.0,0.0,0.0,0.0175059645738124,-0.6056967966937746,-0.0141647581797485,-0.0088808395847983,-1.1364920652505608,-0.0547851070593339,-0.0745379877416356,-1.5702822992391727,-0.097391678519407,-0.1004579640916636,-1.8994700834322336,-0.1410377507426936,-0.4615829989357938,-1.12962188730997,-0.0743263178335237,-0.708120977542741,-1.1562982092177856,-0.0848794354121413,-0.6327898676643646,-0.9921454013245709,-0.0940172024373489,-0.5136530008744072,-0.9019166470485968,-0.100194943907088,-0.5721981846460475,-0.8158691550554634,-0.0833472214105049,-0.7427365021180762,-0.7819905705239151,-0.0578580689895048,-0.6475673230720221,-0.6482493329915003,-0.0482714076284567,-0.5320985679164498,-0.5908387458045817,-0.0587806965234869,-0.6244760133797659,-0.4710585236270669,-0.0845845967961943,-0.7384765223066679,-0.4507412634604351,-0.0489880618677891,-0.6454345944849066,-0.3470597930995165,-0.0150962778699382,-0.5357133143873329,-0.2939378245067653,-0.0136678366639068,-0.6467090985657306,-0.1372069997345177,-0.0881779717710635,-0.7195066933944435,-0.1265749690072316,-0.0582373714744808,-0.619595683104656,-0.0548115002794623,-0.0120146548598038,-0.5249451320698802,-0.022243726919449,0.0183625915090571,THUMBS_UP_INVERTED
0.0,0.0,0.0,-0.2599274459682469,-0.0589290637905224,-0.0824428802107273,-0.5129238676327647,-0.3872994011551445,-0.1174226615740401,-0.6754519273515057,-0.7022238776193699,-0.1572146224851898,-0.8295648244707482,-0.8396489997076416,-0.1957257995284117,-0.425411290768957,-0.8878359531043087,-0.077522107194039,-0.4929406854184759,-1.3863149329890048,-0.1547611246769757,-0.5176167073395472,-1.6788941562588544,-0.1841978078538442,-0.5421418024332343,-1.938722551904164,-0.2026334757311666,-0.2890548540640731,-0.9537126475583408,-0.0829426140729675,-0.301213207725215,-1.1207494074369193,-0.2522838829533456,-0.2623674051844719,-0.775397965004852,-0.2930804184120054,-0.2467137801869032,-0.5541797967257025,-0.2809688528021473,-0.149674002454057,-0.9860004075752004,-0.0995322940140852,-0.1469517351215658,-1.161566958023443,-0.2707231145848687,-0.1333428967610238,-0.8472573577478992,-0.2674713358357082,-0.1422583075790388,-0.6345554598162915,-0.2163815393138053,-0.0073570582595105,-0.994202185799468,-0.1201760107215184,0.0001237394242041,-1.397602261035826,-0.2343089864503273,0.0012709008794743,-1.649050617267367,-0.2540592938604837,-0.0119827377324911,-1.9049593241687652,-0.2417187662281671,ROCK
0.0,0.0,0.0,0.1568877377827375,-0.2898457724519131,0.059579163029569,0.2221127178338265,-0.587814871596529,0.0671297249551706,0.2125102440952081,-0.7803109967695265,0.0624964520270079,0.1874654446047355,-0.8690636435861235,0.0531334163317984,0.1462007601604021,-0.9978641584302742,-0.047011994452062,0.1139134428437623,-1.5760727322265355,-0.0799439330442302,0.0858868950166763,-1.8881762005702527,-0.0886547551081786,0.0532319579068255,-2.119364308978714,-0.0858349637492044,0.0042702021749551,-0.9964548642438174,-0.0840206456665302,-0.0714647014441107,-1.580427828570103,-0.0961434787701943,-0.1288566010816724,-1.8809333003379207,-0.088960393235492,-0.1799783143017403,-2.073422797137393,-0.0829214589794393,-0.1349733151583111,-0.9215098842927574,-0.1069840880692868,-0.1963622515003524,-1.272181181337061,-0.1025063429151158,-0.1718347200822968,-1.1141808965518456,-0.0622007331324051,-0.1457680038504327,-0.9376081640861732,-0.0271966211755755,-0.2604379735571312,-0.800479352844922,-0.1257257903116971,-0.2861306965597022,-0.9902782398680076,-0.11180622184215,-0.2581717071550856,-0.8632398526318146,-0.0658512939178758,-0.2299552309327553,-0.7366945144109268,-0.0216329142141837,PEACE_INVERTED
0.0,0.0,0.0,-0.1439996881738106,-0.160320917732164,-0.1042601062973172,-0.1960855710004651,-0.4717854306092798,-0.154639822994256,-0.0619347573655483,-0.7172599906898481,-0.203259320515863,0.0614536526080848,-0.900342672645679,-0.2455962868657387,-0.2380466445754062,-0.950220840304447,-0.082723626069649,-0.3009588092369663,-1.363446608275636,-0.1475589779096666,-0.3388655185095613,-1.6082747877294443,-0.1824659954574967,-0.3726286952486023,-1.8127293493356773,-0.2029979305544721,-0.1051240016243992,-0.9908836909232908,-0.084252331390351,-0.0835201183471252,-1.458453399538864,-0.1532883632796129,-0.0673385184024878,-1.7370698083239704,-0.1910608601163201,-0.0514653859208045,-1.960752175121012,-0.2048389547289403,0.0120060095916077,-0.9036792979897658,-0.0998649421432543,0.0197250575906741,-1.0245652983216662,-0.204865951568582,-0.014317259643134,-0.7609369887353872,-0.2231434501941018,-0.0329480769957075,-0.6029465557464347,-0.2018099063528223,0.1129107272423586,-0.7554864470285462,-0.1241903413534268,0.1172568177019326,-0.8568938787817404,-0.1996695571305838,0.0738251213417143,-0.6741830675318266,-0.1953991735863547,0.044527598855625,-0.5522222991188404,-0.1728800989293846,PEACE
0.0,0.0,0.0,-0.0206086176404919,-0.6781130603995096,-0.0240423717247308,0.0924954929462559,-1.2083921603926937,-0.0719514091306535,0.1757258116545324,-1.6756367498316702,-0.1174992211912121,0.1003034136687756,-2.0150355497250367,-0.1524129461595568,0.4294250208450464,-1.1937380873055472,-0.0878405270898947,0.6578328699664056,-1.286389450439143,-0.1006022979410847,0.5694673681153625,-1.151366805844331,-0.0989842973692089,0.4678479701398477,-1.0647075326376736,-0.1010670523051767,0.5440195689895707,-0.8325713141446858,-0.1042483353334364,0.7361593457126391,-0.948691569743392,-0.0652312316866728,0.6321931722644727,-0.8605395835017708,-0.0314567771111468,0.5356844960519596,-0.7719522226249518,-0.0322701802084136,0.6065694029028519,-0.4568058378415727,-0.1150099795140278,0.7874721147819208,-0.602353702166912,-0.078145181000495,0.6907252719571216,-0.5453685477155278,-0.0198515738348333,0.5841635375304763,-0.4589235486106882,-0.0056550012875289,0.6337298778583939,-0.110097446729737,-0.1267754646775929,0.7854476985774905,-0.2612869774951485,-0.0919160370984893,0.6957074292590326,-0.235563466383478,-0.0209751662490877,0.6019687672760359,-0.173521443129195,0.0211036467663102,THUMBS_UP_INVERTED
0.0,0.0,0.0,0.1264555266253712,-0.4525647091585574,0.0313292415044921,0.1803628626768243,-0.9496968428633968,-0.0042333437214402,0.1892746775080288,-1.3497985551390403,-0.0444078848245932,0.2007812369391798,-1.6748104963921375,-0.0971745836615778,0.1550341805955826,-1.084879640695239,-0.1786561174165881,0.0431052712118558,-1.7290432193173664,-0.2682180019876898,-0.045763617950945,-2.0773457907357207,-0.3084581847149501,-0.1314851058517962,-2.330436377377041,-0.3290543527032459,0.0250762219490649,-0.9697202436664812,-0.2429276273217632,-0.1170500645566635,-1.6577077837554592,-0.3186346313576523,-0.2479261486122054,-2.020244291236865,-0.3393519843845882,-0.3609376860930671,-2.261521719951342,-0.3563669135436642,-0.1277648678180497,-0.8113745766403512,-0.2945649793677761,-0.2676197090000425,-1.4478151576578746,-0.3497860753600865,-0.3770976396694559,-1.7886734953331191,-0.3609201725923743,-0.4606174080052377,-2.025209711631464,-0.3738476205127526,-0.2908190415651298,-0.6276509602304486,-0.3378782100903845,-0.4433386413072564,-1.0663748975340026,-0.3927826871186916,-0.5431639383562831,-1.3118248770879457,-0.4008477027910045,-0.6262620119839637,-1.5165277356392952,-0.4033796454975416,OPEN_PALM_INVERTED
0.0,0.0,0.0,-0.1086349497780674,-0.4782019154861243,-0.2023957891435079,-0.0310110358934332,-1.110765095070061,-0.2925383616434799,0.0466720076680837,-1.6179931967152872,-0.3649097958676569,0.0121902504825215,-2.0048407151219045,-0.4038917267884005,0.3760410931040472,-1.1933383536506812,-0.0996465847518763,0.7090502777452751,-1.2039774991899408,-0.2750237698689992,0.5257219571652438,-0.9497843590156624,-0.3542195079264159,0.3856078933419029,-0.9184082450527008,-0.3792254244375532,0.4497502408972518,-0.8907622599965802,-0.0653247041987084,0.727828718677903,-0.8341835518190112,-0.2523105112085471,0.4640405486135796,-0.5976057146108074,-0.280648170428527,0.3298138931988369,-0.6796006468033349,-0.2538387987724634,0.4914187334556891,-0.6323213201313965,-0.0690113501425592,0.6862597928657006,-0.5663741822448691,-0.2590032515107224,0.4382294909497584,-0.3777333463082552,-0.2201171440461853,0.3112815080183989,-0.4557215752988449,-0.1441272716294246,0.5136442438096928,-0.3879414174289498,-0.0882887334878034,0.6490973631675213,-0.3536298011200956,-0.1939596651564491,0.4577762362000767,-0.2175075627090252,-0.1506284484683278,0.3371089693990328,-0.264857844993223,-0.0890291657924793,THUMBS_UP
0.0,0.0,0.0,-0.2066135556762854,-0.3102253394043298,0.0406860233706649,-0.3026519231421846,-0.7242423484165919,0.0194641216225613,-0.3100570412651711,-1.1427691957611317,-0.0098799155716262,-0.3660223802537143,-1.4125912560773302,-0.0454474424976467,-0.2112790008126379,-0.9958469895149294,-0.1201087648347784,-0.1233564662344351,-1.622947376110483,-0.1677278956139899,-0.0584064897021119,-1.959165880285356,-0.1837504475027455,-0.0098894469657,-2.233463912382059,-0.1952197070314896,-0.0628709427165346,-0.9855178981480008,-0.1574856088405576,0.1113369442140213,-1.3473686917392875,-0.183167301348025,0.1179710637306484,-1.1735594782695256,-0.1401477535389246,0.0659712151587104,-0.9980344514761104,-0.1156136267241843,0.0958697934281515,-0.8843131916578101,-0.1818554897766619,0.2319393907352057,-1.188013805335966,-0.1916902053598117,0.2389248671046504,-1.0515387750526926,-0.1181910109877965,0.1999608130049153,-0.8934003255273236,-0.0767004241830947,0.2408260842799671,-0.7613002191664121,-0.2011997054814313,0.3308093054178042,-1.0595987384761598,-0.1882989116374532,0.3477378910284676,-0.967991302346146,-0.1211511528123623,0.330433807438468,-0.847339745876158,-0.0744238211122434,ROCK_INVERTED
0.0,0.0,0.0,-0.2359093096316503,-0.043357679847205,-0.0694380907189372,-0.4689083613997343,-0.4074761088788049,-0.0960001576150784,-0.3924118140173949,-0.7593140240741446,-0.1346735261710826,-0.1659714897272022,-0.8144140459043472,-0.1548765576351921,-0.4994467102674245,-0.8304282076338658,-0.0135722987181259,-0.6274388509075904,-1.202834096031715,-0.1514814248386332,-0.5250716598141257,-0.862810795298468,-0.2115721900449504,-0.4497409901246906,-0.6968993175405146,-0.2305884021393864,-0.3479719828537373,-0.9367610283726848,-0.0373399902381953,-0.4598213877334941,-1.318523621653397,-0.1741730574872128,-0.3700902652618384,-0.8872151788254495,-0.179795731335885,-0.321960988569369,-0.7386760369075116,-0.1409458154711536,-0.1813787562193186,-0.9856204506910134,-0.0872676296422135,-0.2745457252529609,-1.289344253508694,-0.2134311696851153,-0.2061262726995043,-0.8376219004638079,-0.1635244719578663,-0.1597960645045124,-0.6600932669812897,-0.0867266850585168,-0.0077057304385319,-0.9974411954080296,-0.1471431704709126,-0.0989158575716719,-1.2228395376837669,-0.2059006959753269,-0.082969773936301,-0.9339951541448108,-0.1597409249994513,-0.0437093628928023,-0.792271565121549,-0.1044847026605791,FIST
0.0,0.0,0.0,-0.2245400481508518,-0.2133740684808178,-0.1037384224676848,-0.3766114286168444,-0.6097059874960327,-0.1502343582971696,-0.3185121511342935,-1.0366484716009934,-0.2057115372143951,-0.1513257088286557,-1.2656523548464491,-0.2367909991743965,-0.4480363501947542,-0.9191192617153576,0.0164482413655763,-0.5174297696600063,-1.4144615837201953,-0.141673071310193,-0.441347960412982,-1.0895651046545105,-0.2237029286841949,-0.4047016300452357,-0.8643204874261925,-0.2454962664867465,-0.2825377019814392,-0.9591863283551664,0.011577325061624,-0.3085705099208764,-1.405402838438486,-0.1320791027341063,-0.2719749913791118,-1.0177463105146916,-0.1657417250567998,-0.2815586843152309,-0.8648328130346579,-0.1452016714604591,-0.1204227330078623,-0.9605944955834876,-0.0260800281521313,-0.1197032763890256,-1.260131342493442,-0.1715240987169369,-0.1142217483848702,-0.8545646168377022,-0.1510421692376179,-0.1328628920338838,-0.6918347276770854,-0.0877157060677484,0.0353692382319255,-0.9193759099828958,-0.0742799730540354,0.0066605565522535,-1.1878960208374545,-0.1285257641828945,-0.0016243602203965,-0.8960924425639345,-0.0764796477467934,-0.0058485382631571,-0.7209903592400744,-0.0141883301451553,FIST
0.0,0.0,0.0,0.0705956655047987,-0.3309921897787701,0.1057217974313795,0.0416301352536897,-0.6352644460659135,0.1394525438653265,-0.0140664072487334,-0.8055343558948581,0.1455822774634051,-0.0680244888687908,-0.8549535375001547,0.1417189698235065,-0.0123528170513799,-0.9905335897766846,0.0959549381163046,-0.1101791694791054,-1.2536374011628226,0.1252345526176567,-0.1712769464748098,-1.4068886403834953,0.1364586645016052,-0.2167956133301864,-1.532563037965296,0.1341989931953774,-0.1057578399753123,-0.9935987886558932,0.0397080151266463,-0.2532941349258429,-0.9452431679805808,0.07430210994346,-0.2437512530865898,-0.7940970061490704,0.0903515657174781,-0.1897406038823017,-0.7119251672566876,0.0915860348860319,-0.2017654670372229,-0.8829651639324704,-0.0056978252832648,-0.3160719266941341,-0.81355085596576,0.0375193630506463,-0.2965962585037746,-0.6814683002933812,0.0620039306782167,-0.2441886379971031,-0.629932397296394,0.0603706261609188,-0.2949033561944086,-0.7381085722434564,-0.045707307302592,-0.3754565656867579,-0.6854713500946933,-0.006961592136427,-0.3484566108916052,-0.5553056459453601,0.024995824997388,-0.3067577421084267,-0.4829579537300069,0.0423889548568779,POINT_INVERTED
0.0,0.0,0.0,-0.099834039908347,-0.4854399024514997,-0.1664140582123583,0.0218183754405541,-1.0840072786104176,-0.2208601218179018,0.1606884496949328,-1.4939812030886923,-0.2561544588995231,0.1987070524286471,-1.8510461688884363,-0.262465220383639,0.4256758545799504,-1.0996531637503977,-0.0803464325099869,0.4879270772580228,-0.9874008536756084,-0.2145530652290902,0.2904767253166237,-0.8281350837775602,-0.2772848465090081,0.2344561934762705,-0.8409341722734713,-0.3125424265384277,0.557402351793609,-0.8281580765823583,-0.0587947141022271,0.5231017574482679,-0.6240513076518994,-0.2070172408182347,0.2764457254511375,-0.4924261224843826,-0.2377432174504377,0.2490745876518341,-0.5558277039275118,-0.2330436138916004,0.6150733359033781,-0.5270486160968976,-0.0670558503576047,0.5558445892685354,-0.3253952512909146,-0.2301687723127728,0.3161284324321167,-0.2388808713496114,-0.2016520359775311,0.2844906922924596,-0.3219093265259725,-0.1513152850662369,0.6387146096493344,-0.2257013237868061,-0.0903228567026072,0.5831697414582425,-0.090630451262744,-0.1970384982593102,0.3931985178025864,-0.0449954819396479,-0.1801669551639507,0.3581035939039848,-0.1288588633402413,-0.145455027624179,THUMBS_UP
0.0,0.0,0.0,0.1551911631612976,-0.256205891212285,-0.0846727738049605,0.2193538499002608,-0.6580721662861462,-0.1373886868280667,0.204465233853723,-1.016408151517615,-0.1938810727891466,0.1315815426594362,-1.2828605047841308,-0.2440523099974003,0.0437178495171486,-1.0643486958210395,-0.0520154123742684,-0.0062900145754059,-1.456265148725829,-0.1276019645537468,-0.0444474795504686,-1.7061581268452568,-0.1472767610631491,-0.1072245978153154,-1.913592465738992,-0.1587139460248235,-0.0815522372278139,-0.9945775376533436,-0.0645349068222,0.0237282764559249,-1.235370228601126,-0.1808147363739724,0.1002938410879667,-0.8420542599434095,-0.1687621797768491,0.0489957496212273,-0.7430048491947259,-0.12493211451367,-0.1776679315543638,-0.8829895232535999,-0.0922605163200685,-0.0505553468279702,-1.0283416098029514,-0.2432499771711738,0.0186966394986129,-0.6593047310300229,-0.1901945806163376,-0.0516342833365858,-0.5771866922528326,-0.1142717747670367,-0.2736408223993565,-0.7282502935594457,-0.1253691639444704,-0.1510512152903555,-0.8511216565172623,-0.2315082679484457,-0.0751827023463514,-0.6127841029768911,-0.1903723303580498,-0.1269932001831385,-0.5215545359376701,-0.1342837129143388,POINT
0.0,0.0,0.0,0.2441241310119868,-0.0595276704914101,-0.1073693342392473,0.4499185127085042,-0.3781697503269547,-0.1401391989312073,0.5612391803257567,-0.6921680034496888,-0.1710596332575127,0.6775778042626486,-0.8979287362943724,-0.197679314797582,0.3187106607581377,-0.95592766530544,-0.0515350396093628,0.3950329579713367,-1.4168165591910111,-0.1138170726908146,0.4297500182708654,-1.6908587968795676,-0.1399069986843243,0.4661563649963499,-1.93484177380971,-0.1529908414322842,0.1761667102368341,-0.9833623156208268,-0.0443153068496307,0.2415360210184058,-1.233201333409076,-0.2105205400561287,0.2376575631049311,-0.8695020151694145,-0.2622887639277079,0.2311636198607903,-0.5730550601950853,-0.2428547162777887,0.036271608738269,-0.9559918262517332,-0.0489386421602188,0.0847899737451947,-1.1567768064214503,-0.2093064723723835,0.1016297982891499,-0.7923722880920877,-0.2074130650247904,0.1164649497111488,-0.5502884751722199,-0.1492038752459749,-0.1057437981654604,-0.9078414599167683,-0.0605610010309122,-0.1076033249689137,-1.2222355147881905,-0.1431206155255648,-0.0790613993003896,-1.382909922933104,-0.1425352894705214,-0.0383616872087354,-1.5758698340929205,-0.1167359145400513,ROCK
0.0,0.0,0.0,0.1297005631635413,-0.3607042313423519,0.0308423459362871,0.1425169085609822,-0.746552626697693,0.0051077523997275,0.0514312676309669,-0.9922245271039538,-0.0315564478222194,-0.0588466780508169,-1.1153850204106313,-0.0741855241241603,0.1570704917202001,-1.0029482733577737,-0.1083876145014801,0.1688991303218518,-1.5710006712143,-0.177624039373864,0.1709229907542097,-1.8981241397417257,-0.207956168842509,0.161975290464467,-2.156228235072335,-0.2185177703687458,0.0161381245956059,-0.9880218270784196,-0.153468010188307,-0.0302947480384885,-1.6138966708231033,-0.2070293218051468,-0.0762558346838393,-1.9766278063783855,-0.2212163830537548,-0.122698219132223,-2.247130741871236,-0.2282519233169423,-0.1286006169591397,-0.9067894111584776,-0.1851227257278159,-0.208853950128248,-1.337530526178208,-0.2218582085759415,-0.1838981200381848,-1.1715153779488376,-0.1784678324194577,-0.1561600208564391,-1.0003037353369986,-0.1341555078099708,-0.2568367411947179,-0.7860099152046693,-0.2144584133845495,-0.3040711427129145,-1.0579486273584244,-0.2218483955541998,-0.2734214137651535,-0.9416632734199712,-0.166380741970545,-0.2446295323843565,-0.8246342224282941,-0.1140717716760434,PEACE_INVERTED
